"id","ID_CUENCA","cuenca","n_cells","slope_mean","elev_mean","slope_mean12","slope_sd","slope_p50","slope_p90","frac_gt20","frac_gt25","frac_gt30","elev_mean12","elev_sd"
1,606,"Cauca",117955,29.2780269696509,1615.33436275571,29.2780269983078,10.0013040577418,29.3890456989247,41.658686440678,0.828968674494511,0.680683311432326,0.471705311347548,1615.33436275571,337.920338280593
2,601,"Cauca",101026,27.2763557284063,1485.51427851042,27.2763557626404,10.4312058377078,27.6366171003717,40.5322388059702,0.752707223882961,0.597559044206442,0.408191950586978,1485.51427851042,363.204154353621
3,268,"Cauca",263959,27.0463404943918,1751.01781006803,27.0463405166865,9.76958918687254,27.4514861294584,39.1053174603175,0.76155387768555,0.597115461113279,0.394015737292534,1751.01781006803,382.879529258027
4,257,"Cauca",555632,19.8447861222425,2259.30438257171,19.8447861395644,9.80680816944777,19.544963655244,32.5015384615385,0.480861433466755,0.294653655656982,0.147959440780949,2259.30438257171,240.804165296253
5,255,"Cauca",180121,28.2407381541552,1671.33448092062,28.2407381808964,9.44784259817031,28.3779135338346,39.6313111111111,0.817134037674674,0.650079668667174,0.423798446599786,1671.33448092062,374.727092711029
6,252,"Cauca",239111,21.4710832452235,2295.38870653453,21.4710832633278,11.3248837667914,20.4746855345912,37.1099333333333,0.51737895788985,0.354642822789416,0.222281701803765,2295.38870653453,390.658866106714
7,508,"Cauca",99736,15.4348263236994,563.302647818672,15.4348263405942,8.70183728643959,15.0578199052133,26.8773983739837,0.290516964787038,0.142315713483597,0.0532004491858506,563.302647818672,69.9122567995792
8,117,"Cauca",827702,22.0773780145853,1668.10959287927,22.0773780337293,9.65110124032194,21.7069626317471,34.7211189358372,0.563212363870089,0.373633264145792,0.206179277082815,1668.10959287927,428.713672802401
9,540,"Cauca",96767,17.3152401513868,1855.20691637521,17.3152401660938,8.2678523727656,17.6125589622642,27.7539150943396,0.383271156489299,0.178841960585737,0.0589250467618093,1855.20691637521,112.338573438935
10,103,"Cauca",207531,21.4249685364926,1318.99221270037,21.4249685505399,9.46238595451219,21.1235011312217,33.7523780487805,0.546188280305111,0.348478058699664,0.180464605287885,1318.99221270037,271.440024819596
11,116,"Cauca",166451,24.6757981934825,1430.42005586882,24.6757982133179,10.2436056797839,24.6287914691943,38.0063571428571,0.66361271485302,0.490925257282924,0.308721485602369,1430.42005586882,343.025435354156
12,95,"Cauca",192907,21.1612240561936,1100.31478071939,21.1612240710251,9.69326166286357,21.1271650879567,33.8489817629179,0.542561959908142,0.353413821167713,0.188785269585863,1100.31478071939,189.515423907045
13,526,"Cauca",122903,18.4403303706247,1229.09544396533,18.4403303860647,9.33728002928436,17.8929115853659,30.8340548780488,0.408265054555218,0.234168409233298,0.113821468963329,1229.09544396533,206.69083999948
14,96,"Cauca",153974,17.4190397531283,1059.22646189767,17.4190397651993,8.74822582741952,16.6947580645161,29.1223353293413,0.361281774845104,0.196676062192318,0.0845207632457428,1059.22646189767,148.707369429928
15,529,"Cauca",109631,23.0599875247632,1287.72247238515,23.0599875444147,8.36858372743571,22.5845046082949,34.2206104651163,0.626456020651093,0.394195072561593,0.204412985378223,1287.72247238515,245.001116822537
16,102,"Cauca",433353,16.8721000345219,1218.8524402913,16.8721000462654,9.17379727049167,16.2439106308411,29.12184375,0.34325365233424,0.186612299903312,0.0861399367259486,1218.8524402913,236.298427122084
17,100,"Cauca",725108,19.6272050096848,1211.79643411917,19.6272050240756,10.4330682262619,18.8390269151139,33.3906401766004,0.453879973741843,0.29010988707889,0.16025474825819,1211.79643411917,261.766758938955
18,518,"Cauca",674084,18.7934488927332,818.050288843143,18.7934489032811,10.3818669598053,18.0515564202335,32.6710409556314,0.430017623916307,0.273741848196961,0.147896998000249,818.050288843143,226.936492248407
19,521,"Cauca",482948,18.8764357457186,974.235985926652,18.8764357591262,10.4891829398425,18.2845484826055,32.8519327731092,0.438747028665612,0.278696671277239,0.151941823964485,974.235985926652,221.83015806879
20,72,"Cauca",191920,17.2996487599317,470.321076052921,17.2996487747652,10.161915484952,16.642564491654,31.0666666666667,0.380616923718216,0.232826177573989,0.118533764068362,470.321076052921,120.925178389138
21,82,"Cauca",213284,18.2011361309172,496.207003892223,18.2011361439506,9.93753002007584,18.2735652173913,31.1202083333333,0.433154854560117,0.259044278989516,0.121349937172971,496.207003892223,158.797975442632
22,87,"Cauca",210573,21.2673432166239,831.146088357203,21.2673432351436,10.688919861364,20.3283009708738,34.9364448669202,0.511964971767511,0.340390268457969,0.197328242462234,831.146088357203,235.204626364152
23,291,"Atrato",192984,18.0022979356214,771.839805991882,18.0022979481242,9.95124031012041,17.2431537598204,31.1255194805195,0.395887741988973,0.239636446544791,0.119377772250549,771.839805991882,267.833077533006
24,607,"Atrato",113624,11.0104843014638,237.4638392212,11.0104843072646,8.39617158968893,10.2503787878788,21.5342168674699,0.128846018446807,0.0534306132507217,0.0220375976906287,237.4638392212,78.4716427181093
25,604,"Atrato",99549,11.8733249829623,267.288552181802,11.8733249894597,9.81902171684091,10.4269373673036,24.3008088235294,0.176395543903003,0.0917337190730193,0.0466403479693417,267.288552181802,91.6342037434987
26,280,"Atrato",1017820,18.6492989751939,426.312869047191,18.6492989888627,11.3181911483416,17.4345491388045,34.0589192708333,0.414461299640408,0.274984771374113,0.16289913737203,426.312869047191,274.295908586716
27,271,"Atrato",245323,21.4409127449304,1090.53524403312,21.4409127681039,10.2162489334759,21.1244957537155,34.5203353658537,0.54260301724665,0.354630426009791,0.195179416524337,1090.53524403312,198.931764831736
28,261,"Atrato",128064,25.4394862704878,1453.16413864334,25.4394862838355,9.90547956903607,25.7713822894168,37.6904142011834,0.710449462768616,0.533811219390305,0.333817466266867,1453.16413864334,211.401420787925
29,600,"Atrato",108224,16.8367690217819,756.894685245843,16.836769038441,10.8975974535027,15.0314655172414,33.0824479166667,0.34813904494382,0.24018701951508,0.147240907746895,756.894685245843,187.888382927782
30,435,"Cauca",244447,19.0863344940013,1679.80521301472,19.0863891607869,11.207743492462,18.0297289156627,34.7143981481481,0.433292288307895,0.291011957602261,0.17672133427696,1679.80263826611,297.154330149446
31,432,"Cauca",265006,16.5373311383061,1598.91712575515,16.5373742661081,11.2574746962148,16.219696969697,31.5381428571429,0.374485860697494,0.234232432473227,0.124434918454676,1598.91703110494,190.297540019293
32,436,"Cauca",207816,24.169952502287,1000.29366789486,24.1699525277716,9.88556325162078,24.3210784313726,36.781768707483,0.663678446317897,0.47620010008854,0.282355545290064,1000.29366789486,316.671356298183
33,558,"Cauca",100473,20.1631010027599,1861.29439041785,20.1631010175628,9.40176227302081,20.4670987654321,32.1375649350649,0.51849750679287,0.32726205050113,0.152200093557473,1861.29439041785,408.999072961939
34,557,"Cauca",229811,19.6674263619434,1684.50081913439,19.6674263719344,8.26766006761035,19.8545612009238,30.0082738095238,0.491677944049676,0.264382470812972,0.100060484485077,1684.50081913439,322.492241734044
35,160,"Cauca",234337,18.1397462885506,1512.65007468628,18.1397463062329,8.8743004594013,18.2017337807606,29.5490975609756,0.418166998809407,0.223332209595582,0.0908947370667031,1512.65007468628,318.440088537523
36,144,"Cauca",231352,18.1233476673564,1401.27499261459,18.1233476790508,8.88768199284151,17.8642966751918,29.9724936386768,0.405732390469933,0.228301462706179,0.0990654932743179,1401.27499261459,300.368749909572
37,552,"Cauca",108124,19.9600377703737,1594.36198060575,19.9600377829815,8.85336134364573,19.9136956521739,31.3482464454976,0.495218452887426,0.292839702563723,0.128787318264215,1594.36198060575,290.881679088363
38,555,"Cauca",117586,18.2453843079111,1357.63859707104,18.2453843255523,8.65035350529605,18.2663120567376,29.3409375,0.419063493953362,0.217747010698553,0.0868725868725869,1357.63859707104,228.761289469175
39,152,"Cauca",174585,18.5594946880203,1367.05094044378,18.5594947021585,8.49547454926515,18.6231382978723,29.5165229885057,0.436761462897729,0.231279892316064,0.0898015293410087,1367.05094044378,280.43926047963
40,165,"Cauca",155479,14.9206046656208,2691.93352647114,14.9206046745801,9.91784086506328,13.3298410404624,28.8342444444444,0.264942532432033,0.159397732169618,0.0849117887303108,2691.93352647114,172.179345964089
41,163,"Cauca",294944,16.7909476030556,2848.47064245405,16.7909476102968,9.49722775661396,15.7961538461538,29.6918024691358,0.338342193772377,0.195725290224585,0.0954181132689595,2848.47064245405,229.972109777159
42,534,"Cauca",1436458,20.8088246206512,834.355367230133,20.8088246373486,10.3343779285817,20.8253006012024,34.1579958355023,0.530304401520963,0.34982227116978,0.190719116047946,834.355367230133,341.307914710173
43,148,"Cauca",142762,19.3140998647717,1183.15893273714,19.3140998729136,9.48463903730159,19.2688718662953,31.756218487395,0.467757526512657,0.281195276053852,0.135260083215421,1183.15893273714,194.719325348135
44,215,"Cauca",194496,17.2349665538022,1817.71774216426,17.2349665706899,10.64997873396,17.3021327014218,30.8405395683453,0.408172918723264,0.244030725567621,0.115323708456729,1817.71774216426,237.295120080119
45,575,"Cauca",106075,12.3849756607304,1667.29503877595,12.384975668529,9.75737874128029,9.77558309037901,26.6574561403509,0.235861418807448,0.131039358944143,0.0563657789300024,1667.29503877595,169.330779013823
46,202,"Cauca",131741,16.4805072929126,2423.3477600479,16.4805073053213,10.5464444382422,15.0006746031746,31.124414893617,0.317274045285826,0.199497498880379,0.114201349617811,2423.3477600479,396.072751180815
47,186,"Cauca",137878,15.0845006621724,2291.63409816658,15.0845006708882,7.83923306602492,14.6050769230769,25.0330072463768,0.23993675568256,0.10132145810064,0.0345595381424158,2291.63409816658,87.4893515013097
48,561,"Cauca",114318,14.4192952521102,2245.91721151961,14.4192952575099,6.8364252740973,14.2723404255319,23.2692920353982,0.203248832204902,0.0661400654315156,0.0156493290645393,2245.91721151961,108.691771378431
49,179,"Cauca",501835,14.6201463319972,2512.41700151071,14.6201463412848,8.16172680539867,13.8951252983294,25.0589410939691,0.219855131666783,0.101939880638058,0.0450167883866211,2512.41700151071,136.291747641435
50,174,"Cauca",173766,12.3281368651982,2496.73748587866,12.3281368703678,6.52250029381427,12.2250452079566,20.6812075471698,0.117917198991748,0.0301612513380063,0.0052369278224739,2496.73748587866,66.8783075108474
51,171,"Cauca",228712,19.9204423885894,2084.30177891563,19.9204424017196,9.01740049449055,19.5453776775648,31.5840880503145,0.478903599286439,0.279548077932072,0.131654657385708,2084.30177891563,350.549986703923
52,650,"Cauca",241659,13.3028638290943,2404.79687987051,13.3028638405214,7.2823391499938,13.5341219008264,22.4220935960591,0.176066275205972,0.0533851418734663,0.0109865554355517,2404.79687987051,58.3105194904216
53,589,"Atrato",99180,24.1409711214775,1316.39660723918,24.1409711478844,9.26745348824093,24.3725581395349,35.7828042328042,0.67788868723533,0.476688848558177,0.266091954022989,1316.39660723918,282.23577949247
54,191,"Atrato",294157,12.9044762177558,822.975475380906,12.9044762270609,9.78275550362222,10.870561440678,25.9092603550296,0.172037381398369,0.108986017670836,0.0708465207355256,822.975475380906,105.396327324685
55,166,"Atrato",337946,20.705033533113,1272.6501654055,20.7050335473762,9.67651270213335,20.1680199430199,33.6718518518518,0.503402910524167,0.326318405899167,0.175104898415723,1272.6501654055,388.40609255375
56,162,"Atrato",253431,19.3454282606772,855.362321277085,19.3454282773147,10.5536921395008,18.8698989569752,33.501146179402,0.461123540529769,0.301679747150112,0.163164727282771,855.362321277085,309.686185771502
57,556,"Atrato",126631,12.4909869794108,577.788613401102,12.4909869845407,8.19240468343379,11.3978501228501,23.2641265060241,0.162843221643989,0.0767900435122521,0.0349203591537617,577.788613401102,74.8697411455168
58,231,"Atrato",216996,26.8872951436067,2517.36615315049,26.8872951693545,9.68591613358715,27.1204825462012,38.835387755102,0.772143265313646,0.592877288060609,0.3788595181478,2517.36615315049,243.102141920871
59,225,"Atrato",141236,24.5783278416731,2202.03186652094,24.5783278639133,9.24385740071718,24.665625,35.8848275862069,0.699255147412841,0.489259112407601,0.268911608938231,2202.03186652094,160.563405248637
60,222,"Atrato",192603,22.8569948996642,2180.04253925299,22.8569949134754,10.0970488868523,23.0311332250203,35.6777898550725,0.612757849047003,0.427444016967545,0.242208065294933,2180.04253925299,160.717745199368
61,208,"Atrato",205385,26.0173173175814,2216.37055402965,26.0173173384485,8.92534209343806,26.3253472222222,36.9613453815261,0.764958492587093,0.565737517345473,0.328285902086326,2216.37055402965,184.445539521983
62,194,"Atrato",150108,23.3531163232614,2048.42548185538,23.3531163467613,10.5676268014327,23.3157239819005,36.6946511627907,0.622831561275881,0.437445039571508,0.256968316145708,2048.42548185538,261.716647545599
63,183,"Atrato",767414,25.4294820074857,1777.46135694528,25.4294820301463,12.1036545942386,26.4008214676889,40.0373411371237,0.68509044661682,0.54801450064763,0.375514389886033,1777.46135694528,601.407835188054
64,172,"Atrato",230915,29.7093692264142,1978.86950010163,29.7093692581538,11.222658696871,29.8298387096774,43.6697552447553,0.811848515687591,0.674832730658467,0.492653140766083,1978.86950010163,425.599549167895
65,189,"Atrato",183051,23.5142583421622,1654.91922865879,23.514258364001,9.59995015315089,23.3727140077821,35.3219940476191,0.641526132061557,0.434239638133635,0.235715729496151,1654.91922865879,205.907571522712
66,175,"Atrato",131688,22.796617385905,1423.80219694184,22.7966174065214,9.7476398253807,22.3496632996633,35.6546,0.591853471842537,0.404364862402041,0.23459996355021,1423.80219694184,222.367094409128
67,562,"Atrato",99804,16.9088889414583,1038.00676108376,16.9088889521329,11.6304253318781,14.4867052023121,33.8785897435897,0.346940002404713,0.242465231854435,0.154021882890465,1038.00676108376,208.256630450819
68,565,"Atrato",302723,25.1838761284124,2730.80759753999,25.183876151365,13.1680216063327,24.7244037478705,42.4293137254902,0.630014898108171,0.494085351955418,0.344991956342927,2730.80759753999,562.61902387331
69,90,"Atrato",260678,19.4178264566227,538.850654888697,19.4178264735,10.8275371957044,19.1510447761194,33.8668510638298,0.469763462969641,0.311161663047898,0.175039704156085,538.850654888697,232.225974623063
70,137,"Atrato",220880,19.1598567286725,1556.09034707395,19.1598567429442,9.42351643267662,18.4731563421829,31.5745874587459,0.432773451647954,0.254803513219848,0.128033321260413,1556.09034707395,229.541210041047
71,130,"Atrato",230816,28.3991160165439,1477.36159777777,28.3991160377524,10.912381796158,29.2911363636364,41.404928057554,0.775353528351587,0.645007278524886,0.473676001663663,1477.36159777777,354.722465206608
72,127,"Atrato",231434,25.7448465957045,1308.86113305956,25.7448466233658,10.6707886146331,26.02734375,39.1021590909091,0.699828028725252,0.541381128096995,0.356477440652627,1308.86113305956,325.805762318841
73,537,"Atrato",111743,25.6954742849581,907.922944081753,25.6954743095363,9.92482321077698,26.0418582375479,37.8623897058824,0.728135095710693,0.548383343923109,0.337238126773042,907.922944081753,239.450579984168
74,123,"Atrato",193142,29.0455825992728,1530.10011332664,29.0455826187755,9.62082685355015,29.7558536585366,40.555396039604,0.824667860952046,0.685858073334645,0.489158235909331,1530.10011332664,307.234031534558
75,109,"Atrato",285435,30.6262842636774,2162.20148641171,30.6262843003716,9.55568146345075,31.3317078552515,42.195,0.863376950969573,0.738276665440468,0.552949007654983,2162.20148641171,432.800808895922
76,528,"Atrato",98341,31.7867615246742,2077.73097698136,31.7867615563678,10.3391831987171,32.3969298245614,44.2300735294118,0.86741033749911,0.757354511343183,0.591472529260431,2077.73097698136,408.46544522523
77,547,"Atrato",562712,19.9775669692403,1658.6985874288,19.9775669846868,9.95222688907412,19.6633949191686,32.7868065268065,0.484976328921367,0.300070018055417,0.152605595757688,1658.6985874288,345.891289552079
78,126,"Atrato",143745,28.3819283115381,1531.25992291435,28.3819283393943,9.82325223167545,28.8621503496503,40.3423366834171,0.800640022261644,0.651410483842916,0.449859125534801,1531.25992291435,356.818007909688
79,125,"Atrato",261555,28.5634757447345,1135.89306276043,28.5634757728787,11.6162525907267,29.1356837606838,42.7148305084746,0.763139683814112,0.630544244996272,0.470738468008641,1135.89306276043,334.232141775761
80,124,"Atrato",309409,23.654189994271,880.728647374055,23.6541900144331,10.8844467846158,23.4244760479042,37.4659958506224,0.622700050741898,0.447407800031673,0.27754202366447,880.728647374055,238.448805533494
81,119,"Atrato",132300,29.5882655952075,1691.93409615699,29.5882656221153,10.8535271272367,29.9141711229947,42.946511627907,0.813764172335601,0.677430083144369,0.495925925925926,1691.93409615699,332.297501617689
82,118,"Atrato",132642,24.9487563329054,687.387975582457,24.9487563565042,11.4398145163846,24.8886287625418,39.4721481481482,0.662015048024004,0.49860526831622,0.326027954946397,687.387975582457,199.686565543734
83,114,"Atrato",130873,21.6860334589608,645.63751836812,21.6860334828547,9.09955968300157,21.7487637362637,33.1016382978723,0.573647734826893,0.362343646130218,0.174573823477723,645.63751836812,201.378986219087
84,113,"Atrato",231183,25.732936866198,1609.6954848801,25.7329368908743,10.3719137368306,25.7461509146341,39.0551244813278,0.696595337892492,0.52967562493782,0.34684643767059,1609.6954848801,550.77679638737
85,110,"Atrato",427937,23.9709546513442,1295.97894485717,23.9709546750178,11.2678243799787,24.0608417608566,38.4267807017544,0.625559369720309,0.471464257589318,0.306741412871521,1295.97894485717,395.575484624322
86,101,"Atrato",172868,21.8728570855307,796.879218508794,21.8728571051635,12.7228526815838,20.1848178137652,39.6070786516854,0.502597357521346,0.385733623342666,0.27327787676146,796.879218508794,397.361922471432
87,97,"Atrato",149855,16.8125199413173,557.68508355817,16.8125199576812,12.8421884811438,13.6577222222222,35.771,0.342084014547396,0.246031163458009,0.168202595842648,557.68508355817,330.392768310125
88,535,"Atrato",102088,22.4018842914378,846.316881707279,22.4018843059627,8.81613302513503,22.3094810379242,33.873037037037,0.598444479272784,0.385941540631612,0.196849776663271,846.316881707279,232.528572387035
89,536,"Atrato",103777,28.7527480458775,1437.59594733855,28.7527480692069,11.1196916550834,29.4527138157895,42.5280088495575,0.771346252059705,0.642454493770296,0.47867061102171,1437.59594733855,375.612726792328
90,83,"Atrato",138619,20.3192533867232,531.700832063873,20.3192534060126,11.6940075897947,19.9138101983003,35.9137050359712,0.49708192960561,0.364719122198256,0.228857515924945,531.700832063873,291.505757348258
91,571,"Magdalena",155720,13.9360438332342,2006.77724955863,13.9360438420008,9.93636838478291,13.8839887640449,26.4366477272727,0.265739789365528,0.129636527099923,0.0544053429231955,2006.77724955863,100.380927405126
92,568,"Magdalena",99835,14.6484001284486,2025.62780044838,14.64840013514,8.84800941236224,14.5912974683544,25.9715986394558,0.270225872689938,0.122552211148395,0.0455050833875895,2025.62780044838,66.7730614217331
93,203,"Magdalena",297699,19.1713964013432,1506.99894921424,19.1713964148834,8.20442250877082,18.9875332152347,29.6635658153242,0.450119080010346,0.232939983002966,0.09325526790483,1506.99894921424,243.900382617092
94,641,"Magdalena",311374,18.3879991113139,1726.41357471977,18.3879991233551,8.87997305495983,18.2720672864099,29.9503930131004,0.421685818340645,0.227812855280145,0.0985406617122817,1726.41357471977,168.199929539385
95,248,"Magdalena",221864,23.960200390858,1100.38324507179,23.9602004108283,11.0166208591297,23.8665165165165,38.0156818181818,0.63057548768615,0.464365557278333,0.294572350629214,1100.38324507179,260.631240698735
96,247,"Magdalena",434585,26.5816422956673,1313.236240035,26.5816423201663,11.283053651404,26.2952614379085,41.3314302884615,0.708535729489053,0.547246223408539,0.37345053326737,1313.236240035,353.412890030849
97,239,"Magdalena",338845,21.0375748283568,1094.99416342783,21.0375748449224,9.99885078709054,20.2111316246742,34.3463114754098,0.507040092077499,0.31353273620682,0.17273974826248,1094.99416342783,268.255807252792
98,237,"Magdalena",439617,18.740321546359,1220.25883457921,18.7403215588985,9.31536275561151,18.274837883959,30.7300927734375,0.425454429651265,0.241694474963434,0.112484276085775,1220.25883457921,339.148324919626
99,232,"Magdalena",893688,19.7221235041414,1613.45695160942,19.7221235169914,9.37774198319069,19.6217296511628,31.6104554079696,0.48100679431748,0.282590792312306,0.132014752352051,1613.45695160942,439.623892251517
100,229,"Magdalena",939535,18.3663055555718,1956.1130316641,18.3663055689815,8.71213337968128,18.2013785394933,29.3650988286969,0.413497102289963,0.216366606885321,0.088046746528868,1956.1130316641,340.95716270116
101,227,"Magdalena",164425,15.3956019030139,1117.48054641248,15.3956019140777,8.00419541064576,15.6206658291457,25.4470439189189,0.281824540063859,0.112829557549035,0.0322943591303026,1117.48054641248,210.955285828924
102,226,"Magdalena",193805,18.7692395752834,1330.96308203078,18.7692395910868,9.5449313415465,17.8964618520676,31.6315217391304,0.406635535718893,0.229648357885503,0.122411702484456,1330.96308203078,264.167340473534
103,223,"Magdalena",249069,22.3920484947771,1099.59093634201,22.3920485141605,10.2763736974171,22.8216240875912,35.3622138228942,0.604591498741313,0.418795594795017,0.234706045312745,1099.59093634201,208.895176938623
104,221,"Magdalena",160329,16.9079718223832,912.180189993721,16.9079718328267,10.4420691969594,16.5388257575758,30.9464814814815,0.366614898115749,0.217396727978095,0.113516581529231,912.180189993721,180.832242725545
105,220,"Magdalena",204202,15.1135346941007,2128.76467792957,15.1135347013036,8.40436844214029,14.6182134570766,25.7484012539185,0.260193337969266,0.116663891636713,0.0441131820452297,2128.76467792957,178.465316845973
106,218,"Magdalena",252382,14.8966274619016,1037.98490399925,14.8966274722682,9.02876338920006,14.5589837997054,26.84390625,0.273933957255272,0.136657923306733,0.0557290139550364,1037.98490399925,105.023222020537
107,214,"Magdalena",331129,20.0442377871347,1417.2924818768,20.0442378053253,9.07622665115227,19.9495774171738,31.5893196544276,0.498373745579517,0.287815322729208,0.132226413270961,1417.2924818768,264.897497117658
108,213,"Magdalena",455563,20.8316451891544,1657.4030856138,20.8316452080764,9.70837135465922,20.5402582159624,33.1453607594937,0.523042916127956,0.326573931596728,0.16566753665245,1657.4030856138,326.126315090211
109,212,"Magdalena",198319,17.17876695495,1157.08798448518,17.1787669691018,8.41690248714425,17.2838571428571,27.7878928571429,0.36866866008804,0.174567237632299,0.0634029013861506,1157.08798448518,160.921159691527
110,211,"Magdalena",174861,19.0332723354137,678.199508610272,19.0332723464787,10.6517748139199,18.879435483871,32.9711313868613,0.459919593276946,0.294656898908276,0.157347836281389,678.199508610272,149.357957914201
111,210,"Magdalena",184028,6.71067163996501,1933.24099704249,6.71067164168205,8.58401789427107,2.26049129989765,20.1740909090909,0.101500858565001,0.0455419827417567,0.0146010389723303,1933.24099704249,68.7494848736889
112,574,"Magdalena",329167,14.7666057700242,914.375985233995,14.7666057811757,9.18877809580747,14.3405269320843,26.9695642201835,0.2756959233459,0.13939732719258,0.0577457643080868,914.375985233995,131.650100980675
113,578,"Magdalena",96406,12.3379603384734,843.551026301031,12.3379603477609,8.49468048517283,11.8239130434783,23.3607339449541,0.175642594859241,0.0754309897724208,0.0288156338817086,843.551026301031,63.4821162420297
114,581,"Magdalena",223352,13.7268144044959,2168.01308694236,13.7268144109217,7.21180687757093,13.3432803468208,23.0366005665722,0.182192234678893,0.0665675704717218,0.0195700060890433,2168.01308694236,91.9593356029406
115,582,"Magdalena",249938,14.6656861667526,2047.11251002846,14.6656861749241,9.63559068473275,15.0085727109515,27.0538414634146,0.301558786579072,0.146052220950796,0.0551016652129728,2047.11251002846,143.967930888138
116,583,"Magdalena",872190,18.2732243387752,1334.86051156371,18.2732243533124,10.0753565966013,17.4428285523682,31.8802916666667,0.402635893555303,0.245801946823513,0.130039326293583,1334.86051156371,295.691260251408
117,585,"Magdalena",626949,12.0625624152745,2198.16010916207,12.0625624207538,7.16729045808137,11.8996903482122,21.2488125,0.128978593155105,0.042261810769297,0.0121477185544598,2198.16010916207,74.1657085991425
118,593,"Magdalena",126573,26.9492299004274,1002.45027768028,26.9492299325905,10.9999741542027,27.5350892857143,40.6738725490196,0.738672544697526,0.589786131323426,0.409787237404502,1002.45027768028,224.227808536736
119,594,"Magdalena",97671,25.998708519413,933.278826695391,25.9987085367504,11.0236900657834,25.9627510040161,40.0013571428571,0.707948111517236,0.539249111814152,0.356277707815012,933.278826695391,210.654480543744
120,643,"Magdalena",101091,17.1614453262885,959.670692122117,17.1614453374236,9.77040000652094,16.8418445121951,30.3538034188034,0.37875775291569,0.220346024868683,0.105746307782097,959.670692122117,73.2206206737224
121,644,"Magdalena",103040,17.9326917913409,829.71956644769,17.9326918112021,9.97328996358687,17.8878661087866,30.8194078947368,0.416983695652174,0.244963121118012,0.114101319875776,829.71956644769,98.9428931005125
122,566,"Magdalena",274264,14.7369368110424,1413.90304706744,14.7369368196839,8.4420252060422,15.1948753462604,25.2040148698885,0.271417320537876,0.107465799375784,0.0305581483534113,1413.90304706744,139.828106492014
123,184,"Magdalena",207981,16.4491597138505,1540.45961134784,16.4491597258183,9.05478202825573,16.5552040816327,28.0910054347826,0.348166419047894,0.176944047773595,0.0679581307907934,1540.45961134784,216.222542338365
124,201,"Magdalena",138713,16.1976663922314,1246.57927535691,16.1976663988453,7.43741777596818,16.4522727272727,25.4196712802768,0.305421986403581,0.113104034949861,0.028685126844636,1246.57927535691,156.120293844666
125,187,"Magdalena",409518,16.2615857707561,1352.41713622891,16.2615857827383,9.15780988946568,16.1681592039801,28.2882904689864,0.336881406922284,0.174702943460361,0.0716915984156985,1352.41713622891,198.772900614565
126,199,"Magdalena",205026,15.7965645007796,1169.81528367717,15.7965645094839,7.92153503603195,15.9855893536122,25.7017312661499,0.303537112366236,0.119472652248983,0.0312789597416913,1169.81528367717,124.700795726949
127,563,"Magdalena",447155,17.6604911162758,1282.58873133376,17.660491127641,8.63260672120673,17.6805387409201,28.8668511066398,0.39155997361094,0.202589706030347,0.0782144893828762,1282.58873133376,168.086194236535
128,570,"Magdalena",372098,15.8981607083219,1062.01457185183,15.8981607192457,7.37917412772597,15.7916037735849,25.4250534351145,0.285075437116029,0.112567119414778,0.0301103472741052,1062.01457185183,160.682375016186
129,197,"Magdalena",928741,15.6923966382689,960.403783710618,15.6923966492747,8.75593677579699,15.7541642816256,27.045717196414,0.311397903182911,0.148422434241624,0.0527316011676022,960.403783710618,144.285311908414
130,190,"Magdalena",188929,15.1226469706253,961.143481378052,15.1226469798263,8.97645828605396,15.0048966535433,26.9992016806723,0.286742638769061,0.141973969057159,0.0555076245573734,961.143481378052,115.692106666127
131,204,"Magdalena",412372,16.5734007056668,690.41210201787,16.5734007208226,9.20607940977844,16.6341820496499,28.4350423728814,0.359861969289864,0.187425431406594,0.0726213224952228,690.41210201787,76.697325378997
132,132,"Magdalena",187335,13.9030672307869,633.349635241675,13.9030672424811,8.87127941525137,13.8730448154657,25.651864640884,0.255275308938533,0.114319267622174,0.0360583980569568,633.349635241675,78.7727364790692
133,135,"Magdalena",186616,12.9465770758031,691.654624535533,12.9465770841409,8.38428080921766,12.8653846153846,23.87,0.204500150040725,0.0811345222274617,0.0246441891370515,691.654624535533,98.1627841588631
134,156,"Magdalena",156586,14.6954390818373,1257.91866230545,14.69543909388,8.60671109071593,14.5543930635838,25.9015533980583,0.259755022798973,0.120579106688976,0.043471319275031,1257.91866230545,108.226344830658
135,161,"Magdalena",240620,16.5376812730471,1139.71189269233,16.5376812854332,9.55502047990044,16.5777186761229,28.9451417004049,0.358137311944144,0.191131244285596,0.0815933837586236,1139.71189269233,109.109306726296
136,142,"Magdalena",187081,11.8817949480842,1223.14052746759,11.8817949500681,6.83004262993633,11.8783450704225,20.7795195729537,0.11833376986439,0.0301206429300677,0.00488023904084327,1223.14052746759,77.9346932098836
137,159,"Magdalena",558702,14.8316303704697,1090.36719098348,14.8316303806113,8.58765192656568,14.8838856669428,25.984124726477,0.274477270530623,0.1240786680556,0.0403846773414092,1090.36719098348,98.5702816430539
138,145,"Magdalena",138852,15.2936989299323,897.181465893777,15.2936989402972,8.3582664772211,15.5390029325513,25.998305785124,0.289934606631521,0.126465589260508,0.0382133494656181,897.181465893777,82.6378841285431
139,169,"Magdalena",807659,16.8548058710568,714.052769622193,16.8548058829392,9.37650643455967,16.9971125186289,28.8869310722101,0.375214044541075,0.198905726302808,0.0790531647638422,714.052769622193,211.503335381681
140,178,"Magdalena",241133,16.2315447617731,720.03135817716,16.2315447752715,9.64016112524608,16.5704716981132,28.4091767068273,0.353058270746849,0.181891321386952,0.0739550372615942,720.03135817716,143.606229439702
141,173,"Magdalena",207822,19.0071184760473,594.074282096493,19.0071184915289,10.0725300386493,19.2826065891473,31.4979026217229,0.467481787298746,0.274985323979174,0.129091241543244,594.074282096493,141.921677469601
142,640,"Magdalena",122078,16.1093133000685,1346.88214794485,16.1093133084764,8.08992163740797,15.9805012224939,26.6484037558685,0.314135225020069,0.142638313209587,0.0456019921689412,1346.88214794485,115.251588503066
143,338,"Cauca",368965,17.7812573275377,1508.5678542529,17.7812573426736,9.69352981769811,17.4322693574959,30.6929435483871,0.406558887699375,0.242448470722155,0.111932026072934,1508.5678542529,404.815960153387
144,635,"Cauca",123882,17.2202737932503,1267.69893377836,17.2202738094269,10.3687388816809,16.3642857142857,31.3806140350877,0.384543355774043,0.240955102436189,0.123811368883292,1267.69893377836,221.784860238123
145,266,"Cauca",465841,27.0469571363534,1521.94570028938,27.0469571672943,10.0022070675721,27.24625524965,39.3610296096904,0.774098887817946,0.600524642528245,0.383100671688409,1521.94570028938,333.622477680247
146,94,"Cauca",625961,13.1766886859525,438.283367644715,13.1766886946286,9.42164919406737,12.8462565838977,25.7161363636364,0.233891568324544,0.114051833900195,0.0455507611496563,438.283367644715,85.231467832793
147,75,"Cauca",136661,12.4396543610087,234.09028907795,12.4396543718587,8.28320482875102,12.465303030303,23.3312040816327,0.185275974857494,0.0707224445891659,0.0191276223648298,234.09028907795,52.8843165921932
148,77,"Cauca",209884,11.7987141653288,232.984748469775,11.7987141713396,7.94248118596918,11.4249152542373,22.2842675159236,0.151731432600865,0.0567837472127461,0.0173572068380629,232.984748469775,75.2405555416151
149,515,"Cauca",108406,16.3423624003133,318.903162492289,16.3423624136552,8.43725499194139,16.3641791044776,27.19,0.337508993967124,0.159483792410014,0.0523587255317971,318.903162492289,104.413846428073
150,92,"Cauca",426168,14.2962407027234,336.137679140872,14.2962407110626,8.8623448948757,14.1893249176729,25.8215584415584,0.26069061966173,0.12019438343564,0.0424292767171632,336.137679140872,104.878804752303
151,98,"Cauca",362593,16.0943599363054,441.051321479803,16.0943599436891,9.29908233465411,16.2694878910192,28.0116191709845,0.344171012678127,0.173707159266726,0.0675881773779417,441.051321479803,120.950371482394
152,99,"Cauca",136697,17.7451513462993,452.28555564903,17.7451513613964,9.38314102505333,18.014598880597,29.6110355029586,0.414698201130969,0.224818393966217,0.0918162066468174,452.28555564903,99.5576594548836
153,527,"Cauca",172381,16.7007187512132,434.57143873364,16.7007187654529,10.2294748128979,16.734068627451,30.1533974358974,0.386434699879917,0.226185020390878,0.102244446893799,434.57143873364,121.474631372627
154,639,"Cauca",512843,15.0885397804273,412.03564430453,15.0885397908673,9.65036502398711,14.7582239925023,27.9580769230769,0.303734281251767,0.161410022170528,0.0689860249628054,412.03564430453,179.686349541439
155,477,"Cauca",96679,18.7100598336379,502.101863212839,18.7100598501401,9.52850530871727,18.7525887573964,31.0468897637795,0.448153166664943,0.269986243134497,0.12275675172478,502.101863212839,140.437283007954
156,234,"Magdalena",166075,15.1677527387006,381.226666865615,15.1677527453474,9.70103582218239,14.5984586466165,28.2867248062016,0.308691856089116,0.168839379798284,0.0732560590094837,381.226666865615,89.3969881900164
157,630,"Magdalena",127658,36.9261843323151,2672.44602667128,36.9261843728591,14.1846840172449,38.0668539325843,54.4694535519126,0.870709238747278,0.802104059283398,0.706254210468596,2672.44602667128,387.755741807577
158,647,"Magdalena",112164,33.3007996352912,2955.16456804853,33.3007996696001,13.7795754873903,33.4251851851852,51.2445348837209,0.820833779109162,0.716174530152277,0.590216112121536,2955.16456804853,314.743822696229
159,13,"Cauca",237372,4.95430163604018,69.609734410767,4.95430163666454,4.30676997307522,4.35566139468009,11.1047687564234,0.00245184773267277,0.000374938914446523,2.94895775407377e-05,69.609734410767,12.0096992592178
160,478,"Cauca",110843,7.14359153337191,96.8881535228827,7.14359153549034,5.35350688279309,6.8346844059406,14.3490792079208,0.0133071100565665,0.00127206950371246,9.02176952987559e-05,96.8881535228827,12.4798115163815
161,482,"Cauca",108765,7.06985538167197,102.706597387836,7.06985538616764,5.59203089198253,6.48023996082272,15.005959752322,0.0195651174550637,0.00313519974256424,0.000422930170551188,102.706597387836,17.4952088917996
162,307,"Magdalena",802158,25.2474008091297,1793.4032310037,25.2474008288691,11.4962645676797,25.383925729443,39.8658088930937,0.67530212252449,0.515701395485677,0.343947202421468,1793.4032310037,352.025054313036
163,305,"Magdalena",226380,23.8853948116931,1155.3842531447,23.8853948320595,12.5545018233656,23.8010438413361,40.0638257575758,0.605875077303649,0.467784256559767,0.321287216185175,1155.3842531447,325.411393948579
164,299,"Magdalena",233329,23.8980240899351,902.496444679848,23.8980241053945,10.3140111667052,23.9201741293532,36.9404243542435,0.650240647326307,0.461734289351088,0.271286466748668,902.496444679848,207.284298902474
165,296,"Magdalena",653902,26.4186462345523,1233.38458569309,26.4186462600238,11.3903998060582,26.6352972683449,40.5341781681305,0.719337148380032,0.5619481206664,0.378412973197819,1233.38458569309,372.933447257593
166,290,"Magdalena",638286,26.343233368543,1311.46171993736,26.3432037586789,11.1199434980518,26.4172678690715,40.4433771106942,0.71071901937376,0.551854497826993,0.375236179392937,1311.46221585656,336.239391475866
167,288,"Magdalena",253691,24.2826425665646,802.153254173859,24.2826425812996,10.2938885442559,24.7824570815451,36.8944328703704,0.670063187105573,0.494727838196862,0.296466961776334,802.153254173859,189.11740993784
168,279,"Magdalena",266598,10.5198642613828,443.933659311487,10.5198642671072,7.82242553270886,9.38338968723584,21.132775,0.1179903825235,0.0533349837583178,0.0210241637221585,443.933659311487,120.988504328372
169,274,"Magdalena",148877,22.9908611178315,877.981722103779,22.9908611333347,11.1741220316263,22.7407670454545,37.2186824324324,0.596747650745246,0.423752493669271,0.259489377136831,877.981722103779,269.180266195359
170,442,"Magdalena",1478492,20.4947194445454,802.845711562438,20.4947404282729,11.3317292914157,20.3538734667527,35.1570303030303,0.511528638639911,0.351481103719195,0.204905403613953,802.845252102003,291.12003419697
171,602,"Magdalena",101235,21.7532282406854,713.507102449543,21.7532282610146,10.4178456737965,21.815380952381,34.8726635514019,0.563925519830098,0.386358472860177,0.216743221217958,713.507102449543,161.339590790531
172,605,"Magdalena",124361,21.0663095645022,800.816877434084,21.0663095799128,12.5675100073614,22.1603790613718,36.3867105263158,0.55751401162744,0.417695258159712,0.25832857567887,800.816877434084,162.257011133421
173,615,"Magdalena",106429,29.1653970198084,1463.19499972787,29.1653970591014,10.6385309627266,29.6702720207254,42.2622297297297,0.811019552941398,0.675633520938842,0.486249048661549,1463.19499972787,430.186045779484
174,617,"Magdalena",99182,24.8353036936655,781.80135157351,24.8353037156214,11.3026944619519,25.0613149847095,38.6569158878505,0.669204089451715,0.50426488677381,0.320279889496078,781.80135157351,150.902397702982
175,620,"Magdalena",445644,25.7661004251499,2324.60974757654,25.7661004459331,10.6707168711613,25.4228799328296,39.4964842105263,0.692200500848211,0.518819954941613,0.335965479171716,2324.60974757654,420.583247847647
176,1,"Cauca",214201,4.33492706728524,58.2128778425188,4.33418117263205,3.99060576159067,3.72151639344262,9.69514319809069,0.00174602359466109,0.000140055368555702,0,58.2000085148418,9.01086562258938
177,4,"Cauca",146429,4.46668357472641,58.684426680262,4.46610013830323,4.0441894464121,4.02580711354309,9.78876528117359,0.00254048036932575,0.00015024346270206,0,58.6783480617816,7.12191950854353
178,15,"Cauca",543668,20.6032793121836,506.547930371984,20.6333595266155,10.5858744458283,20.8170754716981,34.1723153409091,0.529742416327612,0.349314287395984,0.189119094741644,505.890795316071,144.412862508493
179,19,"Cauca",704964,16.8265170916279,382.219839139724,16.8484017016608,9.31594340966542,16.8453256535224,29.0148229166667,0.371143774717574,0.199180383679167,0.0813218831032507,382.24344766182,184.540003941672
180,20,"Cauca",240807,7.302645721858,112.539903744302,7.30262884117756,5.65999885890097,6.8531146179402,15.0591896551724,0.0218556769529125,0.00324741390408086,0.000240856785724667,112.540104984699,15.9763866763721
181,21,"Cauca",151169,6.32264776660235,80.1438948856235,6.32264776988552,4.97550347513886,5.80951086956522,13.1265950920245,0.00764045538437113,0.000866579788184085,0.00013891737062493,80.1438948856235,12.3678972080388
182,25,"Cauca",147579,17.0025045028722,569.660727428766,17.0025045219335,10.1640239623195,16.1921296296296,30.7132317073171,0.355897519294751,0.209311622927381,0.109202528815075,569.660727428766,169.00821416573
183,26,"Cauca",139118,13.9041164226307,962.057222712836,13.9078219343031,7.80326763985696,13.6875173370319,24.2050655021834,0.227209994393249,0.0843744159634267,0.0215284866084906,961.289919221372,224.763137466573
184,28,"Cauca",331878,6.6667221156799,92.3155356810333,6.66672211731688,5.3754162130183,6.28230633802817,14.0305808080808,0.014683106442729,0.00207907725127908,0.000228999813184363,92.3155356810333,17.7545089453006
185,29,"Cauca",137351,16.2500865353196,321.867333446964,16.2500538668026,10.5038238602379,16.3601715686275,29.5640104166667,0.364671534972443,0.204869276525107,0.0925803234049989,321.86754651664,191.304673351574
186,30,"Cauca",142302,11.423565840895,173.24138959206,11.4235658478672,8.45575243287906,10.5366803278689,23.3183898305085,0.174537251760341,0.0717488158985819,0.019015895770966,173.24138959206,72.1543550590814
187,35,"Cauca",157377,17.3629261586245,1187.11475831594,17.3813056498075,7.90312916324512,17.6290185471406,27.4574734982332,0.383690119903162,0.175425888153923,0.0497912655597705,1185.51861220506,312.688524371913
188,36,"Cauca",1031540,16.8812673014319,651.156239382901,16.8879771931431,9.94623047951558,16.6002097535396,29.5382014388489,0.364081858192605,0.202129825309731,0.0925606374934564,650.925718069347,140.795897465098
189,37,"Cauca",203626,7.16704102537183,113.685079153092,7.16704103039142,5.55259201750197,6.83734858681023,14.7032881355932,0.0165843261665996,0.00202331725811046,0.000112952177030438,113.685079153092,17.486032710444
190,41,"Cauca",405599,7.29571191186735,139.48282507313,7.29571191527946,6.51352437044067,6.11114643895349,16.4690086206897,0.0485454845795971,0.0149457962174463,0.00392259349751849,139.48282507313,60.0261580554988
191,43,"Cauca",179764,15.7963931213847,1043.02170139573,15.7981392803018,9.60898220986804,15.3603395061728,28.6695588235294,0.338109966400392,0.187868538750807,0.0770899623951403,1040.57564744813,334.255710374993
192,47,"Cauca",218896,15.2417566118918,904.000727861793,15.2449535554868,8.59924560515399,15.1940239043825,26.5554907161804,0.301453658358307,0.139819823112346,0.0428102843359404,903.532419189237,246.601786101032
193,48,"Cauca",930682,9.98584688694767,229.155851346351,9.98584689148378,8.16082051640081,8.629125,21.4595201037614,0.124519438433321,0.0539926634446567,0.0195437324456689,229.155851346351,134.982903780406
194,49,"Cauca",482574,10.7591403690427,687.557844417213,10.7591403773099,7.7867159175999,10.1253296220334,21.4924543610548,0.129797709781298,0.0469565289468558,0.012018882078189,687.557844417213,53.3498713738802
195,55,"Cauca",328692,10.8767445122759,677.649980164841,10.8737082295777,7.59506708464729,10.6981781376518,21.0049761904762,0.122814063013399,0.0383276745402991,0.0078006157740377,677.536789841774,49.1458882698165
196,56,"Cauca",239500,11.6915175214534,797.653922302063,11.6912694613464,8.10504329161649,10.8614499066584,22.9125,0.159369519832985,0.068517745302714,0.0220542797494781,797.415372144727,172.382365004143
197,64,"Cauca",992296,15.3970921729897,560.675813165878,15.3970921826988,10.1507604241397,15.0301046537519,29.0021989528796,0.318618637987052,0.181020582568105,0.083920523714698,560.675813165878,152.067473707619
198,69,"Cauca",274696,11.3811321118493,671.911692067071,11.38106315028,7.5464708576858,10.8747394404827,21.6441373239437,0.13702784168681,0.0466552115793459,0.0105826076826747,671.784739139845,62.3581524669123
199,76,"Cauca",451895,11.3434268970111,654.325579799096,11.3439143595613,7.86707159392782,11.1160392651297,21.7728260869565,0.138191394018522,0.0512287146350369,0.0151915821153144,654.223973666825,54.8771821189827
200,78,"Atrato",498285,25.0311549130894,690.204673700073,25.0566985176138,12.3054685317399,25.8488741339492,40.372790507365,0.664537363155624,0.530082181883862,0.370839981135294,689.239474798828,364.7192174086
201,81,"Cauca",557950,19.3445189290663,805.811622303076,19.344518941689,10.1981831705556,19.1692876344086,32.7235294117647,0.467471995698539,0.294754010215969,0.154253965409087,805.811622303076,178.659331114046
202,85,"Cauca",479771,11.1993846572132,629.346162994369,11.2022708709243,8.16744412605871,10.7773581899299,22.2699848484848,0.150050753380259,0.0571084955114002,0.0162077324390178,629.248263894175,67.8290503348749
203,86,"Cauca",358644,16.761280712179,469.535245821937,16.7633325637899,10.0976141925242,16.5632998171846,30.2005168539326,0.372190807597506,0.217954294509318,0.103328091366369,469.374725208373,184.765144070847
204,89,"Cauca",142666,16.3470522575377,456.659313729993,16.3470522738085,9.83883030909695,16.6955298013245,28.932064516129,0.366359188594339,0.196241571222295,0.0801171968093309,456.659313729993,118.447454761406
205,93,"Cauca",245200,17.6525808229762,554.629870367627,17.6523446918207,10.1559448750246,17.7207848837209,30.7329379562044,0.4096044045677,0.238409461663948,0.11252854812398,554.598394048296,163.80168658816
206,104,"Atrato",258178,29.5317849626761,2379.63172079345,29.5317849919865,10.8970269538702,30.1913742690058,42.7089925373134,0.805258387624042,0.679155466383658,0.506507138485851,2379.63172079345,455.673446740379
207,105,"Cauca",705129,17.725699953612,476.601803559853,17.7283529792102,10.4386601845291,17.6714125560538,31.3266991643454,0.411397063516037,0.247188812259884,0.122593170894971,476.457026594086,158.222553069443
208,106,"Atrato",690962,30.5234283390605,2368.32085311519,30.5234283700549,10.1722959884687,31.2730617088608,42.7289382716049,0.84731721860247,0.726190441731962,0.54787817564497,2368.32085311519,541.247587937899
209,107,"Cauca",555318,13.7563069318073,581.164748932636,13.7571372502002,9.10554364470878,13.5035532379335,25.735626450116,0.246860357488862,0.11568866847464,0.0437587112249198,581.089672221134,92.8550273839553
210,108,"Atrato",627942,19.6271306758175,569.652656306105,19.642043996115,8.71082386558149,19.5117411225659,30.7230870083433,0.474524717250956,0.264309442591832,0.113741396498403,569.233481984073,185.042605594109
211,111,"Atrato",307368,30.185157239426,1937.02918688134,30.1851572793063,11.4037550492324,30.8579326923077,44.1651891891892,0.802399729314698,0.68144699513287,0.527771270919549,1937.02918688134,610.642914160203
212,112,"Atrato",486137,29.3972454666941,1822.70455699826,29.3972454991381,11.1343702128263,29.8131769641495,43.1050616016427,0.798546500266386,0.665316567140539,0.492350921653772,1822.70455699826,590.923952334776
213,115,"Cauca",527261,18.9895403144483,591.870076292622,18.9925006516015,10.4416916794016,18.8801282051282,32.4079377880184,0.456843953943114,0.281748507854744,0.14410510164795,591.782372301226,175.376184168868
214,120,"Atrato",1249094,29.5327286520955,1995.01317073467,29.5327286793616,10.2644424624162,30.2231264486222,41.9384119677791,0.821055901317275,0.690505278225658,0.508916862942261,1995.01317073467,516.411681011336
215,121,"Cauca",691112,17.9284482334535,1537.43017130124,17.9284482468935,9.95671402287267,17.2246076399171,31.329031945789,0.393353031057195,0.238763036960724,0.121774762990659,1537.43017130124,214.634655242119
216,122,"Atrato",498219,20.6614985211536,738.692889325386,20.6887031971002,9.0745045986697,20.4653162055336,32.3480707610147,0.520626471491453,0.310849245010728,0.149237584275188,738.176209820023,197.309381555231
217,128,"Atrato",143679,21.625471194775,856.685374326649,21.6577532818197,9.20471112797702,21.5256445672192,33.3283757961783,0.56526701884061,0.349076761391713,0.175662414131501,856.068216443713,140.516539208144
218,129,"Magdalena",1092911,14.5791185292129,756.128665850053,14.5868987504489,8.88483091959026,14.7037076776347,26.0459841029523,0.276503759226506,0.125857457743586,0.0421424983370101,756.069089716987,133.738211445959
219,131,"Cauca",1447287,18.9835814739598,1048.85101001157,18.9835814890856,9.77372115823104,18.8947530549898,31.5851816396662,0.457364019714127,0.274546789959421,0.131664279441465,1048.85101001157,349.936866617302
220,133,"Atrato",148904,15.9780287583857,897.51581236467,15.9779303622726,9.53002534061253,15.8304964539007,28.2676377952756,0.334913769945737,0.174730027400204,0.072234459786171,897.514069737288,118.307159643173
221,134,"Cauca",2133446,16.4217319123183,896.536602119169,16.421808120542,9.78302819526755,15.963780153751,29.4736540502299,0.342311921651638,0.193324790034526,0.0913779866000827,896.555502907578,330.775253649424
222,136,"Magdalena",1017312,15.2028011510793,886.205153279132,15.2028011603075,8.87906815696306,15.2524236548715,26.5952093529092,0.294573346230065,0.137387546789972,0.0491697728916989,886.205153279132,219.525204232292
223,138,"Atrato",322315,23.7100668553878,1537.99468490259,23.7100668750009,10.4852691060284,23.7023648648649,37.1575454545455,0.630519833082543,0.454220250376185,0.274510959775375,1537.99468490259,420.250770810852
224,139,"Magdalena",729231,12.6963898613319,1235.87407925635,12.6963898698596,7.50366613115515,12.494601521164,22.5521085335543,0.165290559507207,0.059123926437576,0.0142807971685241,1235.87407925635,126.394043973018
225,140,"Atrato",148004,13.6020086091117,893.628948006404,13.602008620016,7.73170516644968,13.4561274509804,23.6839189189189,0.196035242290749,0.0770181886976028,0.0232426150644577,893.628948006404,79.7921175143496
226,141,"Atrato",515155,19.0564611747729,929.600493899179,19.0564611869972,9.29553400921787,19.0432921635434,31.0024422735346,0.45970824315012,0.264743620851977,0.119826071764809,929.600493899179,135.594868060338
227,143,"Magdalena",534287,14.8920640711557,1474.57585978687,14.8920640814697,7.95099952071976,14.4947359512525,25.1850277520814,0.244359305017715,0.105645467698072,0.0366600722083824,1474.57585978687,133.372017613236
228,146,"Atrato",624562,14.1655675624239,947.864402374649,14.16556757143,10.3627450519409,13.1352631578947,28.621149825784,0.290379497952165,0.169253012511168,0.0802610469416967,947.864402374649,203.537640035038
229,147,"Atrato",171059,11.6806176784477,925.865824193958,11.6968531370427,7.39380729648562,11.3284482758621,21.7032655826558,0.138899444051468,0.0454170783180072,0.0105168392192168,925.34995089699,155.007748690687
230,149,"Cauca",173842,12.5778010202223,2712.59264537609,12.5778010230892,7.13782379345769,12.3509803921569,21.8422159090909,0.149371268163045,0.0483542527122329,0.0121547152011597,2712.59264537609,52.8576446461713
231,151,"Atrato",409858,20.4814885100986,1535.99730939037,20.4814885267541,10.9774193875765,20.1328214971209,35.0722083333333,0.50177866480586,0.344702311532287,0.202838544081121,1535.99730939037,488.592274026999
232,153,"Atrato",249753,12.2717182109622,911.434093351224,12.2712819091671,7.84994676422643,11.7686717663421,23.031496969697,0.175545438893627,0.065256473395715,0.0152951115702314,911.058096677349,134.800557008266
233,154,"Cauca",167931,12.929209422709,2648.8406698092,12.9292094275345,7.17437238398388,12.8579166666667,22.1842114695341,0.160339663314099,0.0512829674092336,0.0127492839320912,2648.8406698092,38.1007856979399
234,155,"Atrato",206240,17.2744870153642,799.711671736594,17.274487024904,8.92905991971375,16.8030386740332,28.941091954023,0.356962761830877,0.187766679596586,0.0822100465477114,799.711671736594,135.924392889036
235,157,"Cauca",171650,13.1313522087035,2610.62668739788,13.1313522151799,7.24513106231469,13.0939962476548,22.4028150134048,0.16842411884649,0.0560617535683076,0.0136964753859598,2610.62668739788,48.068388832565
236,158,"Cauca",741321,13.7311380889767,2783.11369413688,13.7311251353266,8.52173266066139,13.1098540643753,24.8984802631579,0.216584988149533,0.0995048029126384,0.0392002924509086,2783.11429831011,198.950000691945
237,164,"Cauca",348552,18.362789273594,1304.4142084983,18.3627892881827,9.32336629718825,18.3443349753695,30.4680769230769,0.433889347930868,0.24543540131745,0.107892079230646,1304.4142084983,203.63827873421
238,167,"Atrato",1334806,27.3078185956785,1869.80261235576,27.3078186235113,11.6161811665232,27.915275974026,41.4452760736196,0.74831173968352,0.604387454056994,0.422656176253328,1869.80261235576,619.917292664472
239,168,"Magdalena",1995346,14.7545612909371,1379.91456352248,14.754561300163,8.38708394538963,14.6445249597424,25.6819508525577,0.266256579059471,0.115873136789309,0.0369234208002021,1379.91456352248,139.974856197118
240,170,"Magdalena",151961,15.8585666125809,1036.31441601413,15.8585666274316,9.31674409752673,15.9858834827145,27.968615819209,0.337251005192122,0.17186646573792,0.0653720362461421,1036.31441601413,51.4651673670697
241,176,"Magdalena",279904,15.1858484372792,1482.77346565209,15.1858484481511,8.55423113467431,15.002079002079,26.4765322580645,0.278152509431805,0.132599033954499,0.0491347033268549,1482.77346565209,170.475650793178
242,177,"Magdalena",663233,13.8745300882956,1170.33822337493,13.8745300986439,8.2294977147127,13.8950861141012,24.5067738853503,0.23187326324233,0.0921139328109428,0.025413391673816,1170.33822337493,86.3976577796725
243,180,"Magdalena",139964,17.4818445937185,1076.04965104517,17.4818446024269,9.23855115696616,17.3228637413395,29.6382926829268,0.388035494841531,0.215476836900917,0.0931096567688834,1076.04965104517,93.7366120693389
244,181,"Cauca",268069,17.9112192354743,1607.92690006112,17.9112192525277,8.76303651465842,18.0716515323496,29.0820555555556,0.412266990961282,0.214791714073615,0.0820087365566328,1607.92690006112,337.126298853685
245,182,"Magdalena",700171,14.9140227402118,878.50838302735,14.914022748541,8.8003146593927,15.0113348599138,26.3403751857355,0.285571667492655,0.132431934484576,0.0448261924586994,878.50838302735,130.7091186577
246,185,"Magdalena",561925,19.663772104,1557.15325844652,19.6637721196749,8.75373896816822,19.7792908224076,30.8109979101358,0.48717355518975,0.279033678871736,0.116860791030832,1557.15325844652,321.488476388983
247,188,"Magdalena",475502,14.4256876442798,720.666317961144,14.425671705818,9.30424398582107,13.8668506381511,26.9996666666667,0.268308019734933,0.138443161122351,0.0575770448915041,720.666165140929,115.05483413558
248,192,"Magdalena",581045,15.9264404347873,942.666069001415,15.9264404458132,9.4182642483175,15.9653557114228,28.2707831325301,0.338166579180614,0.177456135066991,0.0697605176879588,942.666069001415,116.750585611671
249,193,"Cauca",151862,20.1832360210604,1955.26488672066,20.1832360332177,9.66079194169908,19.6996441281139,32.8038983050848,0.487804717440834,0.303156813422713,0.155351569187815,1955.26488672066,340.219812945894
250,195,"Atrato",287271,22.520168301704,3077.94737436009,22.5201157852797,11.8029837649197,22.339677574591,37.9446703296703,0.567505943864852,0.423199696453871,0.272293409359107,3077.94931347899,458.258612257493
251,196,"Atrato",162116,23.4251898633334,2695.704722379,23.425189886414,11.0706026529142,24.0644321766562,36.8918493150685,0.629456685336426,0.470280539860347,0.285449924745244,2695.704722379,303.926970541766
252,198,"Cauca",517626,16.5719756571633,2389.82233558564,16.5719535247984,10.9176901554628,14.7974405850091,31.8561646234676,0.32350577443946,0.207497305003999,0.122488051218447,2389.82374428162,397.924813596287
253,200,"Cauca",159683,16.8596226315881,2061.08106104623,16.859622640277,9.22993823788247,15.8541454081633,29.6084911242604,0.344682903001572,0.199802107926329,0.0928840264774585,2061.08106104623,373.153979359142
254,205,"Cauca",718561,14.7056987235871,2267.23313998893,14.7056987322249,8.84993963811964,14.0673347613219,25.6724674674675,0.230126600246882,0.110633613569342,0.0543071499844829,2267.23313998893,177.804030876275
255,206,"Cauca",331328,18.2837184486548,2212.05207706796,18.2836730526246,9.01599126855562,17.2881829733164,30.1976392572944,0.374668002704269,0.206924859957504,0.102925197991115,2212.0534592268,341.562486101193
256,207,"Atrato",414667,25.8544614832631,2519.048921373,25.8544615108243,10.3261385302629,26.2971436984688,38.60972,0.72349137983008,0.553960165626877,0.35114200068971,2519.048921373,248.119324391412
257,209,"Cauca",266189,14.2333660598071,2348.8110475486,14.233366069197,9.53974990472747,12.6284618263473,27.0215989847716,0.220843085176322,0.127571011574483,0.0698451100533831,2348.8110475486,276.552188324484
258,216,"Atrato",223711,26.6661123772042,2333.53665462951,26.6661124033059,10.2500528683098,26.9451446280992,39.3707412398922,0.751795843744832,0.580346965504602,0.374071905270639,2333.53665462951,230.074115373976
259,217,"Cauca",289924,15.4541295937703,2195.24652507852,15.4541296042617,9.99704072887713,13.5447701688555,29.6631331592689,0.301003021481492,0.184724272567983,0.0949214276844966,2195.24652507852,404.328845481042
260,219,"Cauca",466713,20.7628549789998,2183.59817015327,20.7628549972275,10.6288319007755,20.2177134146342,34.6139221014493,0.506497569169918,0.340020526533437,0.190956755007896,2183.59817015327,303.020782048603
261,224,"Cauca",249964,19.4955299967258,2132.25381115232,19.4955300163508,9.97972258086563,18.866150990099,32.695753968254,0.457977948824631,0.29091389160039,0.153194059944632,2132.25381115232,348.625168148074
262,228,"Atrato",427332,24.5284700894291,2339.78944181745,24.5284701098959,9.51886346105621,25.0029742765273,36.2905442176871,0.697539617908324,0.500259751200472,0.284968127825672,2339.78944181745,151.739276745059
263,230,"Magdalena",139584,13.0532024742308,409.959802058901,13.0532024828964,8.91819253730467,12.078125,25.4114102564103,0.214164947271894,0.108457989454379,0.0441741173773498,409.959802058901,124.517359277077
264,233,"Atrato",139604,25.8421104746923,2684.65088643137,25.8421104999212,9.6257525502985,26.1291964285714,37.8510285714286,0.735695252285035,0.551853815076932,0.33754763473826,2684.65088643137,353.782905091828
265,235,"Atrato",303215,21.5177473263967,2588.26975138398,21.5177473428386,9.0753405144838,21.7252203525641,33.0892551369863,0.570990881057995,0.36077041043484,0.176109361344261,2588.26975138398,308.649766791855
266,236,"Atrato",733912,22.1980238472097,1167.49793488152,22.1980238671,12.8465757640732,21.4148203592814,38.3625568181818,0.539803137160858,0.39327058284917,0.254589106050862,1167.49793488152,562.966430743444
267,238,"Atrato",322580,29.3561034772214,2065.54721041863,29.3561035042463,10.4767118754775,29.8745856353591,41.9617954070981,0.820658441316883,0.685674871349743,0.493865087730175,2065.54721041863,343.716362167429
268,240,"Magdalena",1378883,18.1067745093641,2074.18555347634,18.1067745240244,9.44269860079482,17.3324033665835,30.1515123652505,0.38252266508471,0.210166489832712,0.101762078435951,2074.18555347634,487.551912191696
269,241,"Cauca",792751,21.8240056508941,2311.90911747645,21.8240056659351,9.75974582149052,21.7608771060456,34.1570689655172,0.570416183644045,0.370895779380915,0.194586951009838,2311.90911747645,256.954796085148
270,242,"Atrato",224141,25.2785499061465,1130.70213779152,25.2785499323239,10.8010187984199,25.0424734042553,38.8314467005076,0.681664666437644,0.503562489682834,0.314163852218023,1130.70213779152,330.679902459011
271,243,"Atrato",303317,30.7863864139934,2195.55798377795,30.7863864508621,11.742193749991,30.9411157024793,45.2188853503185,0.825815895581191,0.699281609669092,0.53130553183633,2195.55798377795,417.494372032312
272,244,"Atrato",221441,26.9765697307566,1808.9282272697,26.9765697571926,10.395142877118,27.0614682539683,39.6739851485149,0.758667094169553,0.58598452861033,0.376425323223793,1808.9282272697,385.194190132118
273,245,"Cauca",1514158,28.8817225062336,1877.59170414643,28.8817225320032,9.90462248150078,29.4928335170893,40.5981615384615,0.824183473587301,0.682736544006636,0.476651049626261,1877.59170414643,411.179412597665
274,246,"Atrato",465055,27.9645426643063,2378.68935570341,27.9645426885642,9.61751280797023,28.3046562082777,39.8127884615385,0.800554773091355,0.637625657180333,0.426571050735934,2378.68935570341,347.21773126879
275,249,"Cauca",444749,26.4257451037071,1694.70380457622,26.4257451290544,9.36036346521864,26.5962747875354,38.1721475409836,0.757530652120634,0.572250865094694,0.352362793395825,1694.70380457622,347.727794387269
276,250,"Magdalena",1254064,16.2415303096697,642.014294644831,16.2415303209722,9.85253147691407,16.0511735232068,29.2277279752705,0.352363196774646,0.197221991860065,0.08644933591906,642.014294644831,191.144078673705
277,251,"Magdalena",543976,21.0001333882244,892.164527582211,21.0001334096354,11.3383772326459,20.8174556213018,35.6954368932039,0.52566289689251,0.367007000308837,0.218965542597468,892.164527582211,206.517936618482
278,253,"Atrato",790394,25.4699560754024,2428.934745317,25.4699560974497,10.1566907823275,25.7491502510622,38.0994461077844,0.712391541433766,0.533495952651462,0.3324658334957,2428.934745317,357.611914499778
279,254,"Cauca",1875466,15.2520689967547,2470.79841735541,15.2520690061575,9.30609228740747,14.3896462888177,27.6764996315402,0.2898772891644,0.15370419938298,0.0673118041062861,2470.79841735541,125.630208464491
280,256,"Magdalena",1079539,10.5336874323484,384.218888343777,10.5337394868597,8.69712212035728,9.35804411361768,22.5963175182482,0.148336465843291,0.0683884509962123,0.0256276058576855,384.225531984131,109.658077274524
281,258,"Cauca",1482605,27.3156046183547,1689.82739423079,27.3156046479996,10.8918692076097,27.5196433010191,40.7793378186969,0.756192647401027,0.597623102579581,0.403897868953632,1689.82739423079,477.011493789629
282,259,"Atrato",429428,27.7584821297806,1948.16535422471,27.7584821589774,12.3213853655539,27.9107390300231,43.2504453441296,0.725879542088546,0.593789878629246,0.431231778086198,1948.16535422471,558.192274011058
283,260,"Magdalena",886157,23.1730676673407,959.010436558307,23.1730676872506,10.7453234812533,23.0138952489983,36.8559911717496,0.610303817495094,0.427595787202493,0.253001443310835,959.010436558307,335.404328712268
284,262,"Magdalena",2170398,26.8822074926488,1467.27300489164,26.8822075176067,11.2539672926014,27.0178829019941,41.0273403141361,0.72665105662648,0.571953623252509,0.392000914118056,1467.27300489164,494.529603475921
285,263,"Magdalena",254924,19.548021276336,827.209060927883,19.5480212914589,10.6081790669356,19.2577025823687,33.4454696132597,0.469029985407416,0.299779542138049,0.163221195336649,827.209060927883,153.773178426472
286,264,"Magdalena",183749,15.3945938938672,586.055426824449,15.3945939019124,9.80970596883451,14.8657608695652,28.3937946428571,0.302385319103777,0.164387289182526,0.0776058645217117,586.055426824449,181.027708207451
287,265,"Atrato",924816,18.1195048600467,886.92578202177,18.1195048734212,10.8435899240635,17.2046594074449,32.6716844919786,0.402789311603605,0.259715446099548,0.143890244113424,886.92578202177,365.510431609136
288,267,"Cauca",411776,28.6495669017174,2167.24489053762,28.6495669344641,12.7486582497198,28.8261815453863,44.7395535714286,0.753686470313957,0.622015367578489,0.459286116723656,2167.24489053762,770.546396433299
289,269,"Atrato",493719,31.6572278628252,2255.0807333575,31.6572278972896,14.6982954437943,31.8791926851026,50.2382328767123,0.77078459609616,0.662666415511657,0.546960923116185,2255.0807333575,674.264532633215
290,270,"Magdalena",197823,27.9220351374004,1306.25557623874,27.9220351633306,10.9196240540277,27.9137315270936,41.9259090909091,0.753329997017536,0.601411362682802,0.427614584755059,1306.25557623874,399.119233156846
291,272,"Magdalena",958804,26.6131663278112,1715.03351244706,26.6131663524209,10.6865294141156,26.8393375241779,39.9829975429976,0.733649421571041,0.569963204158514,0.379639634377829,1715.03351244706,532.125767411012
292,273,"Atrato",338233,28.5870252826245,1883.28608117082,28.5870253126078,12.2374795503902,28.3656685236769,44.0855890804598,0.750018478386201,0.610147442739177,0.44718877223689,1883.28608117082,551.992497602294
293,275,"Cauca",232049,20.7725921834843,1925.34771618176,20.772592200767,10.1977984696168,19.5103109137056,34.4958965517241,0.479178966511383,0.308249550741438,0.175975763739555,1925.34771618176,311.853348908705
294,276,"Cauca",777697,26.4276472663408,2181.07416872437,26.4276472919178,11.5443441227025,26.3197493091196,40.9117296072508,0.707668925044072,0.548969585841272,0.372771143517334,2181.07416872437,659.18934699823
295,277,"Magdalena",468882,26.7234384980418,1768.49582961188,26.7234385208174,10.4846952598905,26.8744913928013,39.9075855513308,0.741770850661787,0.574274550953118,0.378024748230898,1768.49582961188,535.754010364467
296,278,"Cauca",252722,27.7381859567586,2050.78315933083,27.7381859836899,10.8339799905197,28.032735042735,41.1659259259259,0.766324261441426,0.61441030064656,0.423504878878768,2050.78315933083,461.631539553072
297,281,"Cauca",191252,21.8997173718563,2119.40773734498,21.8997173837178,10.5152412364334,21.5271794871795,35.7607051282051,0.554634722774141,0.375227448601845,0.216855248572564,2119.40773734498,397.763336564423
298,284,"Magdalena",877697,26.2135291441079,1677.18962900365,26.2135291669492,10.8621986413751,26.302431938911,39.8734490145673,0.716815712028183,0.550766380653004,0.361353633429304,1677.18962900365,574.527586382571
299,285,"Cauca",636852,30.1442617951074,2483.98128384993,30.144261827433,11.6955105854598,30.5159064994299,44.3493891102258,0.80956485965342,0.684049041221508,0.516210987796223,2483.98128384993,593.091792954572
300,286,"Cauca",873966,20.2486901034481,2344.02168574843,20.2486901203648,10.9378827231864,18.8849845763019,34.9405128205128,0.461421840208887,0.304439760814494,0.179672893453521,2344.02168574843,393.95301355505
301,289,"Atrato",1214902,18.175112217841,774.405950029255,18.1751122310648,11.6972688725864,16.6369169510808,33.7384503901895,0.395130636051303,0.265676573089846,0.157453852244872,774.405950029255,513.397422273463
302,292,"Cauca",941810,27.4356390893787,2345.56257972225,27.4356254622705,12.0297446504829,28.2740886699507,42.2743613138686,0.725541245049426,0.600990645671632,0.441853452394857,2345.56400404076,418.424840619188
303,293,"Atrato",463859,15.211414933312,286.595214196699,15.2114149439725,10.8566094333136,13.6900958110517,28.3359685230024,0.256657734354621,0.147430576964121,0.0836310171841012,286.595214196699,158.351777435367
304,294,"Cauca",145162,28.7161058306204,1819.70727459931,28.7161058501505,10.3761989426472,29.1106182795699,41.824,0.791508797068103,0.647242391259421,0.465190614623662,1819.70727459931,281.205090028182
305,295,"Atrato",494999,22.5694264003633,664.087289328268,22.5694264172819,11.4469016685766,21.7161503067485,37.3591214057508,0.557589005230314,0.391376548235451,0.241808569310241,664.087289328268,324.713549030279
306,297,"Atrato",422635,26.2285495486599,1044.51174476217,26.2285495755489,11.1528851171864,26.3024308019872,39.9756720430108,0.709195878240089,0.548480367219942,0.367863522898009,1044.51174476217,297.638158216847
307,298,"Atrato",601905,18.4296588240437,613.137271956719,18.4296588380069,10.2435115082848,18.0971292556261,31.3752946127946,0.427208612654821,0.255473870461285,0.124732308254625,613.137271956719,188.949986979825
308,300,"Cauca",639764,25.5622110300284,2254.72023119232,25.5622110539962,9.38107055498268,25.383630952381,37.6572048192771,0.717403605079373,0.519543144034363,0.310395708417479,2254.72023119232,470.219321821761
309,301,"Magdalena",937540,31.3960026886338,1868.29463621212,31.3960027274476,11.8068141496728,31.9427927927928,45.9986462093863,0.830757087697592,0.719727158307912,0.565235616613691,1868.29463621212,632.24824399972
310,302,"Atrato",218395,18.420026238536,614.604751684659,18.4200262477658,10.8552298424524,17.2819857697283,33.2222602739726,0.403713454978365,0.260711096865771,0.151125254699054,614.604751684659,224.869540776431
311,303,"Atrato",193970,19.2905113196011,475.227159135015,19.2905113370119,9.91068803799142,18.7356343283582,31.6960227272727,0.444398618343043,0.262215806568026,0.129999484456359,475.227159135015,130.698045119061
312,304,"Cauca",139512,28.2808356425956,1548.64037085485,28.2808356767184,10.0499090374434,29.0020833333333,40.5371861471861,0.792598486151729,0.647578702907277,0.458261654911405,1548.64037085485,282.303524009818
313,306,"Cauca",363795,24.1699823015562,2112.27333885758,24.1699823214283,9.29815345866635,24.0786239782016,35.9953313253012,0.668186753528773,0.464522602014871,0.260138264682032,2112.27333885758,400.038995444088
314,308,"Atrato",218777,20.9507610025415,479.835079399999,20.9507610193936,11.1349323586549,20.2498299319728,34.7252338129496,0.51133802913469,0.32428454545039,0.181285052816338,479.835079399999,142.356913175598
315,311,"Magdalena",889528,28.7587918153228,2396.26610777941,28.7587918423826,10.7227164714684,29.1043525335643,42.0818032786885,0.797782644278764,0.65350388070977,0.46401574767742,2396.26610777941,760.71788124356
316,313,"Magdalena",322973,26.8154625115923,2507.10385327136,26.8154625322289,10.4790744868073,26.9414772727273,40.0820679012346,0.742826799763448,0.575871667291074,0.380725323788676,2507.10385327136,664.852666970392
317,315,"Magdalena",146634,23.658458377037,1538.91045111631,23.6584583944465,10.4713432112017,23.7142706131078,37.0083116883117,0.632534064405254,0.454771744615846,0.275556828566362,1538.91045111631,175.380665123743
318,317,"Magdalena",128237,28.1711083880371,1627.34038932872,28.1711084230531,12.3286982868036,28.0875,43.958046875,0.750103324313576,0.607110272386285,0.432043793912833,1627.34038932872,287.361232937229
319,318,"Magdalena",461599,27.0962791966973,2180.1785756248,27.096279229066,11.3651195364857,27.2494711263579,41.431784351145,0.731684860669109,0.581582715733786,0.403334929235115,2180.1785756248,572.170758258881
320,319,"Magdalena",543155,27.9438473723139,3137.02670592652,27.9438473979865,10.9633481406108,28.2849515800204,41.6314967105263,0.768833942428957,0.619806500906739,0.435012105200173,3137.02670592652,260.46627992868
321,320,"Cauca",128817,24.1517149657066,2089.52199990333,24.1517149832225,8.65584521664017,24.3716086956522,35.22234375,0.687378218713369,0.47596978659649,0.254236630258429,2089.52199990333,333.41259487168
322,321,"Cauca",1143216,16.4749109280503,2160.31276110936,16.4749109384529,9.62622896128229,15.1018321261185,29.6547936726272,0.315374347454899,0.184287133839974,0.0950380330576199,2160.31276110936,297.560797962323
323,323,"Magdalena",509923,22.2992916292874,3139.33147637676,22.2992916455882,10.9100868245665,21.7834729981378,36.8975702811245,0.557393959480157,0.39642848037841,0.244215303094781,3139.33147637676,254.319092853394
324,324,"Magdalena",173393,23.3159643195696,1785.08698038794,23.3159643431377,11.4674391637287,22.8676339285714,38.288670212766,0.595877572912401,0.432203145455699,0.275103377875693,1785.08698038794,288.587502009836
325,327,"Cauca",1516523,24.5158764431956,2463.78852296223,24.515876468169,10.7575456526797,24.2182716202783,38.485589254766,0.649144787121593,0.473634095889083,0.297035389506127,2463.78852296223,558.178759219973
326,331,"Magdalena",359953,30.8788303875195,3161.15566074442,30.8968079968469,12.4123543789598,30.9617083659109,46.9687923728814,0.804168877603465,0.683855947859859,0.529024622659069,3160.2489119524,371.018194847368
327,332,"Magdalena",565432,25.4896228708458,2081.0411227025,25.4896228936937,10.6819496380181,25.4406570223026,38.9651262626263,0.693107217136632,0.520258846333423,0.33089213203356,2081.0411227025,355.272018105972
328,337,"Cauca",414849,21.0077313180661,1692.51544285085,21.0077313312598,10.6076753526431,20.2074247710423,34.9758363636364,0.505473075745633,0.343245373617871,0.200771847105814,1692.51544285085,393.73398504486
329,339,"Cauca",205954,14.784811120132,1233.45758945136,14.7865908867295,8.73228659540321,15.0428229665072,25.937753164557,0.286107577420201,0.124542373539722,0.0374695320314245,1232.5123460592,220.101527671522
330,340,"Cauca",849090,31.7354017832188,1953.08840664321,31.7354018172679,11.2833181298092,32.3144457783113,45.545656779661,0.847689879753619,0.738350469325984,0.581646233025945,1953.08840664321,571.83225700888
331,341,"Cauca",814194,29.7600310529528,1797.96778253729,29.7600310867889,10.8832239576586,30.1412698412698,43.2248952095808,0.810807989250719,0.679150177967413,0.503814815633621,1797.96778253729,527.52726796405
332,342,"Cauca",2657535,27.2556503637791,1886.85603875063,27.2556515110187,10.7434572849144,27.8076955174058,40.2628100198413,0.759551238271556,0.608428487301202,0.414528124747181,1886.85692114729,646.664345559903
333,343,"Cauca",144297,25.4291438864796,1036.87482062778,25.4291439049618,10.3400049008171,26.0248614958449,37.9427743902439,0.714858936776232,0.545472185838929,0.342397970851785,1036.87482062778,344.095354574828
334,344,"Cauca",247188,24.4241091798411,1468.94996954603,24.4241092013421,9.70173333894769,24.5225948808473,36.5713157894737,0.676578151042931,0.485691052963736,0.283249995954496,1468.94996954603,557.478295204193
335,345,"Cauca",1539580,27.214642731134,2207.30204337619,27.2146680320503,10.4028672811679,27.3150584795322,40.1791729893779,0.753463931721638,0.590731887917484,0.39461931176035,2207.3007057413,579.926457952729
336,346,"Cauca",231858,24.7863614014076,1169.97470756753,24.7863614216736,9.66650407403273,24.8028985507246,36.8561369193154,0.695723244399589,0.495195335075779,0.287533749105056,1169.97470756753,436.982739930632
337,347,"Cauca",136036,24.7476553147676,1359.09886332031,24.7476553356038,9.24394696979711,24.8732590529248,36.4470564516129,0.693617865859037,0.497434502631656,0.285843453203564,1359.09886332031,506.138151064766
338,348,"Cauca",525406,25.3639857410072,1812.9984637549,25.3640231724619,10.6083758575973,25.0438453445555,39.0075561426684,0.680369086002063,0.503172784475244,0.323943769199438,1813.00001493335,583.202597212038
339,349,"Cauca",308692,25.4388438670106,1713.74651668577,25.4388799645395,9.69780976693418,25.7352165725047,37.3824350649351,0.72054669379187,0.534315758101927,0.321109714537468,1713.74725446491,476.50260379177
340,350,"Cauca",174884,23.333900454101,1451.79278494338,23.3338488376908,9.49613369424377,23.2440119760479,35.6591129032258,0.628839688021774,0.428935751698269,0.237700418563162,1451.79298054283,374.296314854206
341,351,"Cauca",1436140,27.3935642052623,1742.08458516657,27.3935771239139,9.41965913614814,27.6697430568676,38.8232536764706,0.791718773935689,0.619094238723244,0.39544682273316,1742.08443900017,417.465698951509
342,352,"Cauca",519742,27.0958134366519,1630.16779065213,27.0958134600069,9.26173779894301,27.4322608695652,38.4392666666667,0.78274605477333,0.606743345736923,0.381252621492972,1630.16779065213,370.18123342103
343,353,"Cauca",1637806,24.9492925871178,1598.74838235967,24.9492926093109,10.9711656930838,25.0623970184386,38.970384319754,0.660674096932115,0.504160443910939,0.332876421261126,1598.74838235967,418.252385103904
344,354,"Cauca",840168,27.5833205407878,1568.01960252639,27.5833422151047,10.9732971231912,27.9158695652174,41.2864819587629,0.747850429914017,0.600600118071624,0.425662486550309,1568.02047380405,463.793478783852
345,355,"Cauca",146978,23.1467383983247,1156.6438299902,23.1467384237028,9.43096583500558,23.3387218045113,34.7471129707113,0.641334077208834,0.430771952264965,0.225727659921893,1156.6438299902,357.689449247768
346,356,"Cauca",136187,20.7127831174401,998.187760641858,20.7127831405166,8.98439327400121,20.578765060241,32.200575,0.526584769471389,0.315419239721853,0.145740782894109,998.187760641858,293.481002356867
347,357,"Cauca",1948507,20.1676088564491,1718.44468402605,20.1676158087218,11.4569666592143,19.6551649064295,35.5466634178038,0.488763448116943,0.347608194376515,0.212189640581224,1718.44526829118,734.506362753085
348,358,"Cauca",278056,27.188602875129,1779.75817540769,27.1886028965195,10.5159121006001,28.0206408345753,39.8881585081585,0.760782000748051,0.614642374198003,0.419214115142274,1779.75817540769,673.154218044028
349,359,"Cauca",311445,24.1520817760545,1549.83878520016,24.1520817974506,11.6527617414162,25.436087267525,38.2240489130435,0.65840517587375,0.517227760920869,0.340217373854132,1549.83878520016,692.542608847739
350,360,"Cauca",809921,29.8022977121983,2090.29791609847,29.8023294471961,10.7746703250092,30.5570303816228,42.6815723684211,0.820265186357682,0.698280449574712,0.519127174131798,2090.29650768693,630.390729897037
351,361,"Cauca",171854,32.4301052915382,1722.60315083167,32.4301053324862,10.486633630311,32.9055084745763,45.2036538461538,0.881189847195876,0.779091554459018,0.613474228123873,1722.60315083167,626.217812091484
352,362,"Cauca",169237,32.2526431927502,1621.13345351106,32.2526432244136,10.4750169863261,32.8851618705036,44.8858544303798,0.874655069517895,0.77244928709443,0.612360181284235,1621.13345351106,581.666496755743
353,363,"Cauca",144052,31.6313852205475,1781.21382719891,31.6313852565236,11.8367626973759,32.4879120879121,45.561875,0.832754838530531,0.732020381528892,0.583893316302446,1781.21382719891,767.643317384436
354,364,"Cauca",267075,33.8483050383821,1652.93093386476,33.848398180503,12.6845058779207,35.1110507246377,48.1656382978723,0.856897875128709,0.781301132640644,0.663442853131143,1652.92694596224,601.640961204393
355,365,"Cauca",1078124,29.7346208954355,1907.14841458428,29.7346016802933,10.9379010807093,30.5558221271394,42.9965680473373,0.809451417462184,0.68662324556359,0.518206625582957,1907.1491666792,640.658347076118
356,366,"Cauca",1519483,25.2370906881435,1570.42265870965,25.2371184361067,11.030720166729,25.4002779836916,39.0258195525292,0.680070129116285,0.516557276389404,0.336726373378314,1570.42091590984,609.560329435992
357,367,"Cauca",251049,20.0197322919565,1576.73870316398,20.0197323105906,9.36963616093193,19.4566605839416,31.8930501392758,0.46986843205908,0.2720305597712,0.132579695597274,1576.73870316398,436.603891982311
358,368,"Cauca",312155,22.9225387895832,1390.9653858342,22.9225388108033,9.41425918268058,22.8403958944282,34.9769455252918,0.614082747353078,0.414963719946821,0.225730806810719,1390.9653858342,382.68808503951
359,369,"Cauca",645382,21.038314020336,1636.14039985069,21.0383140384072,10.8265096305748,20.0754716981132,35.5722002820875,0.500594996451714,0.339368002206445,0.203152551512128,1636.14039985069,366.201129712094
360,370,"Cauca",215816,20.817809288099,1298.94982427992,20.8178093040444,15.2625447510428,16.2937429537768,42.3892481203008,0.406962412425399,0.317594617637247,0.243735404233236,1298.94982427992,430.109738313833
361,371,"Cauca",724204,17.8470000747493,1956.0572709082,17.8470000872773,9.96625595898647,16.3987980769231,31.0001320132013,0.356389912234674,0.210439323726464,0.113401748678549,1956.0572709082,344.138745157799
362,372,"Cauca",1997340,18.7404428886021,1800.34489014195,18.7404498239327,10.8432489700554,16.9650224215247,33.8177392394484,0.39822964542842,0.265177185656924,0.158579911282005,1800.34421641834,681.294087037653
363,373,"Cauca",265475,11.9117643262147,962.832741083752,11.9117643316212,6.88023204413162,11.1227728047741,20.5637658227848,0.110959600715698,0.0450889914304548,0.018126000565025,962.832741083752,222.487890965493
364,374,"Cauca",432525,23.677904703958,2032.44681570506,23.6779047305917,10.3748522818852,23.0014179404666,37.4740099009901,0.608769435292758,0.428296630252587,0.263885324547714,2032.44681570506,503.476089979771
365,375,"Cauca",1291718,21.1213811236783,1873.30361553344,21.1213685956146,10.7060127671516,20.2229155047407,35.3931523458092,0.506916370291348,0.342603416535188,0.202295702312734,1873.30460080761,507.109309229385
366,376,"Cauca",361919,20.7646199709593,1523.04973565309,20.7646199917816,10.94921479769,19.5236854460094,35.4265885416667,0.483279407823297,0.334486445862196,0.200879202252438,1523.04973565309,367.930160801964
367,377,"Cauca",484080,20.8824534364002,1656.72576043454,20.8824802136168,10.4004287130817,20.2211883408072,34.359144295302,0.50687696248554,0.341914559576929,0.192040571806313,1656.72477242793,387.694571522857
368,378,"Cauca",608231,22.5785080720666,1551.48827822358,22.5784840082532,9.78230467409181,22.2924568965517,35.2946369047619,0.588159761669497,0.394437310824341,0.219682982287979,1551.48923758231,329.680615468074
369,379,"Cauca",587129,18.3952585216708,1273.26217340597,18.3948309219137,9.95381637250035,18.2741453626635,31.3322629521017,0.43585821855163,0.262988201911335,0.124693210521027,1273.28852855556,246.642379444929
370,380,"Cauca",428802,14.2557691714282,1076.70308534973,14.2346797726836,9.34763099391329,12.9568212215782,27.2406329113924,0.255199369405926,0.140260539829572,0.0646195680057462,1075.71756834823,191.503519615095
371,381,"Cauca",800115,22.3794649509084,1704.23472765234,22.3794839298566,10.7631858502394,21.8137856257745,36.5578022875817,0.562612874399305,0.393108490654468,0.23672597064172,1704.23448923002,518.395913759305
372,382,"Cauca",1310456,22.2950381034809,1818.61632681741,22.2897156671623,11.0942086751052,22.033759339363,36.85734375,0.56612965257895,0.405113945069503,0.24920943549421,1817.13248489187,702.625643429107
373,383,"Cauca",750543,23.626758643585,1502.65617861425,23.6267367879669,10.775535802204,23.375804893754,37.6920550161812,0.615872774777728,0.446504730575064,0.279221843385389,1502.65670136088,352.070770222521
374,384,"Cauca",955679,23.879460897191,1738.87572103525,23.8794609190551,10.0049744117772,23.5017631322957,37.08775,0.629320095973648,0.447115610994905,0.271885225059879,1738.87572103525,466.213119051333
375,385,"Cauca",1140482,20.7083820961118,1357.92800873953,20.7084182437988,11.0629909715957,19.9791027607362,35.5185005767013,0.49952213187056,0.356011756432806,0.213493066966423,1357.92623561556,483.680039781059
376,386,"Cauca",301413,17.7357454664274,1448.00034962544,17.7357454785897,10.5685521531687,15.7004352030948,32.0756751824818,0.344935354480397,0.219824626011486,0.126693274676275,1448.00034962544,452.369541324355
377,387,"Cauca",155496,24.033069714271,1418.07842663604,24.0330697338498,10.7123528835101,23.8542079207921,38.0697142857143,0.631058033647168,0.464474970417245,0.290779184030457,1418.07842663604,319.016279389475
378,388,"Cauca",180897,17.2696495400472,1131.18943918318,17.2696495519722,11.4668444909497,14.3561878109453,33.6170220588235,0.310480549705081,0.209892922491805,0.137260429968435,1131.18943918318,275.379807167454
379,389,"Cauca",1289542,22.1518653577521,1445.84455904289,22.151830067869,11.9400012102413,20.8110941918643,38.5984247171453,0.521188918236087,0.390651874851692,0.26510032244006,1445.84592267922,406.680689937099
380,391,"Cauca",165403,27.7423778955348,1382.25426196854,27.7423779261014,11.3621093623145,27.1075177935943,42.971329113924,0.736395349540214,0.573091177306337,0.404134145088058,1382.25426196854,423.231739333901
381,392,"Cauca",173264,30.0940709623937,1146.9352337896,30.0940709971748,10.8160246064522,30.6068014705882,43.2776296296296,0.828452534860098,0.700041555083572,0.521245036476129,1146.9352337896,382.883424842193
382,393,"Cauca",192642,29.0322675293557,1187.65793512439,29.0322675589212,10.4831247565851,29.2570904645477,42.1977777777778,0.802883068074459,0.655625460699121,0.470691749462734,1187.65793512439,385.634396430992
383,394,"Cauca",588841,31.1074260805077,1690.43733851661,31.1074261141838,11.0012239037639,31.7133775351014,44.4942243186583,0.840877248697017,0.724258331196367,0.561358668978553,1690.43733851661,574.038525279934
384,395,"Cauca",1288741,32.8154963933599,2010.32621730446,32.8154964301807,11.2679845126897,33.5032125538793,46.4387588097103,0.868759510250702,0.771986768481797,0.624428027043448,2010.32621730446,598.679648051782
385,396,"Cauca",288522,32.700796379749,1756.93612999046,32.7007964169459,10.7958116968687,33.2745406824147,45.8520331950207,0.874373531307838,0.77559423544825,0.620552332231164,1756.93612999046,487.143428263816
386,397,"Cauca",176032,31.183829340591,1461.26139768525,31.1838293723678,10.9477275062067,31.9852494577007,44.3199193548387,0.839676876931467,0.734997045991638,0.574861388838393,1461.26139768525,396.014368030643
387,398,"Cauca",131222,28.6951451484707,1261.1092754003,28.6951451734996,10.5625634409109,29.199710982659,41.5909803921569,0.793837923518922,0.656155217875051,0.465333556873085,1261.1092754003,392.963413899649
388,399,"Cauca",3161225,21.5816787487763,2216.50961204191,21.5816852314317,11.6758150859625,20.5246606691919,37.4218757232122,0.516080316965733,0.377658344470893,0.248206945092488,2216.50941228062,712.743868683914
389,400,"Cauca",271520,30.3438986037922,1438.57600905217,30.3438986322381,10.0678916615286,30.7340361445783,42.6119808306709,0.850894961697113,0.720665144372422,0.529758397171479,1438.57600905217,490.324993676534
390,401,"Cauca",140883,28.0983951836171,1168.57129516805,28.0983952119017,8.93385260195705,28.4876773049645,39.0482904411765,0.822377433757089,0.659313046996444,0.429533726567435,1168.57129516805,390.006523138502
391,402,"Cauca",2401341,22.7451405973509,1713.0668866351,22.7451316208168,9.95759015541819,22.7008083333333,35.397926449449,0.604727941595967,0.414571274966779,0.23304020545187,1713.06735925982,699.398502460008
392,403,"Cauca",3692940,28.4798841067899,2009.62109788862,28.4798841359215,10.5999167145359,28.9026535164964,41.6247240110396,0.784716783917421,0.640055890428764,0.457198329786024,2009.62109788862,639.437103668975
393,404,"Cauca",433310,3.83656681788158,75.3225511637238,3.83496339088079,3.62431254137565,3.21204013377926,8.69851457399103,0.0014516166255106,0.000117698645311671,1.38468994484318e-05,75.3354791536164,15.4712838217669
394,405,"Cauca",139934,4.67781140109631,62.4039590029678,4.66219818460491,4.223650275372,4.02853695324284,10.5686956521739,0.00202952820615433,7.86084868580902e-05,0,62.372550171342,11.2182821808067
395,406,"Cauca",454765,5.61969196093856,68.2793676694176,5.61774643990442,4.77228228135666,5.05189104788342,12.1809318075666,0.0059327344892417,0.000701461194243181,7.47638890415929e-05,68.2259873595784,14.330951765856
396,407,"Cauca",340202,3.55108495488412,79.6236259326611,3.55066189124984,3.25877806278879,2.94178898290451,7.94663687150838,0.000461490526216777,2.64548709296242e-05,0,79.6332180680995,17.0059711585208
397,408,"Cauca",189113,3.02861354799349,55.9702031666733,3.02144566814562,3.129136764448,2.29690343321606,7.23554575986566,0.000153347469502361,1.0575687551887e-05,0,55.9519496135332,9.55001338014687
398,409,"Cauca",1202099,11.3331025300205,238.899170280262,11.3330916694874,9.14127199458681,9.76016355140187,24.2093940609952,0.173852569547101,0.0898661424724586,0.0377730952275977,238.899134593376,157.607941866174
399,410,"Cauca",405451,4.31759436309215,109.714010567828,4.31759050732342,4.2524369812263,3.34118435523783,10.1495495243425,0.00308545298938713,0.000342828109931903,7.3991678402569e-06,109.714114156178,14.7342835539191
400,411,"Cauca",179482,4.77177878035738,110.882484613419,4.77179110218822,4.47205001030003,4.02628466557912,10.8933783783784,0.00647418682653414,0.00123132124669883,3.9001125461049e-05,110.882266666687,17.2278124842762
401,412,"Cauca",1401434,13.4015962902616,275.952893711704,13.4016038070731,10.303185502619,11.6482194767442,27.9362019230769,0.248237876346656,0.14751889849968,0.0737829965592386,275.952935064271,206.064227511556
402,413,"Cauca",167082,8.78351167722144,140.573990765439,8.78349154714136,6.4792187198095,8.22730844793713,17.6227096774194,0.0542248716199231,0.0130055900695467,0.00238804898193701,140.574256658888,26.6664462279048
403,414,"Cauca",638911,7.32902887825647,170.649299041286,7.32898140909539,7.79720649056243,5.18329324409119,17.7946951219512,0.0770342035119132,0.0435804047825127,0.0210217072487404,170.64827800596,118.822208190983
404,415,"Cauca",1422812,16.4544098747031,640.721044456374,16.4544098847541,10.012184065335,16.2632791519435,29.5840832507433,0.364223804690992,0.206209253225303,0.0925540408711762,640.721044456374,364.318180466126
405,416,"Cauca",607293,16.227337925653,625.438885307753,16.2273300644759,9.52300628579245,16.0921557027922,28.852086038961,0.349608837908555,0.190250834440707,0.0789256586194802,625.439408220276,421.933051755406
406,417,"Cauca",757431,21.1247191164629,1049.1201969721,21.1247319096872,9.7109896831033,20.8193382352941,33.8872373806276,0.53097377846959,0.346517372539545,0.186269112301979,1049.12033707753,574.044506476758
407,418,"Cauca",430176,21.1329199237126,579.243359861031,21.1329199401064,10.1759189284809,21.5186909090909,33.8993426294821,0.555702782117087,0.365489939001711,0.190831194673808,579.243359861031,219.620092045954
408,419,"Cauca",313675,23.0511148794446,598.662919857761,23.0511149001867,9.36807648981109,23.0175970873786,34.7175331858407,0.633598469753726,0.413421535028294,0.217237586674105,598.662919857761,220.901182161623
409,420,"Cauca",274660,17.8875758377176,425.400717384862,17.8875758515024,10.8447085056108,17.8875159235669,32.1293159609121,0.430324765164203,0.275861064588946,0.141531347848249,425.400717384862,251.244664990919
410,421,"Cauca",209816,24.95594516869,1498.92361246508,24.9559451878385,10.2443979065848,25.0050505050505,38.4104984423676,0.671798146947802,0.500381286460518,0.318102527929233,1498.92361246508,469.765945330891
411,422,"Cauca",991828,23.9333196830411,925.672349261283,23.9333197060636,9.276066906304,23.6510503501167,35.8040067151651,0.661012796573599,0.44091717515537,0.24150558362942,925.672349261283,425.881016119678
412,424,"Cauca",355949,5.6271370840054,92.4256051506924,5.62714379902832,5.1360274704653,4.67109771573604,12.974457659372,0.0117348271802983,0.0018232949102259,0.000210704342476029,92.4254124983888,21.772935246287
413,425,"Cauca",146212,6.10450489626198,103.637262125069,6.10448836662236,5.70788743406176,5.1379303599374,13.8955119825708,0.0218039558996526,0.0052731649932974,0.00114217711268569,103.637485947162,17.8557082439351
414,427,"Cauca",3571024,6.85414811784587,150.592933099205,6.85461508110215,6.72525423607718,5.14771267865964,16.0595026232949,0.0526739669069712,0.0221684312398909,0.00774371720828535,150.611186330793,124.863579121226
415,428,"Cauca",270206,6.75305721525874,124.589178827368,6.75309295679066,5.72193208730263,6.10200834637454,14.5927337110482,0.0235598025210395,0.00467791240757052,0.00054773025025351,124.589070641527,26.5932190273543
416,429,"Cauca",1431159,13.8893893825957,351.138613842972,13.8936344365096,9.67860485126863,13.3483800065125,26.6970833333333,0.254384732933238,0.131481547473062,0.0589920477039938,351.149579960206,238.419355990603
417,430,"Cauca",532043,15.6043269199436,315.725853846779,15.6052788898486,9.24339919669184,15.7310620756547,27.5717918088737,0.318491174585513,0.159111199658674,0.0611134814291326,315.732035659657,103.826783940992
418,431,"Cauca",982325,15.9771875900311,1620.41402070058,15.9771692672719,9.86900374359744,15.9574863972017,28.8403846153846,0.339186114575115,0.183380245845316,0.080682055327921,1620.41478598492,165.179709381583
419,433,"Cauca",501915,17.4401151477541,444.022242592943,17.4401151587115,9.71747999816081,17.3655809859155,30.1381043956044,0.393243875955092,0.221529541854697,0.101744319257245,444.022242592943,153.799691751779
420,434,"Cauca",244096,15.1369857751968,349.737721329718,15.1369857848536,9.07788660101538,15.0375962360992,27.134523326572,0.301291295228107,0.150211392239119,0.0545113398007341,349.737721329718,74.2968650601471
421,437,"Magdalena",1277226,9.49585944706466,339.887591923719,9.49916466300193,7.83636395791989,8.09167734847098,20.5244664031621,0.109204635671369,0.0454531930919039,0.0148634619088556,340.047052145403,173.006070722098
422,438,"Magdalena",835160,10.2080007723236,365.717426878104,10.208392759306,8.07527837551769,8.95853487556958,21.6327021121631,0.128727429474592,0.0546350399923368,0.0179438670434408,365.733226274178,179.775920548268
423,439,"Magdalena",1379340,10.7728941776401,385.731966965442,10.777678734476,8.55641594427301,9.38060988812703,22.953488372093,0.154079487291023,0.0710484724578422,0.0254099786854583,386.021331015862,192.145040600811
424,440,"Magdalena",721628,6.23347176197216,218.468019968956,6.23111328598144,5.32989868026301,5.3,13.5468799272286,0.0162064110594378,0.00324959674513738,0.000447599039948561,218.492262375944,57.9089383072242
425,441,"Magdalena",1297280,7.34508698926073,267.557048436997,7.34461503826344,6.06992556086236,6.5119663966725,15.6740101095198,0.0354164097187962,0.00992846571287617,0.00215836211149482,267.597207460323,94.973479395192
426,443,"Magdalena",1101475,12.0911237223219,425.025621564182,12.0967934477832,10.0806053420682,9.69192797648212,26.8776198439242,0.201360902426292,0.124421344106766,0.0668667014684854,424.42591296126,225.823788196038
427,444,"Magdalena",187056,5.87254373121644,226.327943105883,5.84367067160975,6.60934336627341,3.62625954198473,14.3795185185185,0.0445267727311607,0.022287443332478,0.0101413480455051,226.126240300883,30.2841418070897
428,445,"Magdalena",630119,12.3975373976003,414.847879418378,12.3975374043574,8.56845425525515,11.4446693569383,24.1754754601227,0.18869451643261,0.0879135528368451,0.0324843402595383,414.847879418378,133.258703065141
429,446,"Magdalena",235743,11.2862750811044,345.068475372684,11.2862750878875,8.15716485471117,10.3571705426357,22.5623773006135,0.150205944609172,0.0664876581701259,0.0228511557076986,345.068475372684,136.944876531934
430,447,"Atrato",728382,9.31199397616569,293.909673665222,9.31281857390286,6.82319888850383,8.24055613850997,18.3261933534743,0.0743867915461942,0.0298661965836608,0.00970919105634132,293.926917337068,240.987580659872
431,448,"Atrato",1031230,17.0134926201341,710.228143720114,17.0134786162763,10.0497909689998,16.0777731326644,30.7299065420561,0.358220765493634,0.216035220076995,0.110964576282692,710.227963131745,281.741790149192
432,449,"Atrato",1580235,13.7584085149934,777.526488595854,13.759667619444,9.45783949825687,12.9626057274045,26.5566375,0.237884871553914,0.125588282755413,0.0591418364990017,777.263177197,207.975793058898
433,450,"Atrato",384354,17.0737128074872,662.292057248973,17.0737128226911,7.97619721475337,16.6971517348524,27.6036684303351,0.344357025034213,0.165795074332516,0.0590783496464197,662.292057248973,269.258216237785
434,451,"Atrato",818999,7.30493853562215,125.451037237168,7.30456284518191,5.93574700142437,6.50224627457896,15.5630961923848,0.0308058984199004,0.00701099757142561,0.00111233347049264,125.479076409597,82.2453552990438
435,452,"Atrato",381215,5.40734857231139,77.9144397496591,5.40678425499762,4.84355920916738,4.39969142259414,12.0492588932806,0.0111643036082001,0.00210904607636111,0.000377739595766169,77.8991719343588,31.789473178277
436,453,"Atrato",630913,2.09738918259688,55.7518991593542,2.09728070267457,2.03145132022656,2.06173262303399,4.87771844660194,0,0,0,55.7526094773386,9.72223737817211
437,454,"Atrato",2404729,9.96199952009509,324.072462573847,9.96331934435404,9.96990766360701,6.52781256495531,24.5039435206422,0.165953835130695,0.0955039008553563,0.0491822571275183,324.152536003193,359.274497966588
438,455,"Atrato",199411,1.84452827664197,50.480852946797,1.84155773462092,1.87352915036919,1.79605020018479,4.39790987780041,0,0,0,50.4776249111227,6.15409494411494
439,456,"Atrato",1144379,15.5096484736696,588.393156322609,15.5096597987615,9.06135355003279,14.7365653153153,27.7134907497566,0.293093459422097,0.154508252947669,0.0683226448580409,588.393212591692,249.731795387917
440,457,"Atrato",1641986,20.0617322223862,1023.50647802571,20.061732240425,11.6403189084556,19.1234326018809,35.3927731908694,0.47133593100063,0.323859034120876,0.194440756498533,1023.50647802571,620.106739091061
441,458,"Atrato",477173,11.7561825705275,205.195783704153,11.7578579545881,9.01798340233704,10.8790925266904,23.7110894660895,0.177816012221982,0.081521796078152,0.0327030238508885,205.221347883617,184.671143809339
442,459,"Atrato",420271,17.1837224588522,450.385796922283,17.1836895235806,9.60923662655315,16.2707069672131,30.1002101449275,0.352603439209462,0.204458551743994,0.100273395023687,450.385517612512,294.262731627585
443,460,"Atrato",2155740,15.9037328629848,570.444118967774,15.9053580662653,10.2124829930434,15.1111809500786,29.3833819849875,0.316966795624704,0.181849388145138,0.0910439106756845,570.508662266584,422.949529615994
444,461,"Atrato",2763040,14.6157432701903,517.603744229678,14.6195965666461,11.1749071659809,12.6158789684578,30.1131655092593,0.285636110950258,0.180899299322485,0.100556271353292,517.765685937603,503.152938451709
445,462,"Atrato",2639502,11.0566168520763,220.976403293388,11.0590893102318,9.14872828460028,9.1181906614786,23.9089650677789,0.164239314840451,0.0872884354700243,0.0393706843184813,221.011849130019,195.319814278202
446,463,"Atrato",271715,14.6143372313552,412.789291108811,14.6218916344749,7.24686840354612,14.2800872093023,23.9115280289331,0.210985775536868,0.0822957878659625,0.0275877297904054,412.307973910432,245.558358107601
447,464,"Atrato",851992,11.2206839579056,209.618457844318,11.2206839640505,8.8499594759027,9.90922268238293,22.4432126348228,0.143381627996507,0.0705616954149804,0.0332115794514503,209.618457844318,118.900217978011
448,465,"Cauca",1825831,25.4241293137916,1937.52034579516,25.4474299910679,11.2255814237675,25.6678062583222,39.4300195465207,0.69169928651666,0.524816918981001,0.34214338566932,1936.59488411611,591.446956735857
449,466,"Atrato",1342819,2.76018793685192,49.2365352082949,2.75637960481715,4.28961119647868,1.55735057265569,7.2476955231931,0.0111198903202889,0.00299221265114658,0.000568207628876267,49.0601077019132,61.2288254854021
450,467,"Atrato",794313,1.39084861256163,32.1512934443263,1.38919394831101,1.86868265476869,0.600642102736438,3.95783838973162,5.03579823067229e-06,0,0,32.1448397961838,5.38591652518681
451,468,"Cauca",115807,4.3916742923495,62.002201780723,4.39051743934245,3.95923547158816,4.01991758241758,9.76895502645503,0.0012952584904194,0.000172701132055921,0,61.9885514293341,7.67489121330217
452,471,"Cauca",490631,4.88845227965693,64.2371662152748,4.88795141008409,4.31901217475521,4.24242209631728,10.8732461928934,0.00331206140663757,0.000273117679070422,1.01909581742695e-05,64.2203105983808,14.1288137392574
453,472,"Cauca",941251,5.06560038038815,82.7836967869302,5.06557507640694,4.52144058213063,4.37089174635596,11.3451879000619,0.00455138958683709,0.000485524052564088,1.59362380491495e-05,82.7834595217753,18.1645347441644
454,479,"Cauca",108520,5.42874335193624,77.6260049045761,5.42793230396943,4.47980425674721,4.93676199261993,11.5012443438914,0.00300405455215628,0.000165868042757095,0,77.6091955096353,12.0093281728025
455,484,"Cauca",550562,14.8857981439367,955.428417013888,14.8894831386205,8.87791392457525,14.5829846032373,26.6165432098765,0.287360914847011,0.137337847508546,0.0489572473218275,955.137557850422,190.543558230411
456,487,"Cauca",107415,8.43621155942049,123.254628727702,8.43621156073649,7.03544644726853,7.2835193452381,18.3096875,0.0726155564865242,0.0207792207792208,0.00417073965461062,123.254628727702,54.9261269376816
457,500,"Cauca",123301,16.3115292190862,989.542973688541,16.3154145470787,8.85217981233139,16.1551369863014,28.0714444444444,0.347888500498779,0.181150193429088,0.0658956537254361,989.221790861665,279.338955789595
458,505,"Cauca",97677,10.3866082400976,727.350720394364,10.3751136265302,7.64364098614683,9.76423319327731,20.5870754716981,0.111059921987776,0.0428657718807908,0.0125310973924261,726.913054575414,37.6113363968838
459,506,"Cauca",102796,11.7776111555307,645.196222601839,11.7873227963083,7.88960405786761,11.5440095846645,22.0162809917355,0.152184909918674,0.0515292423829721,0.0135219269232266,645.024269528832,46.1304457583893
460,509,"Cauca",877847,12.285743119404,789.217641091237,12.2849759177091,8.46872542334401,11.9662430130423,23.5830575117371,0.188348311266086,0.0760736210296327,0.0231794378747094,788.940557690935,174.248154578616
461,512,"Atrato",292490,1.81367599238689,49.078477035729,1.8132336650889,2.19570562499591,1.3492125984252,4.53664495114007,0.000376081233546446,1.70946015248385e-05,0,49.0753872296469,6.484469984575
462,517,"Cauca",107163,21.8713394533402,952.984711176057,21.8713394666544,8.73275320505485,21.8666927899687,33.0862628865979,0.591080876795163,0.358892528204698,0.172139637748103,952.984711176057,156.056021172535
463,519,"Atrato",1002535,24.9475735552426,1136.95882783467,24.947573581249,12.3230271180259,25.0673364485981,40.9060698447894,0.638768721291526,0.50390160942012,0.358756552140324,1136.95882783467,543.068416711678
464,522,"Atrato",2116467,6.61875542358829,135.125609426297,6.618511302082,7.81569421643155,3.61081223628692,18.0069843557019,0.0761745871775936,0.0378215204867357,0.0168502509134326,135.099142143852,120.818467281025
465,525,"Atrato",709355,25.5649078946751,1453.77818455595,25.5649079222575,12.1727215459931,25.9364774330042,40.8805873925501,0.664579794320192,0.530543944851309,0.375008282171832,1453.77818455595,620.711641379071
466,530,"Cauca",1045788,12.3783464306141,623.263144113865,12.3838844534477,8.92568418139592,11.972487550928,24.3219847328244,0.197827858036237,0.0900077262313203,0.0333413655540129,623.120552190511,66.0832677983572
467,531,"Cauca",1117199,16.5190223046514,1172.61316502993,16.5190223155751,10.0513965563297,15.8148770871985,30.1188670360111,0.34394320080845,0.201390262612122,0.100918457678534,1172.61316502993,366.839735333071
468,532,"Cauca",389242,16.6443323872894,513.772094413402,16.6662123136836,9.7394714703745,16.4478260869565,29.613515625,0.363627255023867,0.205874494530395,0.0930141146125033,513.410183749,103.751368378809
469,533,"Cauca",1144519,21.3207789502614,1631.82332864976,21.3207789674728,9.74524113957163,20.9443756926487,34.0699235611511,0.539061387360105,0.344584056708539,0.183434263651368,1631.82332864976,501.561732961184
470,538,"Atrato",1129495,29.5259197973382,1788.96046735235,29.5259198274396,10.0448997069742,30.1586538461538,41.5916969147005,0.831828383481113,0.699028326818622,0.505498474982182,1788.96046735235,493.496602502787
471,539,"Atrato",98736,22.2268491386279,843.103826270671,22.2269342657157,10.9182279441776,21.7316576086957,36.3217073170732,0.564505347593583,0.385036865986064,0.227951304488738,843.107005416816,142.993666423953
472,541,"Cauca",1865035,14.0570424748636,2425.97699919282,14.0570424823386,7.10218473839255,13.6616020382799,23.2878085971536,0.18922057762991,0.0696372990319217,0.0205508207620769,2425.97699919282,359.765335653939
473,542,"Cauca",768816,21.7776049062058,1623.21666590579,21.7776049263471,9.76828311020659,21.4507526178011,34.7282092198582,0.552699215416953,0.368026940126116,0.205718923643629,1623.21666590579,268.752695958491
474,543,"Atrato",605567,29.1383066726593,1794.44377154239,29.1383067002318,9.88729564784115,29.6983239662786,40.9677669172932,0.828775346080615,0.689383668528833,0.487582711739576,1794.44377154239,426.692583906321
475,544,"Cauca",1340578,15.3765292904662,2230.25703952919,15.3765292994037,7.60654695717788,15.3640896432834,25.0728443968594,0.265992728509643,0.103187580282535,0.0289584045090998,2230.25703952919,392.898699499689
476,545,"Cauca",402057,19.3327239237189,1344.1484039714,19.3327239415657,9.70319705041082,19.1047354948805,32.1225653923541,0.466473659207525,0.293712085599803,0.144591438527373,1344.1484039714,306.165743125442
477,546,"Cauca",555232,14.7073285920249,2258.17636225999,14.7073286023002,8.96234956609587,14.4890354182366,26.1498626716604,0.267297273932338,0.125068439859374,0.0474054089101493,2258.17636225999,222.369293983099
478,548,"Cauca",249367,12.3168897690863,2666.22722001346,12.3168897733921,6.94415826179013,12.2011255115962,21.3259888059702,0.134219844646645,0.0381566125429588,0.00724233759880016,2666.22722001346,70.9504295731066
479,549,"Cauca",898973,11.4027253834854,2710.79552624548,11.4027253883125,6.93664542590698,11.3316451927241,20.3861986588433,0.109869818114671,0.0304236056032829,0.0060869458815782,2710.79552624548,64.1216819886457
480,550,"Atrato",1470622,25.5734398379953,1679.00248416537,25.5734398616883,10.8851472646505,25.7456781609195,39.1475760755509,0.693586115262794,0.529824795222702,0.346302448895773,1679.00248416537,399.137916688363
481,551,"Atrato",867916,27.6573340820303,1882.30242140818,27.6573341058531,10.0145221266839,28.0742789722077,39.9170060483871,0.780216057775176,0.623364473059605,0.421130616326926,1882.30242140818,448.081153856889
482,553,"Cauca",338499,11.228068055016,2607.99571739079,11.2280680619466,6.38173333216283,11.1268946570671,19.5376442307692,0.0876959754681698,0.0222009518491931,0.00405023353097055,2607.99571739079,52.2113861540599
483,554,"Cauca",118282,17.9471047699046,1199.36077375269,17.9471047790186,9.43525511820427,18.0109929078014,30.2094413407821,0.422270506078693,0.244491976801204,0.104538306758425,1199.36077375269,163.693066947551
484,559,"Cauca",109229,20.6305639563643,1384.46891372078,20.630563977069,8.03237922437841,20.7666903409091,30.6578205128205,0.535663605818967,0.295535068525758,0.114200441274753,1384.46891372078,187.936346401242
485,560,"Atrato",2145904,25.7400988733239,2292.33175810358,25.740098897071,10.675903368275,26.1185611705731,39.00618125,0.709433879614372,0.544857551875573,0.353637907380759,2292.33175810358,471.408910977952
486,564,"Magdalena",523051,17.1179147448384,1938.39229123966,17.1179147594404,9.23945642356047,17.2138041594454,28.9827590673575,0.379970595601576,0.202515624671399,0.0805370795582075,1938.39229123966,142.875383711992
487,567,"Magdalena",764814,17.5063761319829,2084.35794396901,17.5063761447099,8.8477386363397,17.2788982133189,28.8020042492918,0.374623110978617,0.192755362741791,0.0781274924360694,2084.35794396901,203.277536164364
488,569,"Atrato",343879,26.1713616730788,2491.13641989766,26.1713616987541,9.96181370502933,26.8023472850679,38.0942834394905,0.746250861494886,0.57622303193856,0.36164174026329,2491.13641989766,203.369866428646
489,572,"Atrato",902202,16.1278115992963,1265.64662982101,16.1278116133769,11.429592046293,13.6806892269482,31.9007692307692,0.32119414499192,0.216829490513211,0.126745451683769,1265.64662982101,327.257797420219
490,573,"Magdalena",591955,15.003817718907,2164.34289812964,15.0038177262545,8.04287942382634,15.1751036729858,25.1569464285714,0.264357932613121,0.105200564232078,0.0319906073941431,2164.34289812964,130.126412484189
491,576,"Magdalena",305444,13.3713575290091,2219.24984286051,13.3713575339355,7.28965414149541,13.5431056293485,22.47,0.175171226149474,0.0553489346656015,0.0118581474836631,2219.24984286051,56.244558192922
492,577,"Atrato",632480,26.6098523991647,2051.45641109661,26.609852423049,9.72889165140275,26.8876563349647,38.4505050505051,0.766542815583101,0.585088856564634,0.362251770806982,2051.45641109661,297.844693809073
493,579,"Atrato",245949,25.6417135768987,2319.9173987292,25.6417136050716,9.96393512721836,25.9418595679012,37.8960096153846,0.724784406523304,0.543921707345832,0.329446348633253,2319.9173987292,205.218883678187
494,580,"Magdalena",990778,12.219820449998,2272.43354427642,12.2198204572742,7.32036200653183,11.9741168855188,21.7126595744681,0.138919112051337,0.0496064708744038,0.0146046843995325,2272.43354427642,134.445010977366
495,584,"Atrato",104604,25.8803898442998,2231.92533597763,25.8803898689086,9.74397727537907,26.1478744939271,37.8538666666667,0.744531757867768,0.556211999541127,0.335493862567397,2231.92533597763,127.098616604099
496,586,"Atrato",1033125,23.4423641865037,1343.99023339965,23.4423642073007,12.6258467030569,23.0743284493285,39.9213315217391,0.588036297640653,0.448242952208106,0.304884694494858,1343.99023339965,660.025781529739
497,587,"Magdalena",356434,11.4246042704967,2243.62811443651,11.4246042768685,8.62817769468957,10.106463267764,22.9802620087336,0.14749715234798,0.0767799929299674,0.0377825908863913,2243.62811443651,137.652609047209
498,588,"Atrato",382765,26.4588712270537,2555.48472158318,26.4588712471434,9.84983570411002,26.6841098748261,38.5232236842105,0.752668086162528,0.575076091074158,0.361751988818204,2555.48472158318,270.296522292308
499,590,"Cauca",1022830,19.9148585998176,2093.72797717012,19.914858617544,10.6274931388844,19.8282558806655,33.7872146118721,0.492432760087209,0.325242708954567,0.176955114730698,2093.72797717012,314.209153012851
500,591,"Magdalena",921404,11.02381604043,2240.1914042405,11.0238160447737,8.58445790120085,9.60817244115314,22.5945123258307,0.140245755390686,0.0742779497375744,0.0358105673515635,2240.1914042405,118.672778606
501,592,"Magdalena",1916569,13.43643272319,2372.59867617154,13.436432729221,9.00633420657889,12.6105630821338,25.6812892483349,0.223754532187466,0.112153541041309,0.0466270716055618,2372.59867617154,195.872784350229
502,595,"Atrato",99695,29.4038013721131,2192.75367338767,29.4038013984952,11.0978777473205,29.7511904761905,43.483125,0.797141280906766,0.661246802748383,0.490195095039872,2192.75367338767,367.789881922948
503,596,"Magdalena",1339333,25.9628739021816,1791.7262120607,25.9628739267512,12.030864364989,25.2849058823529,41.954659666908,0.671136304414212,0.512789575109401,0.353823880991508,1791.7262120607,502.234313563375
504,597,"Magdalena",115807,18.7042709034388,640.071704854916,18.7042709208142,11.6575384974296,18.8372641509434,33.7371354166667,0.457468028702928,0.298565717098276,0.167494192924435,640.071704854916,181.599060892503
505,598,"Magdalena",101686,17.0174196634074,567.503088117746,17.0174196752114,11.4797706452708,17.1662420382166,31.8752941176471,0.396829455382255,0.244074897232657,0.130057235017603,567.503088117746,151.967820055568
506,599,"Cauca",1526367,20.6362665323279,2324.09085769082,20.6362665482653,10.578383483521,19.4759124336102,35.2215737051793,0.47704844247812,0.314632719391863,0.186905246248117,2324.09085769082,406.117102828083
507,603,"Cauca",555485,19.6183321672079,2429.74388806998,19.6183321804381,11.4802026716049,17.7994466145833,36.1453443877551,0.421066275416978,0.279760929638064,0.179882445070524,2429.74388806998,439.414077400699
508,608,"Cauca",175000,24.9127556297803,1235.3766384361,24.9127556514892,10.7387331911265,25.169453125,38.3758754863813,0.671314285714286,0.508977142857143,0.32432,1235.3766384361,297.361821226866
509,609,"Cauca",370323,23.7300464136227,2359.81479361871,23.7300464362985,10.8194803227385,22.8950342465753,38.17959375,0.606303146172395,0.4258066606719,0.260672440005077,2359.81479361871,499.413264365406
510,610,"Cauca",236993,26.4323902429203,2700.0715132855,26.4323902645266,10.1899766194741,26.5943289786223,39.3804512195122,0.733899313481833,0.563695974142696,0.36855518939378,2700.0715132855,255.842945016636
511,611,"Cauca",217856,21.4304915572924,2468.02838174829,21.4304915724389,9.54059208718815,21.0301834862385,33.6419931271478,0.544001542303173,0.339173582549941,0.174395013219741,2468.02838174829,187.566318753363
512,612,"Magdalena",317036,8.20474524523986,232.652984391123,8.19692097228878,7.32749076311028,6.90496760259179,18.6147204968944,0.0759566736900541,0.0254892188899683,0.00581006573385988,232.530096854399,32.0469029485271
513,613,"Cauca",200664,23.5750376559329,2792.46481956516,23.5750376763906,9.38420101644801,23.657495256167,35.574,0.649299326236893,0.443816529123311,0.24387533389148,2792.46481956516,188.355674840699
514,614,"Cauca",259615,18.4208527467467,2760.59311915958,18.4208527570714,9.06973098814306,17.895021978022,30.1339135021097,0.407098973479961,0.223727442559174,0.101500298518961,2760.59311915958,174.688607059243
515,616,"Magdalena",1257484,8.88291198358139,351.269536617206,8.88291198861298,7.54190906863767,7.44580878020035,19.2910579937304,0.0882897913611625,0.0379599263290825,0.0135445063316909,351.269536617206,160.44117667873
516,621,"Cauca",1346020,21.5623034778042,3061.36178514492,21.5623034944805,9.53794736660145,21.6128013777268,33.5776869158879,0.563572606647747,0.360463440364928,0.182167426932735,3061.36178514492,264.644747032468
517,622,"Magdalena",105946,8.26300892105393,476.096889149975,8.26300892247518,6.8979950226407,6.89598677998111,15.9998734177215,0.0563400222754988,0.032761973080626,0.0187548373699809,476.096889149975,180.019053457475
518,624,"Cauca",1117922,19.9005919718993,2324.97673274952,19.9005919879827,9.5002779373734,19.6394212818917,32.2631087151842,0.483810140600149,0.298031526349781,0.146387672843007,2324.97673274952,423.5851967068
519,627,"Cauca",103951,16.2260397125682,1735.90885125869,16.226039723764,6.79755950402437,15.8787895927602,25.2727898550725,0.283797173668363,0.109772873757828,0.0263297130378736,1735.90885125869,165.14696161096
520,633,"Cauca",100328,16.4789645254572,1346.17344645452,16.4789645346017,8.23053643758616,15.9777511961722,27.0438392857143,0.314857268160434,0.147954708555937,0.0527270552587513,1346.17344645452,213.572825245592
521,634,"Cauca",108946,16.7305803771228,1306.9846309537,16.7305803806133,9.29255350603323,16.4766304347826,28.9453398058252,0.352743561030235,0.187193655572485,0.0816184164632019,1306.9846309537,228.096686012649
522,636,"Magdalena",1017735,26.855813870055,2847.62009188349,26.9092463940307,13.4996192790211,26.6372405234657,44.7231463414634,0.672622047979091,0.547474539049949,0.40749212712543,2845.31834898013,566.10912926892
523,638,"Cauca",97797,14.7094352500865,784.88703014307,14.70943526346,8.8237348325556,14.5723794549266,26.1024411764706,0.27186928024377,0.126108162827081,0.0443674141333579,784.88703014307,74.6731346637177
524,642,"Atrato",1387823,25.6750079826722,2474.47455783681,25.6750080088735,11.105482853836,25.827911477617,39.4767651458489,0.695899981481788,0.535009867973077,0.3476358296411,2474.47455783681,552.385929146584
525,648,"Cauca",2967919,15.5161877546108,2162.84431699849,15.5161877644569,9.2777069839809,14.7633615352868,27.5225764551135,0.277325627822053,0.144518431938338,0.0695039184020858,2162.84431699849,392.812612429031
526,651,"Cauca",2105451,14.381317377475,2634.9281957089,14.3813173845065,8.63841869793559,13.5976141849239,25.8078197812649,0.238258691368263,0.116470532916701,0.0478695538390587,2634.9281957089,190.73403208511
