"catchment","slope","percentile"
384,25.996057510376,0.255625451506548
384,52.3178329467773,0.966850592943035
384,37.7843437194824,0.661882410818
471,0.0109108174219728,0.0343137254901961
214,35.8009872436523,0.722781472010913
214,18.2550582885742,0.144919437608379
471,0.0109108174219728,0.0343137254901961
480,24.8559017181396,0.46929462499541
72,16.1812686920166,0.195658373445561
471,18.0340270996094,0.361073975044563
89,10.8880767822266,0.0642627942607707
89,36.4111328125,0.743941335748769
89,29.6565647125244,0.511404261059772
89,24.8151187896729,0.355194310878133
80,23.3518218994141,0.499471573225084
216,13.6749458312988,0.218652841421142
384,41.8565101623535,0.795407300613545
384,33.3945465087891,0.497418798656984
384,28.3031959533691,0.32249846943645
384,25.0280914306641,0.230387641892359
384,45.0486183166504,0.87314906563848
384,12.1815347671509,0.0464391215923137
384,36.1320037841797,0.601750856068054
384,30.1063404083252,0.379696929018321
384,33.9133148193359,0.518266276932293
384,43.4915199279785,0.837492560568803
384,26.194185256958,0.260336250650829
214,47.4765663146973,0.971093448531496
214,26.1472301483154,0.350432393398735
214,50.2744102478027,0.985037154929893
214,32.6509666442871,0.598221591009163
214,44.2743988037109,0.939597019920038
75,27.2385711669922,0.342326624275229
75,27.9867668151855,0.367901623837301
75,26.4084606170654,0.312978436421602
75,36.0909957885742,0.703368542750539
211,37.9907264709473,0.74370786809297
211,36.7348747253418,0.701397022461675
211,38.8723487854004,0.771098487806148
85,22.4897918701172,0.452400703841921
85,14.5742158889771,0.227636310952313
85,18.9879817962646,0.345978496834814
85,37.2348327636719,0.879269612115802
212,32.6763038635254,0.603632309410722
84,13.5182847976685,0.131969046166889
212,22.2036437988281,0.256684843984309
211,30.2901954650879,0.481689700944796
212,32.2402000427246,0.5865651040756
211,40.4133758544922,0.81679940657453
211,28.8786373138428,0.435165664610499
76,28.548791885376,0.355487538259729
75,20.3112831115723,0.143507278364601
208,27.1326484680176,0.346932248083107
75,42.546443939209,0.907467549529665
214,45.7423706054688,0.956754255484375
384,44.3195190429688,0.858536354473087
384,35.0742111206055,0.562254944942389
384,46.325626373291,0.898289881364836
384,43.9299125671387,0.849432120185514
384,36.2899284362793,0.606522179398343
384,34.742919921875,0.549333807180807
384,40.9688186645508,0.769221278751898
384,31.9517345428467,0.445421539316278
384,21.6025657653809,0.158216429833458
384,29.3884334564209,0.35488356465729
384,25.5729541778564,0.243145829922382
384,35.3827972412109,0.574166570319405
384,19.8270282745361,0.12885676796191
384,26.7292366027832,0.275073113992649
384,34.9425048828125,0.556943559644645
384,32.3696670532227,0.458908345431704
383,55.0394821166992,0.98734802773584
392,30.6304054260254,0.565051151656945
392,34.3190841674805,0.701559191321819
392,30.3704490661621,0.556952726012337
392,34.4502372741699,0.706341830628172
392,42.015323638916,0.907409272828695
392,36.6953811645508,0.778485705156325
384,22.4897918701172,0.176097447043277
392,25.0984630584717,0.366415647153758
392,18.0816822052002,0.170257843344327
384,31.5297183990479,0.428690481640609
384,44.9569625854492,0.872157400129273
384,35.806209564209,0.591572705454393
384,39.7803039550781,0.7305890012035
392,48.1896858215332,0.973267369629618
384,28.9501686096191,0.341132935166958
392,23.0012092590332,0.302089933765509
208,10.6817846298218,0.0363652415038743
208,44.7252311706543,0.934559353481089
208,31.1591987609863,0.499149012536145
206,39.9500694274902,0.838816630386787
76,35.4202919006348,0.623036170061317
211,34.2617301940918,0.618489888342313
85,28.8147926330566,0.655068386234422
85,26.3342475891113,0.576659648499662
86,17.2318649291992,0.421390887845061
465,39.7558975219727,0.880395570624018
465,29.2877254486084,0.602390904413164
465,35.8218765258789,0.793269942412473
211,46.317798614502,0.933438093750813
211,42.0993461608887,0.857655969391739
206,12.6043825149536,0.0731162221413134
206,49.0241203308105,0.971198165606674
206,47.2661209106445,0.958776503032791
208,19.9111671447754,0.152001123071891
208,40.082160949707,0.835960588281266
208,34.981029510498,0.655591769156625
208,33.1995277404785,0.582379349370877
208,51.0002670288086,0.984538947149047
208,38.3288192749023,0.778967584324464
208,40.8289909362793,0.856556511067179
208,34.3133583068848,0.62873935180227
208,47.8085517883301,0.967543801251009
392,39.3475723266602,0.851220166046564
392,44.052791595459,0.937830833969683
392,44.8502502441406,0.947238785358007
392,27.9278087615967,0.46606308253045
392,33.9015693664551,0.68713166203621
392,0.0110214445739985,0.00421479904899619
392,41.7711181640625,0.903499109110898
392,47.8085517883301,0.971251089917518
392,42.7917556762695,0.920135176850964
392,36.4362678527832,0.771750691860686
392,32.2726631164551,0.626681993208663
392,32.0111503601074,0.617020043650858
392,27.5436706542969,0.451666422958402
383,28.5162563323975,0.388169302069659
392,28.9501686096191,0.503555162011839
392,37.1293525695801,0.791945441843084
208,17.3493251800537,0.106574601787074
208,28.8467464447021,0.405809581424159
208,25.6603965759277,0.296619785169083
87,29.0608291625977,0.818964999499516
87,4.57392120361328,0.169810817123219
463,43.920654296875,0.942061873151561
69,49.8634490966797,0.997629259085922
464,0.0104646757245064,0.2430583609383
464,0.0108261024579406,0.2430583609383
464,0.0108194211497903,0.2430583609383
464,0.811278700828552,0.288418387813276
463,19.6430759429932,0.350496491394315
463,15.2178955078125,0.241425985127701
463,43.4851608276367,0.936487005441207
463,38.594165802002,0.857627913239937
463,19.1213665008545,0.337898427486322
90,40.3547515869141,0.957451720182659
200,13.70654296875,0.198944379220727
200,5.43498182296753,0.0810981667118215
200,38.8723487854004,0.87184041261527
449,2.89541888237,0.710972215912941
449,4.56740808486938,0.835478943923194
449,0.0104737253859639,0.383981757779716
449,1.76686823368073,0.53228171481041
449,0.0108261024579406,0.383981757779716
450,5.17424154281616,0.963895844585195
449,0.759176015853882,0.435236617891168
450,0.0104737253859639,0.474851853110801
450,0.0108261024579406,0.474851853110801
450,0.0108261024579406,0.474851853110801
470,28.028751373291,0.414668502295274
470,30.1727638244629,0.502493592269111
470,24.062780380249,0.275924196211581
470,43.0035438537598,0.925707506451999
470,33.9894371032715,0.661253037862053
470,28.3279209136963,0.426838542888636
470,40.4911956787109,0.876053457518626
470,26.9903469085693,0.372115857086574
470,39.9057846069336,0.863452250784643
470,26.2222938537598,0.345819149265822
470,21.6150684356689,0.205034993514801
470,27.2385711669922,0.384991522760172
470,34.399040222168,0.679727665903789
470,38.4177665710449,0.82314220071802
470,43.7623710632324,0.936403436934205
470,27.061653137207,0.376924200638338
470,28.0622615814209,0.416760587696271
470,37.5752372741699,0.796694097804771
470,42.5227088928223,0.917545451728427
470,40.070198059082,0.867337172807317
470,35.9880180358887,0.740558391139403
470,42.8615837097168,0.922835426451644
470,26.6382255554199,0.362211430772159
470,35.3290824890137,0.714846900606023
470,16.0898933410645,0.0994630343649153
214,37.9907264709473,0.796968843017419
74,34.7707862854004,0.713480237338331
489,15.6801414489746,0.560803456432152
489,8.98487663269043,0.323883121518241
214,30.5657978057861,0.513214377781016
214,27.1326484680176,0.384922191604475
214,34.742919921875,0.680498024968497
214,28.9501686096191,0.450386440091779
214,25.919942855835,0.342868511096843
214,23.0012092590332,0.25564609228769
214,34.3819389343262,0.667386922041095
214,25.0280914306641,0.312676227729859
470,26.6382255554199,0.362211430772159
214,34.6534233093262,0.677174816306859
470,26.8377876281738,0.367315481697573
470,41.2594566345215,0.893695855227336
470,36.2899284362793,0.750755868773213
214,23.3182277679443,0.262789669952782
214,23.2733268737793,0.260704158373989
214,20.4062843322754,0.188808048073244
470,29.0055923461914,0.453170664766112
470,30.8298053741455,0.53009973483725
470,37.880989074707,0.805479439926693
214,28.548791885376,0.435931963487135
214,40.7985877990723,0.875129493857148
214,9.15982437133789,0.0336107610796305
214,40.946231842041,0.878632032497154
214,22.6660137176514,0.245469916595548
214,16.6113510131836,0.115500514773108
214,26.6382255554199,0.367510371517276
214,25.5729541778564,0.328739070077993
214,31.1869316101074,0.537519994492008
214,34.3362503051758,0.664543260955541
214,22.1916065216064,0.2307008119485
214,39.6496963500977,0.845626510094517
492,30.2901954650879,0.649865608398685
480,32.821231842041,0.746564378881861
492,18.0816822052002,0.180565393372122
492,28.9501686096191,0.592415570452821
492,27.9024772644043,0.547865545155578
439,32.3438568115234,0.955739313636479
439,0.00993164163082838,0.0354961074958558
431,4.70146894454956,0.113008737139145
489,32.4211730957031,0.906528693130807
492,28.5569152832031,0.576783455603339
492,26.4454402923584,0.482174930432583
492,14.1969470977783,0.100893308879332
492,30.7375259399414,0.668740513534025
492,43.1441535949707,0.96044776119403
439,10.6849336624146,0.32664091179583
439,0.0107818292453885,0.0354961074958558
439,0.0107818292453885,0.0354961074958558
431,0.0107818292453885,0.0312471514599071
431,2.20923280715942,0.0517333669501469
431,0.0107818292453885,0.0312471514599071
439,13.54079246521,0.450249436593996
431,20.3112831115723,0.653410975243156
431,11.5279731750488,0.328288548626398
62,46.9380493164062,0.981246835611693
68,36.0550308227539,0.801488489477179
524,4.12451791763306,0.0240441324289913
431,0.0099900821223855,0.0312471514599071
54,10.9782495498657,0.504767862060056
54,17.8740081787109,0.784125484010239
67,17.299108505249,0.581770269728668
67,18.0340270996094,0.602460823213498
335,24.062780380249,0.380934410683433
335,35.0742111206055,0.781384533444186
524,39.7110557556152,0.90371682844282
524,35.8583641052246,0.830594391359705
524,31.5500602722168,0.707793428989143
524,31.898738861084,0.716937966873297
524,30.2242412567139,0.661977788233802
524,29.0055923461914,0.616554848853204
524,37.2777862548828,0.861369929738879
63,29.4501056671143,0.606077032735916
524,30.2168979644775,0.661977788233802
524,16.5583381652832,0.212364977378239
524,13.6749458312988,0.151433576183706
524,13.3366441726685,0.143387161042871
485,29.9353675842285,0.643176488789806
485,49.3412666320801,0.987495712762547
485,34.7205924987793,0.802536832961773
63,42.9936828613281,0.940793365771279
432,14.799222946167,0.579150569377339
63,18.8082122802734,0.286522007677733
238,31.0547847747803,0.616435646828078
524,15.9725427627563,0.20023086517517
524,32.3115348815918,0.731617792758875
524,41.3220710754395,0.925434295295582
485,36.0550308227539,0.837762080689537
485,29.3884334564209,0.623285105018677
485,32.6001777648926,0.73780607147384
485,50.1807250976562,0.989446405803801
485,29.2643966674805,0.619279334024262
485,25.8338871002197,0.491400826877624
485,25.0884304046631,0.462188429678122
485,17.6305160522461,0.224869798462559
485,18.7780323028564,0.254826404163467
485,23.092435836792,0.391221601711913
485,26.4084606170654,0.512844470209292
485,29.6185245513916,0.632402008663948
485,45.005729675293,0.969261905472006
485,27.0705432891846,0.535964796188459
485,23.1491870880127,0.392129377642243
238,33.0517272949219,0.685346035304007
238,33.0269660949707,0.682257196925995
55,14.4705753326416,0.28546276624076
432,0.0100015820935369,0.0738016813954886
432,9.3989143371582,0.359458561543062
55,3.2376880645752,0.0213909914601741
238,37.4106712341309,0.815516262288303
485,24.2012519836426,0.430637624050284
485,32.821231842041,0.744691747627107
485,14.3660564422607,0.154327966209113
485,38.594165802002,0.8929756410352
485,40.3155403137207,0.9218874656089
485,23.9338893890381,0.422731864985573
485,29.5956592559814,0.630162393098666
485,26.1189918518066,0.502162724893565
485,20.2430553436279,0.299021764254133
485,33.0702781677246,0.752092358278842
485,30.6304054260254,0.668130074784333
485,44.0313606262207,0.962267650370194
485,34.4729385375977,0.794822135566176
238,38.7729415893555,0.847293164699589
55,7.20912075042725,0.076423452267522
56,18.4572772979736,0.487091160907703
56,23.5408515930176,0.655417056319077
432,9.92227363586426,0.379661885732185
238,4.35371398925781,0.0353279802458185
238,35.5905990600586,0.764640704342054
238,66.7447280883789,0.99889272298746
238,27.0260391235352,0.468134695229119
238,28.8866004943848,0.535176647392954
238,31.8389167785645,0.641415306793646
238,21.2610874176025,0.283794798644897
480,43.8835639953613,0.958433234372939
480,30.773078918457,0.679730753381902
77,35.941463470459,0.941415857490155
77,49.2363929748535,0.994395001350602
77,24.5370998382568,0.689908869901477
238,31.3317699432373,0.62456941308325
238,39.8573341369629,0.871163300135001
234,0.0109108174219728,0.0289032195500388
432,8.84225845336914,0.331192512506051
432,22.3830986022949,0.824535591225356
432,23.9338893890381,0.858326135036877
234,31.0198345184326,0.932069433669511
228,16.2357921600342,0.597838164986022
228,6.50463438034058,0.311603972063622
231,28.3031959533691,0.754629652221013
231,9.3989143371582,0.17709792171923
231,28.6460151672363,0.762791015424855
231,10.8880767822266,0.213110394331695
480,27.4136066436768,0.560538330039942
480,25.718433380127,0.500255674129722
480,31.0338230133057,0.689065579054305
480,7.29771852493286,0.0522466004180544
480,35.5905990600586,0.824025480374971
480,26.9903469085693,0.544390060804204
231,33.1011428833008,0.866639177471222
231,24.0948429107666,0.631584597592337
226,23.2733268737793,0.67450379012142
226,0.0109108174219728,0.0279585755743417
225,10.4173717498779,0.356118753547201
226,9.92227363586426,0.170302142073745
480,13.8733692169189,0.152126107184579
480,20.3656425476074,0.31944986543109
480,12.3825492858887,0.122850059362637
223,16.5583381652832,0.258753083163986
226,26.5558815002441,0.791171589133368
228,27.7496585845947,0.886323535533702
223,56.095142364502,0.99742798194313
223,0.0112142711877823,0.00748956765896716
258,12.4569892883301,0.0892848362396127
496,22.8749027252197,0.493601451905626
496,7.29771852493286,0.10940592861464
496,30.0173568725586,0.695584754990926
496,20.6744632720947,0.431106594071385
258,2.28559875488281,0.0132134763154248
496,11.5279731750488,0.197570477918935
496,28.8786373138428,0.664061947973382
60,33.0702781677246,0.845661801737252
266,38.2079391479492,0.898699026586294
498,35.3505897521973,0.826013350227947
58,23.307014465332,0.344107725488027
58,38.4177665710449,0.892965768954266
264,31.5500602722168,0.723861780464743
264,34.742919921875,0.826237070571044
274,19.0474147796631,0.175731902678178
274,36.7496604919434,0.823702572813968
274,20.3112831115723,0.208947328810571
274,26.2876930236816,0.416271193729774
278,40.7031898498535,0.940156428312968
278,18.7780323028564,0.249159280055264
278,22.5957622528076,0.379313355111501
278,25.2183952331543,0.480928498951156
274,42.751708984375,0.947700809581662
498,35.5905990600586,0.83093543035544
498,15.736777305603,0.13735843141353
274,39.8411483764648,0.900416079818516
274,29.0765781402588,0.533149842491748
274,30.6947612762451,0.599225898012063
274,39.8856163024902,0.902101901925579
274,36.9308967590332,0.830095365064347
274,33.4369010925293,0.711999655954672
267,36.9892387390137,0.778175956351913
267,40.9688186645508,0.882215264430529
267,36.4362678527832,0.760921321842644
267,35.5269432067871,0.728777357554715
267,56.6456184387207,0.994333188666377
267,28.9104671478271,0.460784921569843
267,20.6744632720947,0.195619691239382
448,34.2214622497559,0.788482066522038
267,37.9496650695801,0.806940913881828
267,24.8864231109619,0.313509827019654
267,26.2876930236816,0.36001302002604
267,32.6192436218262,0.616070432140864
267,18.5342979431152,0.148620497240994
267,25.0280914306641,0.31754913509827
267,28.8227863311768,0.456246512493025
267,20.911828994751,0.201996403992808
267,5.82291555404663,0.0198958397916796
267,20.3656425476074,0.189177878355757
267,27.1237907409668,0.392736685473371
267,35.2643890380859,0.719458738917478
267,34.399040222168,0.68747287494575
267,22.989767074585,0.253999007998016
267,34.3762359619141,0.68747287494575
498,34.2617301940918,0.792342560056431
498,7.5993332862854,0.035060676916646
498,25.5729541778564,0.450456546444947
498,36.7348747253418,0.860483586534819
498,31.898738861084,0.711115175107442
498,33.3945465087891,0.763369169072407
274,22.1554393768311,0.263979529302986
278,38.377799987793,0.905386427528549
278,35.2643890380859,0.836967385886026
278,46.144458770752,0.98210639250804
278,10.2654371261597,0.0758773472470692
278,27.6298122406006,0.575291563448103
278,26.3249473571777,0.524791433133349
278,36.926025390625,0.877163794259572
278,51.1736373901367,0.994304106559513
278,37.9496650695801,0.897548564386875
278,38.9796867370605,0.915528204920584
278,24.1906433105469,0.43684668658922
274,27.9278087615967,0.485417853802238
271,50.5742683410645,0.956260282147061
271,49.0775108337402,0.945037699832189
271,54.465087890625,0.976213004876087
267,5.42047643661499,0.018500837001674
274,22.2036437988281,0.264947156787907
274,38.9711265563965,0.882805259592951
274,35.7591285705566,0.794213587640172
274,24.0948429107666,0.33263592478309
274,27.4744319915771,0.465772865575039
274,30.9356460571289,0.609927857995291
274,32.7835464477539,0.68625431400587
274,41.2483787536621,0.926142069217619
274,17.7446708679199,0.143527109696703
274,37.0280113220215,0.833387448796379
274,57.1850280761719,0.997875520099773
274,7.64140510559082,0.0239176011439507
274,22.2996101379395,0.266400748298588
271,30.113733291626,0.47288150680641
271,32.0637855529785,0.542732520762107
271,47.6672630310059,0.930992987534494
271,16.2539176940918,0.108170659738821
271,34.8263778686523,0.638922315597213
444,24.3174934387207,0.808245989924142
274,24.3490505218506,0.340331788713163
274,40.8099937438965,0.919858941415531
274,28.369047164917,0.504368300523594
274,26.5650520324707,0.429712614636978
274,33.3945465087891,0.710103106084227
274,31.3523578643799,0.630510369741213
444,35.8479499816895,0.954105984712491
444,13.8733692169189,0.545550914934275
444,12.0796165466309,0.484657840639296
278,23.7167320251465,0.420716756453111
278,19.4712200164795,0.270040005364413
278,16.5583381652832,0.189820519892611
282,24.5163135528564,0.39752414840206
282,38.3511009216309,0.806312117514461
288,13.7193269729614,0.131661388716195
288,61.4270477294922,0.992724199564812
288,35.1396675109863,0.69752243938452
299,52.6522331237793,0.97536476292765
299,30.5801773071289,0.503858039230465
299,32.0572166442871,0.557949099633824
299,23.7057952880859,0.282277515027039
302,47.3123550415039,0.96111105212304
302,34.9204483032227,0.720346991431393
23,24.7229785919189,0.755497865107988
302,41.410026550293,0.885676516494834
302,45.7396545410156,0.947148575615039
299,37.2348327636719,0.731395991533355
302,41.6852378845215,0.889662458457651
302,39.3642807006836,0.842160308342447
302,29.7701606750488,0.550250050434801
302,26.0245094299316,0.433314575126618
302,40.9085083007812,0.875388878860917
23,7.42854976654053,0.152929776561787
23,34.9038887023926,0.949498404012768
302,44.9598350524902,0.938875144668245
302,36.5812911987305,0.769676474023423
302,21.8014087677002,0.318501608604708
302,58.8146591186523,0.995739055648167
302,42.6410140991211,0.906562894851403
302,35.3129348754883,0.731260020598635
302,25.0280914306641,0.401925016723118
302,31.2698516845703,0.598462534906191
302,27.6984024047852,0.483789724042004
302,29.3110198974609,0.53495184803729
448,43.6338691711426,0.951079261990841
331,31.1591987609863,0.539608496255192
331,42.5227088928223,0.887686472757107
331,36.1524696350098,0.719631930473573
331,35.9310989379883,0.712427259350966
331,30.8227252960205,0.527449232001218
331,16.9423580169678,0.128266727585809
331,49.1264381408691,0.966126009280344
331,54.1328048706055,0.987295411167363
331,34.1753196716309,0.649453324391975
353,28.548791885376,0.369949740371532
353,32.9773254394531,0.518014328159276
352,45.5975189208984,0.911538257000538
352,28.3031959533691,0.330353291537902
352,51.3410873413086,0.973362798915131
353,59.5223197937012,0.989712048426957
353,35.5905990600586,0.614340654763558
353,43.4309997558594,0.859668730736123
353,27.4744319915771,0.336572904229028
479,6.93624782562256,0.280827121615443
480,30.6304054260254,0.673995085072847
481,22.4068717956543,0.293807234801525
481,26.371395111084,0.433037298540412
481,28.3854675292969,0.512678646320612
481,25.1785163879395,0.388344033293545
331,38.3955764770508,0.787841718312835
331,36.0550308227539,0.716131536218641
331,28.6298503875732,0.446979466810121
331,33.1011428833008,0.613255563170448
331,40.7031898498535,0.849815891544276
331,37.3206214904785,0.756260792882286
331,27.2121543884277,0.398466458853787
331,34.3819389343262,0.658862629790934
331,37.6871032714844,0.768007379076731
331,25.1785163879395,0.330724618457026
331,37.1965599060059,0.751613251878545
352,27.6555671691895,0.309240887040068
352,28.6298503875732,0.340404285114957
352,36.2594833374023,0.641461382558188
352,38.785945892334,0.737811471486732
331,27.4136066436768,0.402493754559724
352,46.072925567627,0.919361605322713
352,36.9308967590332,0.668051312656216
352,27.1237907409668,0.29223514952404
352,42.546443939209,0.849938252273439
353,27.2385711669922,0.331213728375864
352,28.028751373291,0.320390931061175
352,37.2204895019531,0.679715428659218
352,25.0079288482666,0.230245159155504
350,19.2535419464111,0.165893957558824
350,31.8921031951904,0.556306108867408
388,13.4957332611084,0.274249697506505
388,29.9801406860352,0.751793054907512
388,29.9278945922852,0.749730246977042
388,16.6113510131836,0.379601578502005
388,31.1383686065674,0.778262224295961
388,53.7203903198242,0.995450814162231
388,37.4106712341309,0.900768847519553
388,52.4559593200684,0.994129174607945
480,12.4816913604736,0.124856693290322
480,11.3099327087402,0.104872632124366
480,9.3989143371582,0.0775780588077698
480,31.6581325531006,0.709815302640651
485,33.0517272949219,0.752092358278842
481,22.3473720550537,0.288522161130801
481,31.5297183990479,0.640906493255108
481,31.1383686065674,0.625072011577157
481,30.773078918457,0.610055581415713
481,13.5856800079346,0.0898232086976159
386,25.108491897583,0.2708655244501
386,37.880989074707,0.726100936193419
351,32.6192436218262,0.490003142202102
351,40.0622177124023,0.774523723625869
236,6.30297660827637,0.202939077673504
485,23.3518218994141,0.401328298004011
481,34.4502372741699,0.75177321307592
481,23.5850028991699,0.328840579042211
485,25.5729541778564,0.47800274383197
485,41.6169052124023,0.938933428522432
485,30.4647941589355,0.662425718951081
485,35.9673461914062,0.835745215070199
485,32.4211730957031,0.730705101439766
485,33.0702781677246,0.752092358278842
485,15.9609003067017,0.187490213914509
481,38.0589256286621,0.859870079592956
481,24.2330379486084,0.351926914586204
332,25.5729541778564,0.413596058001118
332,35.2643890380859,0.775148398798134
331,11.3648767471313,0.0522578157048566
386,39.7721710205078,0.788600936193419
386,62.0029144287109,0.99771064351936
386,46.6275520324707,0.93530721686966
386,33.1011428833008,0.547315260861661
386,54.7248001098633,0.987547718596619
386,44.7835159301758,0.908874522814034
386,36.7939338684082,0.68588665697146
386,39.6947174072266,0.786101390656244
386,33.2301559448242,0.550240865297219
386,40.7376022338867,0.817470687147791
350,47.27099609375,0.958695971582414
350,35.3774337768555,0.694352906024168
350,25.5729541778564,0.320762148407067
350,38.7729415893555,0.807304663047384
350,32.2402000427246,0.569098714565988
350,33.2729339599609,0.612528876273118
350,39.1117668151855,0.818398337615644
350,32.7015991210938,0.589905682159124
350,32.2726631164551,0.571235960050425
350,39.2090492248535,0.820300992319004
236,33.1811256408691,0.978944343948168
236,28.4346351623535,0.94737367483182
236,15.2765941619873,0.601872872885026
236,15.0600318908691,0.589287231846933
236,19.5826930999756,0.768161160954566
236,29.496208190918,0.956812231138737
236,28.4591636657715,0.94783231555561
261,27.4744319915771,0.78364484485766
261,32.5810928344727,0.897325214830936
499,17.299108505249,0.414820644681912
499,18.8833866119385,0.47131194822209
499,19.4856185913086,0.488112394043976
261,31.792236328125,0.882611095997824
261,29.4038734436035,0.83293594277576
261,26.2876930236816,0.750396057032213
261,18.8833866119385,0.504376630234754
261,27.0171222686768,0.770734985837961
261,28.8147926330566,0.818837912659423
261,20.9510326385498,0.577187114944552
261,31.0338230133057,0.869281176489414
261,21.9244022369385,0.61226416603991
261,35.3505897521973,0.938523147333216
499,28.548791885376,0.7857131683662
259,27.4136066436768,0.863253818242022
259,26.1472301483154,0.84076171686373
259,18.8683834075928,0.671903671306963
259,25.6603965759277,0.830631475835046
259,25.108491897583,0.81991832342269
257,56.778205871582,0.999199816671613
257,37.5424575805664,0.973150656112762
257,32.5810928344727,0.94904748130088
257,33.895694732666,0.957225880859089
253,23.5960235595703,0.763581596037149
253,28.4346351623535,0.879874501355811
253,32.8775978088379,0.946863473256389
260,11.1433010101318,0.198755980656206
260,30.9637565612793,0.831795985969964
260,27.1237907409668,0.731738777364247
260,22.4897918701172,0.581554402812864
260,21.8014087677002,0.55905663651966
260,9.66440868377686,0.163470912530827
260,20.050350189209,0.49467017203292
260,33.1442604064941,0.87574590808484
260,18.2550582885742,0.435653174434824
260,15.566123008728,0.338694229644342
260,22.8055820465088,0.590656356261771
260,25.1785163879395,0.670516998669418
260,15.9609003067017,0.355606121963605
260,30.5442066192627,0.820221420873213
260,27.3787479400635,0.736336892265696
260,7.42854976654053,0.10827210726935
260,10.8880767822266,0.194961357408086
260,26.4823360443115,0.71092727222083
260,20.2430553436279,0.5034035906435
260,26.4084606170654,0.709427421134616
260,37.9907264709473,0.942065037828387
260,31.3111553192139,0.838873140452484
260,28.5569152832031,0.772164049426521
260,23.7494945526123,0.621671134080259
260,17.7771167755127,0.413943901284087
260,28.8467464447021,0.777704927867876
260,34.5352058410645,0.898832901590485
260,22.3830986022949,0.576836299824517
260,11.1152610778809,0.198755980656206
260,23.8365345001221,0.62594142438715
260,37.7843437194824,0.939819546487884
260,30.5657978057861,0.822194796373789
260,30.2901954650879,0.815826857190608
260,17.4326210021973,0.405422604469985
260,24.5370998382568,0.650742533419896
260,13.4957332611084,0.268010533239914
260,20.2430553436279,0.5034035906435
260,21.899881362915,0.560794321135259
260,21.5273342132568,0.545900799849158
260,23.9446697235107,0.631075200390818
236,27.6898460388184,0.939955835596186
260,16.0898933410645,0.358449411094184
260,8.98487663269043,0.141960905310116
260,10.048529624939,0.170893032763176
260,21.9244022369385,0.562724843747657
260,18.7780323028564,0.449741061423187
260,13.7193269729614,0.281605612014236
260,13.8733692169189,0.286735102729086
260,32.821231842041,0.869665083252449
260,24.5163135528564,0.650742533419896
45,17.4339351654053,0.70191845392411
45,55.5198707580566,0.999868017911855
45,30.7375259399414,0.951383455102522
45,31.3317699432373,0.957020975724723
45,11.4467468261719,0.549318878152251
45,43.5074043273926,0.998274805562102
499,19.0028629302979,0.475468064096673
499,17.248706817627,0.411682293245212
499,18.2079830169678,0.445289050966436
499,29.511547088623,0.81121496240822
499,19.9251441955566,0.506211198341855
499,20.3656425476074,0.521980192211804
499,22.0585784912109,0.579969300861336
499,14.0470237731934,0.310610756430687
499,28.0873489379883,0.77294956151071
499,35.8218765258789,0.931096076571864
499,33.5092506408691,0.896251576508315
499,20.898738861084,0.538606611069288
499,15.7931690216064,0.365774371107613
499,21.714729309082,0.566675791676036
499,21.9121475219727,0.576789886882473
499,18.6414394378662,0.459893628462208
499,25.3769340515137,0.690148900599318
499,15.3544416427612,0.353738157856144
499,12.6043825149536,0.270369465111504
44,34.9920196533203,0.952035003290556
44,22.2996101379395,0.668862084567292
44,25.718433380127,0.781357971372162
44,27.8347320556641,0.83881930733794
44,29.0134944915771,0.864968945376769
44,26.371395111084,0.799635982230997
44,25.2084350585938,0.76699777887463
44,18.5803146362305,0.543039445541296
44,30.5442066192627,0.894080083909181
44,33.1011428833008,0.93398321816387
44,26.194185256958,0.794617884172425
44,34.3190841674805,0.946055445870352
44,23.4076519012451,0.70940790556104
44,25.7936153411865,0.783949284304047
44,4.12451791763306,0.133601719315564
44,22.4424629211426,0.678672054952287
44,12.9645881652832,0.371364963803883
44,25.0280914306641,0.758941057913787
44,39.0266799926758,0.976919833826917
44,39.2973442077637,0.977701340901612
260,25.0884304046631,0.666265992162207
260,13.8733692169189,0.286735102729086
260,11.1433010101318,0.198755980656206
260,27.2385711669922,0.735267712705667
260,23.5850028991699,0.616453794944645
260,27.1415023803711,0.731738777364247
260,29.0608291625977,0.784953493903105
260,26.3342475891113,0.706789825867289
260,2.91899490356445,0.0297699014169307
260,12.2068653106689,0.236250115167137
260,22.9668617248535,0.594106013760062
260,25.8147010803223,0.691748462116975
260,11.7942485809326,0.218785420590384
260,14.5535573959351,0.309014319292585
260,19.8270282745361,0.48757373375072
260,22.8749027252197,0.592376899722099
260,9.79425716400146,0.166558463124018
257,42.1794242858887,0.985900995157576
260,15.1194610595703,0.324934167250537
260,13.6749458312988,0.279902209709179
260,14.5535573959351,0.309014319292585
260,23.4076519012451,0.611626417091446
260,28.6298503875732,0.773929588419435
260,23.5408515930176,0.614649688352371
260,26.8377876281738,0.720320625309344
260,24.6509475708008,0.65273733536456
260,26.1472301483154,0.700927550764603
499,31.3042793273926,0.85369122923653
260,30.1727638244629,0.813645645182371
259,21.2226734161377,0.729774009740484
45,10.048529624939,0.506481263257129
252,44.5163955688477,0.983669676561842
257,64.160285949707,0.999962432707587
260,27.2033405303955,0.735267712705667
499,5.41933584213257,0.0999765356901929
260,39.385139465332,0.953898862898612
499,20.9510326385498,0.541805578639657
499,13.0587387084961,0.282033182444786
499,19.5143718719482,0.491139290009092
499,8.39893913269043,0.163701690407986
499,27.9951725006104,0.769804366316983
499,27.6984024047852,0.762094385186199
499,6.63786506652832,0.123177849691542
499,21.6150684356689,0.562877506526011
499,15.6422462463379,0.358808404133629
499,4.35832500457764,0.076706784118573
499,22.5840225219727,0.59853054759833
499,12.9645881652832,0.280194167163654
499,14.8800497055054,0.335834889473324
499,14.6802167892456,0.331435331384492
499,26.2876930236816,0.718733318342247
499,43.2026214599609,0.984649452988278
499,27.7240505218506,0.763670404661576
499,34.0361061096191,0.903889209350527
499,36.1320037841797,0.934407477293392
499,42.5633773803711,0.982418388197452
261,36.7693519592285,0.9528212062537
261,43.0691108703613,0.98664207645901
261,15.0600318908691,0.356923396969164
499,26.1472301483154,0.715705444697555
261,18.9879817962646,0.50657694708038
261,35.5056686401367,0.939883343201421
252,20.911828994751,0.702230954395645
255,17.2318649291992,0.496372175004829
44,24.7844638824463,0.752483341559724
44,8.39893913269043,0.256195500164528
260,29.4731731414795,0.795820986344927
255,19.2973365783691,0.593882798918292
255,18.3331737518311,0.554369084411822
46,41.1148300170898,0.976666337738441
46,11.4467468261719,0.360760886891704
260,24.8864231109619,0.65916526859119
260,15.736777305603,0.342949521440371
257,32.3115348815918,0.947687545315546
255,16.8386974334717,0.479337695576589
255,16.0898933410645,0.443578568669113
255,19.5287284851074,0.60520088854549
255,39.4848785400391,0.978939298821711
255,37.4295654296875,0.969386831176357
255,32.6001777648926,0.930356021827313
255,41.7282409667969,0.986424328761831
255,15.3544416427612,0.408773179447556
255,6.8427734375,0.0808654867683987
255,31.3523578643799,0.915727013714506
255,31.8522281646729,0.922016853389994
255,20.898738861084,0.661730973536797
255,28.8147926330566,0.877773686497972
255,23.8365345001221,0.764303047131543
260,11.7942485809326,0.218785420590384
255,28.5569152832031,0.874320914622368
255,21.2226734161377,0.67374625748503
342,14.1969470977783,0.0874491574665892
273,32.4725151062012,0.630214284110377
481,23.5408515930176,0.326979799888468
481,26.2596969604492,0.428572580756663
481,26.194185256958,0.42572437885694
332,29.496208190918,0.564872710989695
332,10.2654371261597,0.0709093201030278
332,35.1178779602051,0.771173286523037
332,12.6043825149536,0.0983117814064537
332,30.7375259399414,0.614578547413298
332,30.8298053741455,0.618377556645538
481,24.7229785919189,0.370670663981307
481,32.3438568115234,0.672794371805566
481,36.5164413452148,0.818082625507538
481,25.4261608123779,0.396864443102789
481,30.7375259399414,0.609390770535397
481,35.166862487793,0.774607220053554
481,23.2733268737793,0.318511238414777
481,39.4641532897949,0.89182824144272
481,36.1524696350098,0.807044690960876
481,32.2402000427246,0.667445927946944
481,37.8350410461426,0.853152839675729
481,32.214183807373,0.667445927946944
481,29.1629257202148,0.544393697085893
481,17.2318649291992,0.153067808405422
481,24.4850845336914,0.361696293189664
481,29.7777061462402,0.568884546430761
481,21.8014087677002,0.273453882633803
332,20.6744632720947,0.258924153397792
485,23.092435836792,0.391221601711913
485,30.6304054260254,0.668130074784333
474,37.9496650695801,0.824178001773544
474,41.2372970581055,0.905333348745886
474,33.7065849304199,0.671914090430952
474,35.166862487793,0.728766593952445
474,21.3630599975586,0.203572849907607
474,23.2733268737793,0.257669258727771
77,15.1194610595703,0.329962751816204
485,18.7780323028564,0.254826404163467
214,40.7376022338867,0.873702859832807
480,28.4591636657715,0.600244658382644
474,34.9920196533203,0.722536069501806
474,26.0245094299316,0.352614987276387
474,21.3121585845947,0.201964439938108
474,28.8467464447021,0.460850739885099
342,9.69704627990723,0.0360871355403258
273,31.8389167785645,0.601342132062836
342,30.9988269805908,0.661462802698262
262,37.5752372741699,0.924445162075389
262,15.9609003067017,0.183169058249792
262,27.3787479400635,0.605112652457574
262,21.5021743774414,0.358339651605777
262,27.6898460388184,0.622286653000477
262,22.7708053588867,0.409758688794661
262,26.5650520324707,0.574082914455271
262,23.0468883514404,0.42198805612498
262,24.3174934387207,0.474448438216656
262,23.7167320251465,0.449163647936499
262,41.9519996643066,0.973311149176753
262,21.1068458557129,0.344504975054524
262,31.792236328125,0.778600713262756
262,18.0181064605713,0.237866576806792
262,28.8147926330566,0.667293813709247
262,19.9251441955566,0.30113120477755
262,23.7167320251465,0.449163647936499
262,30.113733291626,0.719698033379199
262,34.0593910217285,0.848733537390132
262,36.6053810119629,0.907095653964599
262,24.2858753204346,0.472421910832795
273,24.7844638824463,0.313169431459597
273,31.3042793273926,0.580257806648976
273,24.7332420349121,0.311429850781755
273,25.4163265228271,0.336763402498286
273,30.2168979644775,0.535095412764058
262,24.3490505218506,0.474448438216656
262,24.9472904205322,0.499723868093192
262,11.5279731750488,0.0968052942442878
262,20.2430553436279,0.312373049525896
262,31.8389167785645,0.780084337236622
493,29.4501056671143,0.649045127241827
493,32.821231842041,0.773794567166364
493,32.6192436218262,0.767065529845618
493,18.0816822052002,0.219643096739568
493,29.9875907897949,0.670553651366747
493,32.214183807373,0.752737356118545
341,15.2765941619873,0.102474689097163
341,23.3965015411377,0.322128761819878
341,6.45658826828003,0.0174746194660688
341,31.1383686065674,0.653281713481973
493,16.8906269073486,0.188303266124278
258,27.4744319915771,0.523487892861773
61,34.4502372741699,0.836881953404582
61,22.5840225219727,0.334347688487475
524,3.33711075782776,0.0191818409119895
250,27.4397029876709,0.650960243115386
250,22.0464286804199,0.491668146105942
250,37.1629905700684,0.887583501293204
250,28.028751373291,0.67097966728281
250,28.548791885376,0.686188303030936
250,17.8740081787109,0.373852564303393
485,25.2084350585938,0.468300539073509
332,36.0138244628906,0.798524948871793
332,26.9187316894531,0.464757754836719
332,13.8952140808105,0.116830069970856
332,11.5279731750488,0.085948820993891
332,34.6084861755371,0.755335301322466
332,24.2753219604492,0.36969823539483
332,23.3965015411377,0.340604357045157
332,12.3825492858887,0.0952081534203689
335,14.1329212188721,0.107965808856961
332,16.6992435455322,0.16575774166662
332,20.8331184387207,0.264164724077011
332,24.0948429107666,0.364413262666343
332,24.7332420349121,0.385779679289266
332,25.718433380127,0.421422107328784
332,43.5549545288086,0.947628535466137
332,48.4937057495117,0.979988974745394
335,47.1240119934082,0.971975473830525
339,28.548791885376,0.621587213144494
341,43.886661529541,0.965747768323422
341,28.4264507293701,0.534938097957024
341,35.4576988220215,0.815608506134499
341,14.5742158889771,0.0916630690601195
342,21.6525173187256,0.268710244698331
342,28.7747631072998,0.560070188670533
347,28.6298503875732,0.754183074528344
347,26.9187316894531,0.70771467590314
511,16.2539176940918,0.307010135135135
511,16.6992435455322,0.321322341363102
481,34.2617301940918,0.744351987980404
481,17.6305160522461,0.161978809009167
481,25.4261608123779,0.396864443102789
481,45.1850090026855,0.96701984984722
481,32.3115348815918,0.672794371805566
332,20.7804183959961,0.26047671996794
481,31.1383686065674,0.625072011577157
481,20.898738861084,0.244522511395112
332,17.4326210021973,0.180970711580468
474,24.3174934387207,0.290958721330588
474,24.8559017181396,0.309759283448405
474,32.7835464477539,0.63207869649436
470,34.5916061401367,0.685654208296628
474,36.7348747253418,0.784874340906952
474,26.2876930236816,0.35939706093628
474,28.6298503875732,0.454783698583311
474,18.9879817962646,0.150492018224243
474,40.6955299377441,0.893686412898986
474,27.758186340332,0.420090592783292
470,13.7193269729614,0.0707785337695165
77,24.7229785919189,0.694104621902501
262,24.2012519836426,0.470285398706392
262,12.7498512268066,0.113600198440557
262,20.2430553436279,0.312373049525896
493,33.777759552002,0.802450914620511
493,33.4731178283691,0.792741584637465
493,29.496208190918,0.649045127241827
341,30.5153732299805,0.625127076747392
341,28.548791885376,0.540370019635969
341,32.8775978088379,0.724354867909814
341,24.2753219604492,0.355828818917376
250,26.3249473571777,0.620971138750518
250,36.4563522338867,0.875385959599124
332,14.1329212188721,0.119308682670219
332,14.3660564422607,0.124811902759512
332,31.1383686065674,0.629392275172293
332,17.2318649291992,0.174974929775149
332,38.1087532043457,0.855411499754472
338,41.9272994995117,0.940326147779051
338,23.0468883514404,0.429974153321431
338,12.4569892883301,0.111591797581299
256,25.0280914306641,0.449987580395836
256,25.9485282897949,0.487535781723648
335,35.3129348754883,0.787549851258135
262,24.7844638824463,0.49472541255979
525,2.02690148353577,0.0675439592522572
52,13.7193269729614,0.515933608928283
516,23.7712993621826,0.594344066210012
326,49.2237548828125,0.927846135467686
326,48.0661277770996,0.91450828302584
326,38.8766555786133,0.740396662897656
326,58.7193756103516,0.987198328670688
326,47.6103324890137,0.909079796528991
326,41.1260070800781,0.794803766047234
522,44.2230911254883,0.893675662132087
522,39.0224151611328,0.811376242342064
522,39.0820388793945,0.812417770834254
522,35.4416770935059,0.733536726161525
522,47.5936813354492,0.931400610178485
522,45.5892715454102,0.910905098085455
522,63.1602935791016,0.995553852427204
522,39.2511558532715,0.815562007791812
522,58.6893005371094,0.988440016310729
522,16.2539176940918,0.242821559639788
522,15.736777305603,0.227428554584445
522,20.3656425476074,0.337428701970552
522,10.8880767822266,0.132167017936889
522,20.8462657928467,0.348508206949746
522,0.0110214445739985,0.0101008612261542
158,53.6761322021484,0.930209336328947
522,40.8858299255371,0.844395643266666
522,58.5290031433105,0.988102010837792
522,20.1882495880127,0.33059588203216
157,54.7962226867676,0.905332999106989
157,31.4957580566406,0.326669695592912
326,34.6758422851562,0.619628118115421
372,30.1727638244629,0.756149767714444
325,21.8137531280518,0.416122274439623
522,22.0221004486084,0.378000167037588
522,17.299108505249,0.263644268891214
522,43.9914817810059,0.891000112996016
522,30.3704490661621,0.603191400511921
522,31.3523578643799,0.629982264538411
522,43.7966575622559,0.888071059755241
278,41.7318153381348,0.951706364167744
278,32.3115348815918,0.750115765048824
278,24.2330379486084,0.439760423282565
278,34.2617301940918,0.810192132025294
278,37.6545562744141,0.892739570391476
278,20.1882495880127,0.291788652241793
278,25.9485282897949,0.508360387351119
278,24.8864231109619,0.465522258519169
278,21.5021743774414,0.338188295963785
278,38.4221992492676,0.906897066526315
278,17.2318649291992,0.205945389261558
278,29.5038795471191,0.64963802862876
278,23.7712993621826,0.422720820249142
502,43.5074043273926,0.901559757259642
278,16.3980369567871,0.18650192182633
278,0.0102868173271418,0.00807824958185411
332,20.7804183959961,0.26047671996794
332,31.5297183990479,0.644407317307204
332,25.1785163879395,0.402956122873264
332,39.6947174072266,0.889701170445544
332,32.2402000427246,0.66985947503984
332,20.3656425476074,0.251568464761518
356,31.7387256622314,0.718879382000325
278,31.6379241943359,0.726751468255073
278,24.4850845336914,0.450441172377321
355,31.8522281646729,0.552289903573244
379,26.4177131652832,0.648639594522706
361,48.3526840209961,0.990450204638472
361,29.0134944915771,0.871471298142512
278,40.3782272338867,0.935915505431468
302,34.399040222168,0.70328304010363
332,40.0382537841797,0.895941163521835
332,29.8003215789795,0.57915963477433
386,49.0177001953125,0.959586893292129
330,35.2643890380859,0.610050760225653
278,34.5916061401367,0.818571497253269
278,34.8541030883789,0.826681376629883
278,42.317684173584,0.957695782103609
273,29.496208190918,0.500515137786149
273,46.0596389770508,0.969554696405527
273,55.6851272583008,0.995227050281411
273,50.534309387207,0.98798540178766
273,47.0746650695801,0.975468214017295
278,27.4136066436768,0.565703940060274
278,40.7261390686035,0.940156428312968
278,41.3551139831543,0.948055020660582
278,48.2510414123535,0.989137063287424
278,41.7568397521973,0.952301004309243
278,28.2866916656494,0.60061690751701
58,33.3399314880371,0.749244225700013
58,40.0502433776855,0.923155265534849
58,31.8522281646729,0.695316964368007
58,32.1162528991699,0.705224981105642
58,45.5203895568848,0.976400486644915
265,32.6319389343262,0.891159738139604
273,37.3870239257812,0.815986178456938
294,13.5856800079346,0.137570287657018
281,44.5607681274414,0.948322715760435
273,28.2205123901367,0.445005739163284
342,37.0425300598145,0.869021553001297
342,30.3486003875732,0.632750480045869
342,34.3190841674805,0.790070842841256
341,15.9794054031372,0.115052153689752
341,41.9378890991211,0.947689640285766
341,28.9501686096191,0.557389948055203
341,30.7375259399414,0.636912139485008
341,31.407133102417,0.665772835517429
335,28.6298503875732,0.553486665194404
335,48.5470428466797,0.978335649982463
332,25.718433380127,0.421422107328784
361,42.3760604858398,0.978517102915753
361,28.8786373138428,0.868825634765895
361,33.1811256408691,0.924895471441748
361,22.7708053588867,0.733732484217154
300,21.3630599975586,0.583822482796814
519,31.4139671325684,0.983838539311791
519,28.2866916656494,0.954430452809497
365,33.6171836853027,0.871139056667167
379,29.6185245513916,0.726014352382474
344,31.0198345184326,0.610708810618829
365,64.976318359375,0.999228159706685
275,33.5092506408691,0.779372185210085
499,32.6699714660645,0.881372271051885
499,31.3111553192139,0.85369122923653
284,41.1148300170898,0.901738759434905
3,42.1516189575195,0.948003288389485
374,43.5074043273926,0.973370765706895
304,36.1524696350098,0.754811865364214
304,23.0468883514404,0.295642110194128
304,33.0702781677246,0.648241275264877
304,18.3331737518311,0.169107617696091
304,26.4454402923584,0.405863793554787
372,38.4177665710449,0.924250032049912
325,29.6869335174561,0.693917599667133
325,28.028751373291,0.639061853991004
325,26.8558101654053,0.597950706979057
469,35.4576988220215,0.922044981341507
522,39.4475517272949,0.81868069782409
309,27.0171222686768,0.339830833884421
319,39.6947174072266,0.869858903507157
327,46.0516624450684,0.970986785325203
290,38.4885635375977,0.830050095287201
319,30.7446422576904,0.622642163436229
302,15.9794054031372,0.193617608647179
302,27.4136066436768,0.47355411388709
332,44.7135467529297,0.958434413845914
278,35.166862487793,0.83431807427688
278,39.2090492248535,0.919351614511244
265,33.3399314880371,0.905720363438484
273,17.8740081787109,0.13386053503003
278,40.7985877990723,0.940954764332725
341,36.5563812255859,0.848674920272397
344,45.8911399841309,0.960576932232601
304,21.1068458557129,0.238719499593558
304,42.1272468566895,0.905347129414034
46,52.8738708496094,0.99625780888258
252,35.9310989379883,0.94141329840464
46,28.3854675292969,0.86316332804518
46,37.2920761108398,0.957795978472913
46,34.3190841674805,0.934196643413971
46,20.6345386505127,0.700237587387374
252,34.7261772155762,0.930884460981481
252,29.4038734436035,0.869287864210839
252,34.5859756469727,0.929230757342174
255,31.5500602722168,0.918699898589917
499,35.7800712585449,0.929823137764829
499,34.4502372741699,0.9116431860622
261,31.1869316101074,0.871761533660847
261,32.0572166442871,0.888715975100414
261,30.7375259399414,0.863148293354243
261,56.0230140686035,0.998671808740459
499,37.5986061096191,0.950468797356354
261,49.573184967041,0.996079435438703
499,25.919942855835,0.708523410537431
499,40.3155403137207,0.971508461816724
499,15.2178955078125,0.349122532581172
499,26.4084606170654,0.724286538329928
499,31.1591987609863,0.850688775260796
261,33.7065849304199,0.916039909747004
257,20.050350189209,0.779915774130411
257,30.113733291626,0.931150423195549
253,27.6212196350098,0.863993036202977
260,15.2765941619873,0.331276394700812
499,24.0948429107666,0.649328822971559
499,35.7800712585449,0.929823137764829
499,40.1656341552734,0.970589443015946
499,34.7373390197754,0.915634074088558
499,24.5370998382568,0.665468357400546
260,14.3029146194458,0.300186624328013
255,12.3825492858887,0.262806041143519
260,23.8365345001221,0.62594142438715
356,37.7843437194824,0.877726173968383
356,34.5859756469727,0.802717766503475
261,36.2696380615234,0.948108527627978
499,21.8014087677002,0.572796065817389
499,30.8298053741455,0.843240812256191
499,22.4897918701172,0.595700165227848
499,33.412712097168,0.894703909740622
499,22.2996101379395,0.585264413441139
499,24.3910293579102,0.659054779386604
499,30.716157913208,0.840941309895095
499,29.9801406860352,0.823044885269302
499,20.5945072174072,0.528310667461846
499,39.2637672424316,0.964465258156292
499,32.0572166442871,0.869333124761691
343,33.0517272949219,0.761617676330408
343,24.3910293579102,0.479894444152726
343,26.8377876281738,0.560450993585321
343,21.0421180725098,0.371326030067053
499,30.4647941589355,0.833741677502615
343,49.8292770385742,0.988446128540254
343,16.6113510131836,0.244184598175852
343,38.1674385070801,0.885831411046241
343,45.8911399841309,0.973730099901942
343,21.1068458557129,0.374360577504295
499,27.9951725006104,0.769804366316983
499,17.2318649291992,0.411682293245212
343,9.92227363586426,0.0939451925319604
356,39.0607719421387,0.901612587965775
260,42.9145622253418,0.975355304009102
260,38.528247833252,0.946780998172324
260,18.7780323028564,0.449741061423187
255,40.5222129821777,0.982890066640912
255,26.1095676422119,0.825396585860537
260,45.5975189208984,0.98432227086025
260,48.7473602294922,0.990778058464195
260,27.4223098754883,0.738605952694697
46,23.7494945526123,0.776371820465914
46,24.2012519836426,0.78677101282061
252,38.3644561767578,0.958228527933295
46,25.5046157836914,0.812070653782801
46,38.3288192749023,0.963792593042409
252,28.6298503875732,0.858532994865018
347,25.1785163879395,0.661380739201861
347,18.0816822052002,0.455688894112261
252,20.7804183959961,0.696414013206446
252,15.3544416427612,0.523899495002183
252,25.996057510376,0.814445178565219
252,42.9244766235352,0.9790717622376
252,28.0873489379883,0.849995943016773
252,32.1162528991699,0.903849497513649
252,19.9251441955566,0.675317700424631
252,23.5850028991699,0.764973165953797
252,26.5650520324707,0.824545134904352
252,8.98487663269043,0.270241448458926
252,13.8952140808105,0.468204842878835
252,35.6064720153809,0.938685460158493
46,23.5850028991699,0.772963618008061
46,17.1642913818359,0.586689033785989
46,23.307014465332,0.76781715639019
499,23.2733268737793,0.619958350850092
499,34.2617301940918,0.908389468435615
499,26.3249473571777,0.721665379388559
260,56.2946434020996,0.997377403243535
252,47.1854438781738,0.989291496176776
252,20.5945072174072,0.692492262753417
253,31.9517345428467,0.935973146797092
253,23.3182277679443,0.756824458458321
253,29.6337509155273,0.90087861575747
253,34.6365852355957,0.964398213961411
253,18.1607513427734,0.590319570649349
253,31.5500602722168,0.931013320140528
253,33.587272644043,0.953608086020428
253,16.6817111968994,0.535723902982785
253,28.646900177002,0.883888704495782
253,10.6849336624146,0.28018010683667
261,42.9376831054688,0.986302027491959
499,29.0055923461914,0.797735694103614
499,34.7261772155762,0.915634074088558
499,28.9501686096191,0.796001290537039
499,8.6971492767334,0.169308682772308
499,21.7271423339844,0.566675791676036
499,41.1780433654785,0.976154395158531
499,33.6827926635742,0.898805275558988
260,31.1869316101074,0.835871295635648
44,18.0816822052002,0.526910579137874
255,22.1916065216064,0.709550656751014
255,25.996057510376,0.82199512265791
255,32.0506439208984,0.924060145837358
255,32.7520790100098,0.931937536217887
255,23.9446697235107,0.768724647479235
44,26.1189918518066,0.794042036854228
44,23.8798770904541,0.725084320500165
260,36.4211921691895,0.92537169523883
260,34.1926383972168,0.892917060377577
260,26.0339813232422,0.698154968899516
260,29.2254428863525,0.789041659435242
260,30.1358947753906,0.811839395945688
260,0.0108063016086817,0.00914052104826735
260,32.5810928344727,0.864145631255183
260,7.29492473602295,0.103543291058959
260,17.8740081787109,0.420350408066628
260,16.2357921600342,0.362756126356026
260,23.2733268737793,0.605894843297701
260,20.4737758636475,0.512029877033637
260,27.9951725006104,0.755616406656768
260,30.8863391876221,0.829072684926282
260,20.3112831115723,0.505734787760358
253,33.1749877929688,0.950345371767815
261,15.0202569961548,0.355331167688147
499,12.9645881652832,0.280194167163654
499,22.0464286804199,0.578776531779475
499,25.1785163879395,0.685103096311215
499,34.8319244384766,0.91654820449146
260,15.5851955413818,0.338694229644342
499,34.088451385498,0.904834625499839
499,7.42854976654053,0.144099214923301
499,23.7712993621826,0.637873351387816
260,17.4326210021973,0.405422604469985
260,27.5436706542969,0.74270054616006
260,31.1383686065674,0.835110656870496
259,25.0884304046631,0.819373353016653
259,48.7408027648926,0.99746485285799
259,19.4712200164795,0.684710475848843
267,31.1383686065674,0.553354206708413
267,41.3220710754395,0.888880277760556
267,31.3111553192139,0.561067022134044
267,40.9650573730469,0.882215264430529
267,26.6199626922607,0.374353648707297
267,39.9380035400391,0.859188418376837
267,10.4173717498779,0.0454491908983818
267,34.2157020568848,0.68011966023932
267,27.4136066436768,0.401085002170004
267,36.5114440917969,0.764136028272057
267,33.587272644043,0.652827205654411
267,36.926025390625,0.776337652675305
498,12.9645881652832,0.0909017282144397
267,48.5270652770996,0.970751441502883
498,20.3112831115723,0.257886692879443
267,29.4731731414795,0.484137268274537
267,34.3533973693848,0.68747287494575
498,27.1415023803711,0.520118088121955
498,39.3517532348633,0.915833474847491
498,37.917652130127,0.888458976134182
498,25.1785163879395,0.437999817120165
498,38.8162384033203,0.906002377437854
498,38.6990623474121,0.90375556803783
498,38.4221992492676,0.89903988086685
264,17.8740081787109,0.202257814962322
498,9.76196956634521,0.0536412681410265
264,15.5278930664062,0.142918541016017
264,36.8723411560059,0.880282799919773
264,37.7658653259277,0.899343858342168
264,34.742919921875,0.826237070571044
264,34.742919921875,0.826237070571044
264,35.5905990600586,0.849030113750322
264,42.3692054748535,0.963016819002321
264,38.3955764770508,0.910461018308931
58,24.4850845336914,0.391090158343933
58,34.1984062194824,0.777475160832458
58,45.8345222473145,0.977898210105255
58,40.8175964355469,0.93432136997917
58,26.5558815002441,0.478336006193663
58,28.1623859405518,0.543715091522424
264,20.1607704162598,0.26818715796109
58,28.548791885376,0.561766115504433
58,24.3595561981201,0.38775829969216
264,31.3317699432373,0.713439442995903
58,35.7643661499023,0.82741617357002
58,44.7252311706543,0.971999483861454
58,37.0280113220215,0.861508967907243
58,34.6253509521484,0.793162085937068
58,35.5216255187988,0.819978248446976
58,36.3304290771484,0.843402643366698
58,21.5273342132568,0.276300023963575
58,33.664924621582,0.76080665081384
58,47.2221755981445,0.984031963722834
58,19.9111671447754,0.22688897491198
58,32.1162528991699,0.705224981105642
498,36.4211921691895,0.853986127258239
498,32.0572166442871,0.717811189633326
498,28.261905670166,0.567345499196635
498,19.6002998352051,0.235332384099905
498,33.1011428833008,0.75646414902094
498,30.1727638244629,0.646177158308623
266,39.5097122192383,0.913614983812773
496,44.0772399902344,0.946041379310345
496,33.7065849304199,0.786813793103448
496,30.0173568725586,0.695584754990926
496,37.5986061096191,0.864715305505142
258,50.7628631591797,0.990121183133596
258,45.2555351257324,0.968030181797051
258,30.7375259399414,0.654804636338848
258,23.092435836792,0.352039014621543
258,38.2572975158691,0.879469494124115
496,8.08908367156982,0.123126436781609
496,46.2340240478516,0.961809074410163
496,47.5244903564453,0.96923315184513
496,20.6744632720947,0.431106594071385
258,37.917652130127,0.873332111518879
258,9.79425716400146,0.0581956184541663
440,31.7387256622314,0.840747119646574
258,52.2697830200195,0.99297754692438
258,35.166862487793,0.80341601441145
258,49.0241203308105,0.985539378930853
440,27.5436706542969,0.74688882852838
440,30.9707775115967,0.826608753058796
440,27.7496585845947,0.752832240956987
440,29.6869335174561,0.799200480393864
258,28.8147926330566,0.577539772295506
440,26.4823360443115,0.720172400982712
440,26.8558101654053,0.730006224169999
440,30.9988269805908,0.826608753058796
440,17.7771167755127,0.456179285328864
440,25.718433380127,0.699510836267788
492,17.8740081787109,0.175151783455603
492,36.6607437133789,0.861899190488237
492,34.0593910217285,0.788448646597521
492,25.6507034301758,0.447290032886415
492,26.8377876281738,0.497810207437389
492,23.0354804992676,0.340353845180875
492,28.2205123901367,0.558749683784468
492,20.6345386505127,0.253462560080951
492,26.343542098999,0.478238047052871
492,6.93624782562256,0.0302349481406527
492,20.4872379302979,0.250371553250696
492,31.3866138458252,0.693587149000759
492,33.9133148193359,0.784703073614976
492,27.9278087615967,0.547865545155578
492,34.2157020568848,0.794450417404503
492,22.8055820465088,0.330197002276752
492,15.9794054031372,0.133498292436124
492,13.1288461685181,0.0851552618264609
492,31.6917610168457,0.705176448267139
492,28.2866916656494,0.563216228181128
492,12.8696527481079,0.0816089046293954
492,26.5650520324707,0.488263660511004
492,46.395881652832,0.980462623324058
492,34.6253509521484,0.806972552491778
492,30.9777927398682,0.678230141664559
62,18.9879817962646,0.342946411916753
68,39.3308486938477,0.858299501524496
289,49.253231048584,0.889106961652276
289,29.3110198974609,0.43577622088678
289,28.4346351623535,0.415386079936158
289,41.3771018981934,0.749314893694591
289,11.5279731750488,0.0894253613897784
289,18.270715713501,0.194918567039146
289,24.2330379486084,0.323236496873728
289,57.9704475402832,0.958134080316941
289,48.0684280395508,0.873504969425928
289,14.799222946167,0.132830618226157
289,33.2729339599609,0.538115810815464
289,47.2221755981445,0.861275340831526
289,35.8218765258789,0.608546561910723
289,18.0340270996094,0.188431071115351
289,42.1794242858887,0.766982838416184
289,22.3115634918213,0.284414818955722
282,2.91899490356445,0.0178446677906424
282,15.0600318908691,0.163640936315285
282,34.3819389343262,0.70318889313226
282,25.6603965759277,0.429052134467245
282,17.2697563171387,0.211010926162244
282,38.5590438842773,0.811563288840038
282,18.0816822052002,0.229544882960589
282,37.2204895019531,0.778528647410043
282,37.6871032714844,0.790095196400794
282,40.4911956787109,0.852394347830137
282,30.5442066192627,0.584181748744842
281,32.3438568115234,0.680997973162103
282,41.1408920288086,0.865080991458405
282,34.5859756469727,0.707389830192722
282,43.4596977233887,0.90314557970137
282,20.9102764129639,0.29769134756001
282,26.9903469085693,0.469263764822042
282,64.2259216308594,0.997543243570517
282,25.8147010803223,0.435751744180631
282,51.7077140808105,0.972563503078514
282,29.8003215789795,0.563591568318787
282,26.5650520324707,0.458107063349386
282,43.1993789672852,0.8992846297866
282,22.3115634918213,0.334780219268422
282,29.8153800964355,0.563591568318787
281,49.3871459960938,0.97786800934841
281,35.7800712585449,0.788833168645728
281,41.2372970581055,0.907371821894571
281,34.2157020568848,0.743391530448096
281,40.7070159912109,0.899441186290347
281,20.3656425476074,0.25521969776171
281,46.6147842407227,0.963906097713147
281,58.6968269348145,0.995727115448822
281,40.5994873046875,0.897201884520826
281,34.6309700012207,0.756090125151338
281,20.7804183959961,0.264626788659151
281,29.6337509155273,0.581650540771143
282,16.9423580169678,0.203684901776316
282,19.6999206542969,0.266994699926414
282,22.0585784912109,0.327156123960245
282,23.307014465332,0.36168112000149
282,31.0896625518799,0.602962545525676
282,34.557788848877,0.707389830192722
282,36.9746704101562,0.772406550108516
282,49.6937255859375,0.961909796287154
282,47.3099250793457,0.945073446538186
282,33.4369010925293,0.674313272539285
282,14.6154308319092,0.157078718667623
282,25.8147010803223,0.435751744180631
282,22.6660137176514,0.344141509170338
282,16.2357921600342,0.18808275193979
282,36.5014419555664,0.761091498458414
282,49.7363624572754,0.962233482679285
282,18.8833866119385,0.249375914006539
282,44.1290626525879,0.912092364727032
282,20.7804183959961,0.292544966793036
282,34.7261772155762,0.712564155108656
282,36.8967666625977,0.769199959015248
282,7.29771852493286,0.0498896206116043
282,19.8270282745361,0.27015471743808
282,9.36515808105469,0.0734418808275194
282,30.9637565612793,0.599986493661335
282,21.2610874176025,0.305189694197863
282,24.5163135528564,0.39752414840206
281,31.4685401916504,0.65167795872805
281,29.2877254486084,0.568332765638859
281,37.2730178833008,0.828910599923783
281,11.1433010101318,0.0772694008181545
281,22.6776924133301,0.325917557272503
281,19.6002998352051,0.233159202889509
281,52.8659706115723,0.987996802924582
281,43.8804702758789,0.941606159428843
281,48.2510414123535,0.973068349290607
281,46.4295845031738,0.962805332505961
281,39.385139465332,0.875401742203756
281,61.833568572998,0.997616357694733
281,47.5817756652832,0.969556287750277
281,37.0425300598145,0.822909675874559
281,30.7375259399414,0.623797302720549
282,17.3493251800537,0.212568812466816
282,36.1933212280273,0.751159682181879
282,21.4643592834473,0.30984006632078
282,28.7747631072998,0.526619130564379
282,17.4326210021973,0.215176933036504
282,42.6410140991211,0.891145896401725
282,26.2876930236816,0.447718825973155
282,25.0280914306641,0.409146585690733
282,25.6603965759277,0.429052134467245
282,25.919942855835,0.437686876496176
282,24.3595561981201,0.392328865374405
281,41.7568397521973,0.915821139143602
281,42.6544761657715,0.927868852459016
282,28.0873489379883,0.506981379882076
278,35.2697906494141,0.836967385886026
278,33.1011428833008,0.777252863761618
278,30.2168979644775,0.677735407910485
278,48.1234703063965,0.988742323448812
282,29.511547088623,0.553357023761841
282,31.4685401916504,0.616252317035685
282,34.8541030883789,0.715991970714532
282,55.2557754516602,0.985436441033188
282,33.539306640625,0.677028512346657
282,28.4346351623535,0.518506012649385
282,36.4111328125,0.758422832232644
282,35.569408416748,0.735361923302626
282,31.2698516845703,0.607170468623378
282,35.7591285705566,0.74023351993815
282,22.8749027252197,0.348547369989847
282,31.898738861084,0.627774621123914
282,17.2318649291992,0.208961688571775
282,41.5120048522949,0.872896038451149
282,37.5424575805664,0.785992063861695
282,28.8147926330566,0.52990955410453
282,0.0110214445739985,0.00823653790623807
282,53.3767929077148,0.979349273917863
282,14.5742158889771,0.156082044021349
282,49.4908256530762,0.960680253732873
282,54.5408668518066,0.983284741563196
282,0.0110214445739985,0.00823653790623807
282,4.64536190032959,0.0269498029937498
282,9.76196956634521,0.0791378298573917
282,12.4074182510376,0.116380394385089
282,12.6043825149536,0.119887385079687
282,43.4787979125977,0.90314557970137
282,48.0246925354004,0.950562143129931
282,43.0691108703613,0.897759344989148
282,37.7473678588867,0.791268850657153
282,44.0589065551758,0.91142403383105
282,23.6839027404785,0.369894371116928
282,47.5029449462891,0.946831599243645
282,18.0181064605713,0.227754128748009
282,27.9278087615967,0.501583501774453
282,38.8766555786133,0.818262898553425
281,31.8721771240234,0.664999780791242
281,25.9675559997559,0.443983394093504
281,38.1674385070801,0.849792088924562
281,32.7520790100098,0.695806367845785
281,40.7376022338867,0.899441186290347
281,46.3021278381348,0.962079582896321
281,24.3174934387207,0.381506200235396
281,12.8457937240601,0.0994661423642845
282,41.0663146972656,0.864305541324739
282,31.0547847747803,0.602962545525676
282,32.3115348815918,0.641620946934061
282,23.2733268737793,0.359520105815177
282,31.7387256622314,0.622129903033803
282,31.6379241943359,0.62025298769526
282,37.7658653259277,0.792095531730581
282,23.0012092590332,0.354431942025206
282,34.6084861755371,0.70942975306687
282,22.3830986022949,0.336009761822704
282,47.1854438781738,0.943871848132865
281,21.7643203735352,0.294057419204711
281,38.1494026184082,0.848918626336752
281,37.3870239257812,0.830733742298185
281,33.8486251831055,0.731051763618766
281,43.2350006103516,0.934397900991835
281,40.1656341552734,0.890202717514105
281,41.0401268005371,0.904180816873004
281,38.0997047424316,0.847687010363516
281,37.5752372741699,0.836622701258933
281,41.8103141784668,0.916803868865949
288,14.3029146194458,0.140491432235002
288,25.6410064697266,0.397364100870376
281,43.5327835083008,0.937806765793991
281,34.557788848877,0.753823169353941
281,35.5853042602539,0.783679402133407
281,44.4748573303223,0.947601013081704
281,26.3342475891113,0.456963250494906
282,24.8559017181396,0.405483573497769
282,32.7331657409668,0.653301601199735
282,34.3362503051758,0.701062809132148
282,43.2350006103516,0.899994876906024
282,40.0142555236816,0.843058673398102
282,50.7197341918945,0.967731493987351
289,33.7599945068359,0.551165744077097
289,30.9637565612793,0.477974313323976
289,33.6351051330566,0.547540199992303
289,40.1656341552734,0.720664993650234
289,43.771728515625,0.800040103783731
289,30.9637565612793,0.477974313323976
289,34.3362503051758,0.566901415582548
289,19.355525970459,0.214451945337328
289,33.1011428833008,0.535241706314726
289,66.5216064453125,0.986816387459263
289,65.9324417114258,0.985441111239389
289,34.742919921875,0.578049457282381
289,56.5551834106445,0.951117943607599
289,35.5534973144531,0.600708095090527
289,53.2350120544434,0.928412720596129
289,26.6382255554199,0.375012912203095
289,12.8457937240601,0.104531119928542
289,7.64140510559082,0.0501560604311359
289,16.2357921600342,0.156651860673784
289,21.3630599975586,0.261219438587537
289,9.3989143371582,0.0645144302730906
289,10.8880767822266,0.0807382336916343
289,4.04469108581543,0.0255874292866995
289,9.66440868377686,0.0676093081287129
289,11.3099327087402,0.0855243569722859
289,15.3544416427612,0.142775546414053
289,30.716157913208,0.47191418600459
289,47.1264724731445,0.85964485871518
289,34.1753196716309,0.561746661562549
289,46.835319519043,0.854771641358749
289,29.2254428863525,0.43371431927878
289,26.6655826568604,0.376027659458113
289,39.7436790466309,0.708990336608476
289,27.5436706542969,0.394361975131603
289,14.0685558319092,0.121949935084532
289,15.9609003067017,0.152813645008598
289,14.799222946167,0.132830618226157
289,18.1607513427734,0.190464616512632
289,30.0173568725586,0.453537336015021
289,30.3704490661621,0.462578916347153
289,6.50463438034058,0.0412522102653534
289,23.7712993621826,0.314079466255097
289,27.9278087615967,0.40323949453029
289,72.4545669555664,0.996113173687867
289,76.1105575561523,0.998736123179379
289,59.5257873535156,0.965296048967125
289,26.5650520324707,0.373183936611716
289,35.0796775817871,0.587273327540565
289,58.8118705749512,0.962118127922968
289,72.2411575317383,0.995888349445737
289,20.911828994751,0.252913094290477
289,16.2539176940918,0.159167461653289
289,57.7596664428711,0.957125409392792
289,46.9180641174316,0.856353512828147
289,53.4854202270508,0.93041790978269
289,48.1143112182617,0.874066017309441
289,34.6758422851562,0.575845774620786
289,34.2157020568848,0.563924013457047
289,28.548791885376,0.418045487412881
289,30.4647941589355,0.464047362973675
289,32.821231842041,0.526271016509391
289,31.792236328125,0.497418572102755
289,30.3486003875732,0.461234021781621
289,20.6744632720947,0.246942086490494
289,38.0362243652344,0.66593548151884
289,19.2535419464111,0.213649869662703
289,32.2813110351562,0.510851314209095
289,0.0110214445739985,0.0149315703872041
289,0.0110214445739985,0.0149315703872041
289,57.0540351867676,0.953846216167496
289,59.0590705871582,0.963331368653019
289,45.1963157653809,0.827132437682163
289,0.0113296005874872,0.0149315703872041
289,3.17006325721741,0.0218363076972934
289,58.7174987792969,0.961749497183621
289,52.5973968505859,0.92296832813807
289,68.7783508300781,0.991250083549549
289,69.2145919799805,0.991837462200158
289,32.1358871459961,0.50768959671392
289,36.5164413452148,0.626919361013046
289,65.0011672973633,0.98331439543546
289,67.5065536499023,0.989159825730831
289,62.3655586242676,0.976010645731681
289,63.4033813476562,0.97941541646159
289,67.0951232910156,0.988232172551593
289,67.7956848144531,0.989672262967396
289,26.4823360443115,0.371263816057312
289,67.6554183959961,0.989494023928591
289,22.8749027252197,0.295502097346871
289,61.0943794250488,0.971477702903878
289,57.5530166625977,0.956211934318914
289,21.1068458557129,0.257745802774453
289,18.6414394378662,0.200670826927868
289,16.9767360687256,0.170189925848509
289,26.4084606170654,0.370176152831874
289,10.4474697113037,0.076450369542189
289,20.3656425476074,0.239571497147163
289,19.8691577911377,0.226489156787565
289,20.6345386505127,0.245963797220686
289,19.1802577972412,0.211454288775599
288,50.9265518188477,0.95925454616102
288,53.6554183959961,0.973495298414672
288,43.4915199279785,0.881564248523469
288,32.6509666442871,0.625422559838359
288,41.0251426696777,0.838939131955238
288,39.5633850097656,0.809112235778676
288,35.7800712585449,0.715141241840224
288,35.1233291625977,0.69752243938452
288,40.0622177124023,0.82049706636618
301,26.2596969604492,0.766562241234272
301,19.4712200164795,0.588121511035458
301,24.062780380249,0.715506271287725
301,15.1194610595703,0.450195982885862
310,24.7844638824463,0.736285171363813
310,13.7193269729614,0.370548776299824
310,1.81079685688019,0.0472171981959294
305,12.9645881652832,0.206594356756276
305,19.4712200164795,0.4227442883723
23,19.6999206542969,0.593624341914356
23,5.17424154281616,0.0940388840525639
23,2.91899490356445,0.0493201508933383
23,18.8683834075928,0.566471831861709
23,6.93624782562256,0.135969821332338
23,23.9338893890381,0.734387306719728
23,14.3029146194458,0.392384860921113
310,10.8880767822266,0.267680120881888
310,23.0012092590332,0.689796011813457
310,8.66046810150146,0.195590558391905
310,7.64140510559082,0.170109205796836
384,31.8522281646729,0.441777672938162
384,23.0468883514404,0.187243984633064
385,44.4897041320801,0.873392670229653
385,40.2091789245605,0.757938736040926
385,42.3863372802734,0.822685965021731
385,27.4136066436768,0.293398770284415
385,41.3367652893066,0.792258475956773
385,32.2661743164062,0.461867725857994
330,40.7490539550781,0.791880719358372
330,28.129077911377,0.355764406600007
330,36.0241355895996,0.637971239797901
330,26.2596969604492,0.299592504917029
330,49.0945510864258,0.94732478300298
470,19.1802577972412,0.151079907392242
330,39.6947174072266,0.761450494058345
470,35.0742111206055,0.706489183219049
470,30.9637565612793,0.536069659449577
470,32.1162528991699,0.585167707692376
470,30.8863391876221,0.530888582950788
470,24.6509475708008,0.293507275375278
470,27.4223098754883,0.389350993142953
470,41.7031707763672,0.903159376535531
330,33.1811256408691,0.534031728085362
330,27.7240505218506,0.344447585061654
330,29.9801406860352,0.418353766974055
330,28.129077911377,0.355764406600007
330,57.5509185791016,0.990098811668963
330,40.0382537841797,0.771290440353791
330,35.166862487793,0.606578807900223
330,45.9796524047852,0.907517459868801
330,56.2557373046875,0.987166260349315
330,42.539665222168,0.838926380006831
330,50.889533996582,0.962612915003121
330,53.2350120544434,0.976368818382032
330,26.3249473571777,0.302314242306469
330,14.799222946167,0.0771614316503551
330,31.8921031951904,0.485569256498133
330,44.3465232849121,0.878917429247783
330,19.8691577911377,0.150048875855327
330,26.4823360443115,0.306333839757858
330,37.880989074707,0.703063279511006
330,40.9688186645508,0.799235652286566
330,39.3642807006836,0.752135815991238
330,39.1499061584473,0.744540625846494
330,50.5799674987793,0.960303383622466
330,42.2625350952148,0.832676159182183
330,42.934383392334,0.848864078012932
330,28.3031959533691,0.363271266885725
330,30.9356460571289,0.449191487357053
330,26.5650520324707,0.309030844786772
330,36.5364227294922,0.657286035638154
330,32.1293449401855,0.49465309920032
330,39.0607719421387,0.743286341848332
330,27.1237907409668,0.326211591232967
330,19.2973365783691,0.139806145402725
330,39.2637672424316,0.748445983346877
330,45.7396545410156,0.903767562920303
330,27.2121543884277,0.329523372080698
330,39.7436790466309,0.762146533347466
330,27.061653137207,0.32312240162998
330,39.3475723266602,0.749061936897149
330,34.8541030883789,0.59612761898032
330,29.6489639282227,0.405490584037028
330,35.9051628112793,0.635727661378652
330,48.9554710388184,0.946112897337149
330,30.3704490661621,0.431778727814484
474,21.2226734161377,0.200321351724912
474,30.5657978057861,0.536961228072203
474,33.8486251831055,0.676417308076563
474,36.7545852661133,0.786279635449092
474,47.5244903564453,0.976157881786821
474,35.3774337768555,0.737986052740655
330,29.0608291625977,0.386732855174363
474,28.0873489379883,0.431668172142802
474,43.7217483520508,0.944889665387975
474,30.9637565612793,0.555400145648623
474,22.5840225219727,0.23903548244868
474,29.1237335205078,0.47475341291715
474,25.6894397735596,0.337401146363656
474,29.8153800964355,0.505364394030718
474,29.2254428863525,0.478538295514782
470,26.5650520324707,0.359342892177478
470,28.4346351623535,0.430487961434092
470,26.5650520324707,0.359342892177478
470,19.2973365783691,0.153623522016476
470,34.5916061401367,0.685654208296628
470,37.8350410461426,0.80323507408178
470,20.5275535583496,0.180657727568515
470,24.2012519836426,0.279124741588055
470,27.2385711669922,0.384991522760172
470,38.8895721435547,0.835495509054932
470,12.0796165466309,0.0542826661472605
470,21.8014087677002,0.212012448040939
470,30.8298053741455,0.53009973483725
470,38.2079391479492,0.81562202577258
470,31.3111553192139,0.549928950548697
74,33.3216857910156,0.654052458812687
474,27.8347320556641,0.421718818892047
470,32.7520790100098,0.611733562344233
470,28.8467464447021,0.444705819857547
470,29.380708694458,0.46852619976184
470,17.8740081787109,0.127589763566904
470,16.5583381652832,0.105753456190598
470,24.4433498382568,0.286196043364512
470,45.0514717102051,0.951868755505779
470,38.4177665710449,0.82314220071802
470,25.6797657012939,0.326347615527293
470,33.1811256408691,0.630333910287341
470,23.307014465332,0.252518160770964
470,35.806209564209,0.736266207464398
470,34.1753196716309,0.668943200279771
470,43.0035438537598,0.925707506451999
470,30.2462558746338,0.505872978632044
470,27.4744319915771,0.392169952058221
470,47.9019393920898,0.974423968233591
470,23.8906936645508,0.269184901216916
470,28.4591636657715,0.432136485774616
470,9.79425716400146,0.0373299571932589
470,31.4139671325684,0.555179084458098
470,24.4850845336914,0.287886179221688
470,34.088451385498,0.664582844545571
470,29.380708694458,0.46852619976184
470,30.3121204376221,0.508011102306783
470,28.028751373291,0.414668502295274
470,33.7065849304199,0.651501777342972
470,29.7777061462402,0.484559913943842
214,22.6660137176514,0.245469916595548
214,27.4917697906494,0.395483446401952
214,27.1326484680176,0.384922191604475
214,36.8135719299316,0.755284230009911
214,32.0572166442871,0.573735043159282
214,27.1326484680176,0.384922191604475
214,18.0816822052002,0.140802853908513
214,35.5056686401367,0.709643149354652
214,30.1727638244629,0.498562157852011
214,14.3029146194458,0.0827623861775015
214,19.7988758087158,0.173275189857609
214,30.1063404083252,0.495798554792514
214,18.0340270996094,0.139318578105411
214,29.9801406860352,0.491083137057739
214,19.2973365783691,0.163781108547475
214,27.1237907409668,0.384922191604475
214,28.2866916656494,0.425196182192853
214,22.5957622528076,0.243362789349721
214,28.0873489379883,0.418572981697134
214,26.5650520324707,0.364837234027223
214,20.2430553436279,0.185268682741251
214,34.6365852355957,0.67614206777072
214,26.7836017608643,0.370246754847914
214,15.2178955078125,0.094634991441797
214,24.60964012146,0.301517740057994
214,28.8147926330566,0.444675100512852
214,28.4591636657715,0.433033062363601
214,25.996057510376,0.345186991531462
470,23.307014465332,0.252518160770964
470,39.9500694274902,0.864027729206415
470,40.6648635864258,0.880278354485854
470,30.3995342254639,0.510444048003754
470,5.1110897064209,0.0138876223444991
470,30.1063404083252,0.499478085339023
384,20.898738861084,0.145825266674995
384,47.3802108764648,0.91506594420446
384,13.8733692169189,0.0596070118045441
384,29.4038734436035,0.355344479612273
474,25.0280914306641,0.314161769052805
474,20.9510326385498,0.19453834175244
474,40.0980949401855,0.881464809013701
474,25.0884304046631,0.317418221270314
89,36.9746704101562,0.760794781117203
332,25.1785163879395,0.402956122873264
332,20.2430553436279,0.247767574086513
332,23.3518218994141,0.340604357045157
332,13.8733692169189,0.116830069970856
332,25.1785163879395,0.402956122873264
332,38.8335266113281,0.871436124077387
332,22.8749027252197,0.323544562912624
256,28.2205123901367,0.576838764599064
256,30.3704490661621,0.663532424813163
256,29.6869335174561,0.637516368555974
256,7.9696102142334,0.0525723050061857
256,29.7701606750488,0.639298521464211
256,26.0245094299316,0.492973880246077
256,30.9777927398682,0.686594303380785
256,33.6112060546875,0.777037960580418
256,4.35748386383057,0.0233464442552699
256,42.7115516662598,0.95530630602387
256,19.0474147796631,0.249708802484885
256,31.3111553192139,0.698061335963556
488,27.3000469207764,0.5228583309827
488,37.4106712341309,0.887120178900136
488,16.6113510131836,0.169257209658048
488,25.7954921722412,0.461479183084748
488,38.3644561767578,0.905809892433094
488,23.2395668029785,0.357785732772283
488,4.35510969161987,0.0217489291291414
488,18.3175849914551,0.210149500260266
488,36.4111328125,0.863789297979813
488,37.4849967956543,0.888155426763484
488,40.7871704101562,0.943078815513596
488,29.1237335205078,0.601252184634712
488,24.0948429107666,0.392902736136839
256,30.113733291626,0.653514747978498
256,29.8003215789795,0.642479387074448
256,33.0517272949219,0.759361125915494
256,38.1674385070801,0.891980794227657
256,20.4062843322754,0.28979397926529
256,35.3988761901855,0.829308818883586
256,34.4275016784668,0.802171380891173
256,23.7712993621826,0.40399645980992
256,28.5569152832031,0.593418333265005
256,8.98487663269043,0.0636414279409743
256,25.3769340515137,0.464797054021661
256,16.0898933410645,0.17570243110737
256,25.6507034301758,0.475762479290611
256,16.9767360687256,0.195916241224886
256,13.8733692169189,0.133282851058801
256,15.0171060562134,0.15241386461908
256,27.1415023803711,0.536331562434435
256,31.8522281646729,0.718991383447441
256,25.996057510376,0.490439316367109
256,35.806209564209,0.841344982841654
256,33.8486251831055,0.784263035158332
256,27.061653137207,0.532171597932799
256,16.4516849517822,0.182891332080923
256,25.718433380127,0.479001222667827
256,19.9111671447754,0.275392061581944
256,30.2462558746338,0.659384518179648
256,25.0180130004883,0.449987580395836
256,21.8014087677002,0.336501337217575
256,24.7229785919189,0.43978903553936
256,13.4555187225342,0.123175946000043
256,22.1916065216064,0.346224802070095
256,19.4712200164795,0.26006409962693
256,10.7725086212158,0.0853142401010932
256,15.2178955078125,0.157960483954595
256,37.2777862548828,0.873959104534482
256,35.7538871765137,0.838887589318658
256,11.4467468261719,0.095365678966496
256,33.587272644043,0.774394875888363
256,36.0550308227539,0.846315236081
488,24.3595561981201,0.404526010602567
256,27.758186340332,0.562506782550818
256,40.1656341552734,0.92523880607813
488,31.1383686065674,0.685316637538204
256,29.2254428863525,0.618356416112206
256,28.8866004943848,0.60385562391027
256,36.9357681274414,0.866360236044826
256,21.4643592834473,0.32099250724075
488,21.8088188171387,0.312319158773871
335,30.1727638244629,0.612718403720495
335,10.4474697113037,0.0560561971446758
335,4.35510969161987,0.0118772652281791
488,21.899881362915,0.314066866543174
335,25.0079288482666,0.413000948310578
488,21.2226734161377,0.290523701650871
335,43.5707740783691,0.945890437651827
488,25.4261608123779,0.445752721160641
335,34.088451385498,0.74912053936788
256,24.4433498382568,0.428505282552024
488,20.1882495880127,0.257372506026829
488,47.168270111084,0.985108133965726
335,36.4362678527832,0.819422180075085
335,15.2178955078125,0.129938684576313
488,28.0873489379883,0.557259966441684
488,47.1461601257324,0.98501507797801
488,37.2920761108398,0.883368859395311
488,37.0280113220215,0.878093748091625
488,27.7240505218506,0.542990412325266
488,19.0028629302979,0.228330313860399
488,40.7490539550781,0.942284931618389
488,31.9517345428467,0.719049433085475
488,42.3760604858398,0.96014295726113
488,32.9773254394531,0.755821088231616
335,15.9609003067017,0.145937853180738
335,33.2301559448242,0.722804920822562
335,18.7629203796387,0.211428441523013
251,36.8576698303223,0.900293616916282
251,26.0339813232422,0.572281576155346
251,23.9338893890381,0.498871178662192
251,52.0773773193359,0.993455303609761
251,44.5400772094727,0.976498309852205
251,44.4451141357422,0.976189888721656
251,41.7282409667969,0.95930074761282
251,30.6304054260254,0.734702311924795
250,32.7835464477539,0.798879803391223
250,34.399040222168,0.835984140410971
250,47.8085517883301,0.982340716605575
250,32.0572166442871,0.782379704181766
250,24.0948429107666,0.553132756177964
250,27.5436706542969,0.65533938336971
250,23.0354804992676,0.522057569333486
250,24.3595561981201,0.562099898701923
250,16.5583381652832,0.336650758343167
250,35.5905990600586,0.859320989588229
335,31.8522281646729,0.675505007859286
335,28.3854675292969,0.542989646526975
335,36.0138244628906,0.807880720716039
335,33.6171836853027,0.735142051728393
347,31.1383686065674,0.814530817697858
526,42.5227088928223,0.996146193855853
526,32.6319389343262,0.971320158958817
51,30.1727638244629,0.872499038091574
51,17.8740081787109,0.429400293819301
51,25.2183952331543,0.733813704571688
51,15.736777305603,0.334564867606422
51,21.9244022369385,0.607007940116828
51,13.8952140808105,0.26745426562664
51,29.9801406860352,0.868345342614292
51,38.4177665710449,0.974658085277554
51,24.3595561981201,0.702892720976599
51,21.8014087677002,0.602084717898492
51,29.8679828643799,0.86552520200077
525,17.5484008789062,0.625734395042452
525,8.20672702789307,0.219546422931354
525,28.8786373138428,0.917712713857757
525,0.0107062496244907,0.0485144641750668
525,18.0181064605713,0.647896724944313
525,17.3493251800537,0.618977135157664
525,20.6744632720947,0.745466099310662
525,26.6199626922607,0.887495244984786
525,35.9207305908203,0.971903545885181
525,22.3473720550537,0.795756892287155
34,37.2443885803223,0.984626497426146
34,18.0181064605713,0.41478432276958
34,29.8003215789795,0.896397474446393
34,22.4424629211426,0.627863766312318
35,19.6857299804688,0.568318276669924
35,20.1470127105713,0.584871360476579
341,41.8280982971191,0.947012129736655
341,39.3475723266602,0.909527622655173
341,35.2535820007324,0.809070146364561
341,26.8828048706055,0.464885039063044
341,27.4136066436768,0.487571545949559
341,31.461727142334,0.669007199855167
341,26.4084606170654,0.446419569122787
341,33.8250350952148,0.760614564039718
341,30.3995342254639,0.620767473923155
341,19.9251441955566,0.207318924338853
341,30.716157913208,0.636912139485008
341,18.7477912902832,0.172270112941635
341,30.4647941589355,0.623522776330998
341,26.8377876281738,0.462003704374225
341,22.3473720550537,0.283896416783879
493,39.7436790466309,0.928908025647594
493,48.843147277832,0.988591130681564
341,48.4736518859863,0.986594621694264
493,21.4643592834473,0.322485555948591
341,27.5436706542969,0.494171877393569
341,37.2730178833008,0.866390463325303
341,40.4133758544922,0.928676869943042
341,48.3143768310547,0.986265962928405
341,30.3704490661621,0.620767473923155
341,38.5238418579102,0.894741459746264
341,42.6746444702148,0.955766847243305
341,24.2330379486084,0.353748241814865
341,38.0407676696777,0.884060049855864
341,23.7167320251465,0.334422827858008
341,36.7348747253418,0.851662790535742
256,18.8983764648438,0.246171023978277
256,24.4850845336914,0.430395956273347
256,50.070556640625,0.990799846623918
256,40.5222129821777,0.93059008795009
256,57.0320472717285,0.998258843843373
256,18.0340270996094,0.221339050370538
256,27.6212196350098,0.55504055061049
256,34.4729385375977,0.803656910243641
256,37.5377731323242,0.879045113307787
256,46.7090034484863,0.980680883697039
256,34.1753196716309,0.793945503259242
256,33.0702781677246,0.759361125915494
256,38.9796867370605,0.906225959625434
256,21.6525173187256,0.327455524553437
256,31.0198345184326,0.688677902992039
256,45.3620681762695,0.974217866384352
256,44.8502502441406,0.971381855802367
256,39.9219017028809,0.921814371531856
256,33.6351051330566,0.777037960580418
256,14.0685558319092,0.13520005208999
256,26.6655826568604,0.518083184820591
256,36.9746704101562,0.867681778390853
256,9.36515808105469,0.0689203626042101
256,40.9198341369629,0.935878668907822
256,29.6565647125244,0.637516368555974
256,27.6984024047852,0.558566271248978
256,40.9688186645508,0.936568378964326
256,29.0134944915771,0.610113657464906
256,41.9836959838867,0.947960652764749
256,38.400016784668,0.897440596912703
256,53.3934516906738,0.995688106360043
256,17.2318649291992,0.200387298724036
256,38.0589256286621,0.890208287613917
256,30.5801773071289,0.670359589743095
256,42.1794242858887,0.949868207501441
256,33.3216857910156,0.768078964566749
256,37.3206214904785,0.87452341276253
256,34.1753196716309,0.793945503259242
256,37.4295654296875,0.877511352482836
256,19.5287284851074,0.262851878736432
256,10.7725086212158,0.0853142401010932
256,62.4522666931152,0.999664791266245
256,22.4897918701172,0.359473987561103
256,25.0280914306641,0.449987580395836
493,16.5583381652832,0.180151169551411
493,30.113733291626,0.675221285713705
493,28.8147926330566,0.62129547182546
493,48.8994255065918,0.988798490744016
493,25.3769340515137,0.476338590520799
493,26.5558815002441,0.527772017776043
493,32.2921104431152,0.754554806077683
493,21.3630599975586,0.319667898629391
493,25.7954921722412,0.49539945273207
493,21.4643592834473,0.322485555948591
493,22.7708053588867,0.372548780438221
493,17.2318649291992,0.195959324900691
493,21.3545913696289,0.319667898629391
493,10.7647323608398,0.0760279570154788
493,5.71059322357178,0.0281684414248482
493,19.8691577911377,0.271353004078081
241,27.6212196350098,0.920044015090888
241,18.2079830169678,0.649469103692695
241,13.54079246521,0.439118412026981
239,24.7229785919189,0.880401694743668
239,16.1812686920166,0.56952478417277
239,26.8377876281738,0.922086194574775
239,8.84225845336914,0.247053894412297
241,11.4467468261719,0.347587029838802
241,25.3769340515137,0.877847404824511
241,15.9609003067017,0.553979221447353
246,1.81094539165497,0.024528184366241
246,5.65112400054932,0.0605329892779286
35,18.8833866119385,0.535148098678399
35,13.0587387084961,0.286625671575551
35,15.7931690216064,0.395716425489786
35,30.5153732299805,0.917383938515898
35,35.3129348754883,0.97214695075895
35,24.062780380249,0.749949858537064
35,33.8545150756836,0.960347704374469
475,34.742919921875,0.992359265928577
15,22.3830986022949,0.490417856263283
15,34.3133583068848,0.903202561319335
15,8.12544918060303,0.032864791892804
15,16.2539176940918,0.213169632676889
15,18.7629203796387,0.313451487261815
15,20.4737758636475,0.39894737802264
15,25.6507034301758,0.637529530880864
15,25.2681045532227,0.622606744442721
15,31.9781684875488,0.850717406572958
15,8.20672702789307,0.0344154481852761
8,16.2539176940918,0.297587779176564
8,29.5956592559814,0.781472075698742
8,29.0765781402588,0.766750593812749
8,35.2697906494141,0.909236657637652
11,23.0354804992676,0.442376435107029
473,16.5583381652832,0.314041331085721
8,25.6894397735596,0.653934628646542
8,33.8545150756836,0.885142237181981
472,9.92227363586426,0.288806376287844
472,15.5851955413818,0.606832579549445
388,4.35748386383057,0.0560561174861011
388,32.542854309082,0.808546054140404
388,40.8441696166992,0.943309634714391
388,28.9104671478271,0.72542194876986
388,41.522891998291,0.95002253873103
388,37.9907264709473,0.908833442731852
388,34.1290473937988,0.841187830666909
388,55.4236221313477,0.996822750674185
388,28.548791885376,0.716892660282011
388,33.1011428833008,0.822751306850983
388,26.6655826568604,0.669941557465856
388,34.2157020568848,0.844230005773078
388,39.4267768859863,0.927546125315345
388,16.0898933410645,0.362880212575821
388,43.9299125671387,0.968213904419964
388,30.9777927398682,0.774927757435804
388,13.6080598831177,0.282900141559048
388,35.6064720153809,0.870593203584054
388,30.8863391876221,0.772112709471803
388,29.511547088623,0.740460739112211
388,39.7924919128418,0.931624923882356
388,37.9496650695801,0.907927781160784
388,20.6744632720947,0.504000822465974
388,28.4591636657715,0.71493740559435
388,40.7985877990723,0.942668427587407
388,19.6857299804688,0.474915262279654
388,31.8522281646729,0.795209135698977
388,34.5916061401367,0.850888500502179
388,28.7747631072998,0.720198340833063
388,15.7931690216064,0.352176134251754
388,49.967414855957,0.990369556105624
388,19.6999206542969,0.474915262279654
388,53.1240844726562,0.994860220325981
388,26.8828048706055,0.674043448346764
388,12.6043825149536,0.250648720037327
388,15.0600318908691,0.327119708340912
388,25.0984630584717,0.627490292529004
388,36.4362678527832,0.884825977271469
388,41.3367652893066,0.948003701096885
388,24.3595561981201,0.609438746055722
388,25.6603965759277,0.642420896962412
388,13.5856800079346,0.281025551803494
330,40.8782653808594,0.796175905969921
388,9.15982437133789,0.15230899413993
391,19.4712200164795,0.374437033307639
391,26.3342475891113,0.64122046806347
391,31.3660678863525,0.807430098432501
391,15.7931690216064,0.249560558038196
391,29.2877254486084,0.743756092949731
391,29.0608291625977,0.736905753910003
391,32.6192436218262,0.840739403524947
391,24.2330379486084,0.559353294679931
391,20.806791305542,0.42846476198091
391,27.7496585845947,0.692783740418375
391,27.5436706542969,0.684189792286893
391,34.3190841674805,0.87974469265298
391,28.028751373291,0.702197647064703
391,11.7942485809326,0.140438196824191
391,27.5436706542969,0.684189792286893
391,45.5203895568848,0.987867195870974
391,13.6080598831177,0.186947626347112
391,34.981029510498,0.892528383099277
391,21.9121475219727,0.471538194700378
391,27.6984024047852,0.690871475563029
391,24.7229785919189,0.579250510443956
391,29.9801406860352,0.76695979454813
391,27.9024772644043,0.6983839446376
391,25.0079288482666,0.589500616530514
391,29.0765781402588,0.736905753910003
391,28.7747631072998,0.724604294017384
391,22.2036437988281,0.479424621492741
391,34.9204483032227,0.891693432961
391,22.6776924133301,0.499979802951767
391,30.7375259399414,0.78972415829322
391,22.5957622528076,0.496770762669692
391,11.5279731750488,0.13835394473338
391,24.1906433105469,0.556596085270688
391,27.758186340332,0.694327044763738
391,25.6507034301758,0.61439753870858
391,30.9356460571289,0.793499965227762
391,19.8270282745361,0.388913111465635
391,28.8467464447021,0.727717554483099
391,23.8906936645508,0.546684540013268
391,25.996057510376,0.628550880528838
391,32.2921104431152,0.831262615347008
391,20.8462657928467,0.42846476198091
391,30.1727638244629,0.772971851977707
391,17.7771167755127,0.313140865874526
391,32.9773254394531,0.848878605745706
391,24.062780380249,0.555424240039211
391,36.3758773803711,0.916198907193939
391,33.4369010925293,0.859770853035866
391,16.0898933410645,0.25996682686882
391,38.1629295349121,0.940931754382239
391,19.6857299804688,0.384160350404212
391,26.9187316894531,0.661174735283327
391,21.8137531280518,0.467099424863024
391,29.9950370788574,0.76695979454813
391,38.2796821594238,0.941882889602102
391,35.8843803405762,0.908684772383431
391,29.4038734436035,0.747414049066751
391,34.742919921875,0.887828509153844
391,28.0873489379883,0.704001639084162
391,34.8596420288086,0.89006975685669
391,33.1011428833008,0.853852493252728
391,9.63165187835693,0.0959405598788344
391,29.2643966674805,0.743756092949731
391,17.3493251800537,0.300885630154151
391,15.7931690216064,0.249560558038196
391,30.8863391876221,0.793228033836094
391,26.0245094299316,0.631164003779555
391,20.6744632720947,0.421340825813577
391,12.6043825149536,0.161039186021477
391,23.7712993621826,0.541974671652214
391,19.6857299804688,0.384160350404212
391,32.4981269836426,0.836844080036946
391,32.9773254394531,0.848878605745706
404,21.3630599975586,0.682341026080747
404,23.9338893890381,0.768304596812509
404,12.8696527481079,0.376784845784264
404,2.54833388328552,0.100964849888812
404,28.548791885376,0.881365211988653
404,22.3473720550537,0.716483273967327
214,34.088451385498,0.652633828999259
214,11.5279731750488,0.0529816010644515
214,20.911828994751,0.200790332833238
214,31.4685401916504,0.551237136676663
214,12.0025415420532,0.0567315190049748
74,37.3348731994629,0.808462167731514
74,28.4591636657715,0.447779354050388
470,15.8866176605225,0.0964962217628232
406,26.0245094299316,0.694921385578356
406,37.013484954834,0.945573920264684
406,29.9875907897949,0.813730887698021
406,21.6150684356689,0.530667479942067
406,19.4856185913086,0.447108713532982
406,33.1442604064941,0.886880785180432
410,23.4076519012451,0.446691386738857
410,16.6817111968994,0.229415297212796
391,29.9353675842285,0.764186344213504
391,21.6025657653809,0.456039354677241
391,25.2978572845459,0.601459351254153
391,29.496208190918,0.750229975667762
391,28.5569152832031,0.721087092587017
391,18.5342979431152,0.340736280270066
391,11.9767255783081,0.145805614446261
391,15.2178955078125,0.233434568434887
391,20.3112831115723,0.408426375096248
391,13.54079246521,0.18472969894738
391,25.3670692443848,0.603902569439326
391,9.79425716400146,0.102305753326995
391,31.5500602722168,0.814054730252805
391,18.0816822052002,0.326852371237571
391,34.3133583068848,0.87974469265298
391,27.6555671691895,0.690871475563029
391,21.4137916564941,0.447231359477892
391,27.2385711669922,0.675146095452499
391,21.5021743774414,0.452363491898902
8,39.213264465332,0.957974005137115
8,25.5729541778564,0.649308567576253
472,22.1916065216064,0.875513328168104
388,42.7550506591797,0.960306843075074
388,8.28417682647705,0.130759752943875
355,13.7193269729614,0.0865735295754477
355,28.0873489379883,0.414317833570164
355,37.1965599060059,0.746048691987193
355,17.248706817627,0.137307953445058
355,14.3029146194458,0.0942451888651027
355,36.6508331298828,0.729026531270985
355,15.736777305603,0.112694829166218
355,13.7193269729614,0.0865735295754477
355,15.7931690216064,0.114372743766023
355,11.3099327087402,0.0591406925362945
355,16.2357921600342,0.121382141571841
355,7.20912075042725,0.0275348661192961
355,20.911828994751,0.211535036786121
355,20.6744632720947,0.205573755894498
355,22.989767074585,0.259079660595627
355,23.8365345001221,0.283894060423476
388,18.8683834075928,0.452227538375155
388,24.0948429107666,0.601454499442463
388,15.5278930664062,0.341404993317464
388,15.8866176605225,0.355993958038419
388,38.4221992492676,0.9151253074362
388,22.2036437988281,0.547594682441142
388,17.8740081787109,0.41997232085663
388,8.98487663269043,0.146290757538612
388,7.42854976654053,0.112873964997746
236,30.1285095214844,0.961692708017175
236,32.214183807373,0.974271604338741
236,14.5742158889771,0.57255628803177
236,35.3988761901855,0.986336553261003
236,24.0948429107666,0.886613221532912
236,4.04469108581543,0.130591201382397
236,19.1213665008545,0.753587177484518
236,21.982105255127,0.839848055026095
236,30.3486003875732,0.963196779802542
236,7.59259939193726,0.259658096829848
236,19.8270282745361,0.777793965097441
236,21.6150684356689,0.8293640676576
236,12.6043825149536,0.47956013656702
526,31.407133102417,0.963594023323269
526,29.2877254486084,0.945209363694524
526,22.8055820465088,0.839837165528906
526,33.3945465087891,0.975299828872769
526,24.4433498382568,0.874923709931981
526,25.2978572845459,0.891067994458195
526,17.299108505249,0.663501549074284
526,23.0354804992676,0.845805483005779
526,23.3518218994141,0.85327324169501
526,27.9615249633789,0.930846170250459
526,29.6565647125244,0.949527203435274
526,28.9501686096191,0.941725549537842
526,7.64251136779785,0.234562571154589
526,30.1727638244629,0.953890639107726
526,33.3216857910156,0.975116970188335
526,27.7496585845947,0.928183082864431
526,23.3965015411377,0.85327324169501
350,39.1456756591797,0.818398337615644
350,43.3413581848145,0.911475316728422
350,35.5534973144531,0.701230119974664
350,43.7623710632324,0.91860934584978
350,47.4164237976074,0.959792374811864
350,34.3190841674805,0.653826731249097
350,23.4076519012451,0.259459873246897
350,34.9425048828125,0.677242595265464
350,39.6496963500977,0.831844093436273
350,36.8723411560059,0.746997546674305
350,22.989767074585,0.246259820402237
350,45.6632957458496,0.943645120943895
526,33.0269660949707,0.973268910081498
526,15.9794054031372,0.61152456172098
526,12.2068653106689,0.440113305890282
526,38.7989349365234,0.991901022631256
526,22.0221004486084,0.820872107686192
526,14.799222946167,0.555804908307056
526,19.4712200164795,0.743347149850555
348,7.64140510559082,0.0476594642805766
348,35.7957611083984,0.793825704174699
348,41.6169052124023,0.929719193256035
526,20.2430553436279,0.770734631202531
526,22.5957622528076,0.835234351215013
349,32.1162528991699,0.734611247571802
349,35.7800712585449,0.845391642184013
349,33.777759552002,0.787114899902069
349,37.954231262207,0.896694440430895
526,34.8263778686523,0.981565469820955
347,36.9843826293945,0.921932536039132
347,35.9207305908203,0.907151988676458
347,32.6319389343262,0.846816562629747
347,29.2643966674805,0.769828899767874
347,13.8733692169189,0.332935935051811
347,43.0035438537598,0.976224873711
347,21.2226734161377,0.546228471337285
347,34.227222442627,0.87802148003574
347,30.6947612762451,0.802550876132341
347,29.5956592559814,0.777146297139297
347,27.0171222686768,0.71042444291963
347,21.7271423339844,0.560786284062618
347,36.6607437133789,0.917526085356635
347,42.9409828186035,0.975748098415864
347,29.0765781402588,0.764510468784562
347,16.6992435455322,0.41504238886491
347,29.1001720428467,0.766317493342339
347,29.6489639282227,0.778643340773218
347,30.9637565612793,0.811125646456492
356,22.3115634918213,0.395711567684535
356,31.7989120483398,0.720300918141236
356,27.1237907409668,0.564298514692168
356,18.3331737518311,0.272534144837422
356,37.5986061096191,0.874291453079765
356,34.0069541931152,0.786980834928723
356,27.1415023803711,0.564298514692168
356,30.1727638244629,0.669758069027426
356,27.061653137207,0.560667016347008
356,28.261905670166,0.603657954712228
356,21.899881362915,0.381456061041815
356,36.2594833374023,0.845355953307803
356,29.6869335174561,0.653601915914821
356,34.5352058410645,0.80141469170764
356,20.3112831115723,0.330749340400649
356,18.5342979431152,0.275685874735025
356,40.4133758544922,0.921512777701363
356,9.69704627990723,0.0880845656055382
356,27.4744319915771,0.574973198120677
356,23.9338893890381,0.451872775147863
356,29.9278945922852,0.66040357147793
356,27.2033405303955,0.568273550938049
356,29.9875907897949,0.663273626621686
356,23.6839027404785,0.439074343049577
356,29.496208190918,0.64563275798413
356,26.1189918518066,0.528725230884452
356,28.6217632293701,0.617026317504046
356,29.1237335205078,0.633558914446558
356,55.0552558898926,0.994254624763818
356,41.8280982971191,0.939056244788523
356,36.9308967590332,0.860330783562567
356,44.6432342529297,0.963343453003423
356,41.3771018981934,0.933709689414097
356,32.9773254394531,0.757506994155249
356,21.2610874176025,0.359073448008303
356,28.4591636657715,0.611074951151148
356,44.1290626525879,0.959997578123612
356,36.5014419555664,0.851872643524146
356,30.113733291626,0.667261825239243
356,37.2920761108398,0.867956403592538
356,34.6253509521484,0.804751352927279
356,18.0816822052002,0.264570909973985
356,34.1290473937988,0.789406660028444
356,29.6337509155273,0.650474536404817
356,39.8775405883789,0.913524534331743
356,22.6660137176514,0.40770183016197
356,32.3438568115234,0.73876509312707
356,18.2079830169678,0.266757838027803
356,33.2301559448242,0.765745322586696
356,41.3367652893066,0.93295482739853
255,34.3533973693848,0.947659117249372
255,7.4298791885376,0.0980991645740776
255,40.9688186645508,0.984308600540854
255,37.584587097168,0.970189661000579
260,20.911828994751,0.526835549898974
260,17.7771167755127,0.413943901284087
260,28.6298503875732,0.773929588419435
260,17.8740081787109,0.420350408066628
260,30.1727638244629,0.813645645182371
499,23.5850028991699,0.63088294242445
499,30.8014678955078,0.843240812256191
344,11.4467468261719,0.0782486359870883
344,36.8527755737305,0.797921368107331
344,28.129077911377,0.508074575561078
344,38.4177665710449,0.840216480513421
344,34.4275016784668,0.724250388017635
338,17.3493251800537,0.233019798022862
341,27.4136066436768,0.487571545949559
341,31.3317699432373,0.660595763644213
341,35.5056686401367,0.817074240672915
341,39.2174797058105,0.908208113415127
341,28.0371341705322,0.517044299302296
341,30.2462558746338,0.616074338156447
341,32.5747261047363,0.710911888813068
339,37.2920761108398,0.898883029038653
338,38.0997047424316,0.883897405054377
338,36.9892387390137,0.862536781079774
338,45.6550903320312,0.970487584839153
338,40.9349250793457,0.928778887184387
340,30.113733291626,0.76619359118044
340,34.2157020568848,0.873584776194506
340,35.8009872436523,0.904262253836829
340,34.5916061401367,0.880212026257405
340,43.7966575622559,0.983074495093891
340,44.2502784729004,0.985041513231628
340,24.3595561981201,0.551845794926923
340,23.9446697235107,0.534937444248759
338,18.5803146362305,0.271784106005641
339,30.5153732299805,0.696950358285929
339,29.1237335205078,0.644882277480466
339,29.6185245513916,0.66440659297941
339,31.6581325531006,0.740569888432483
339,11.9767255783081,0.0885445686963057
339,14.1969470977783,0.126864317831366
339,26.0245094299316,0.516164979980045
339,12.6043825149536,0.0985124331048424
339,9.15982437133789,0.0541186684462182
339,30.1727638244629,0.686153188291242
339,13.4957332611084,0.111211174892773
338,32.1293449401855,0.74230785335531
338,39.4267768859863,0.907149899315958
338,27.4136066436768,0.586220941519511
338,18.8833866119385,0.284031777330293
338,11.5279731750488,0.095558482392664
338,23.0012092590332,0.429974153321431
341,25.766637802124,0.41953709248402
341,29.380708694458,0.577009901541632
341,41.9519996643066,0.948546102747643
341,22.2996101379395,0.279843887086217
341,15.1194610595703,0.0993684459732338
341,35.1396675109863,0.805094210870806
339,17.299108505249,0.198281782488694
339,17.8740081787109,0.214861415261814
338,41.1780433654785,0.931618595904881
338,42.1516189575195,0.943202019010061
338,25.4163265228271,0.51678892132941
338,21.600341796875,0.375639029626613
338,20.6744632720947,0.343404909726954
338,35.7957611083984,0.836318960955908
338,32.2661743164062,0.745783260944869
338,19.980920791626,0.319630913997937
338,30.3995342254639,0.688469488357575
338,11.2269582748413,0.087130714152484
338,24.1906433105469,0.469467421384605
338,24.3595561981201,0.479366432815765
338,22.1554393768311,0.396396310662611
338,38.3644561767578,0.889199971069992
338,28.3031959533691,0.620156602703433
338,21.8260860443115,0.386114737935996
338,25.766637802124,0.53064867930705
338,22.6660137176514,0.416689188931988
338,16.0898933410645,0.196358625520074
338,21.2226734161377,0.361560393295851
335,34.2617301940918,0.756262746982943
335,19.0474147796631,0.220330219930111
335,38.3109664916992,0.863761545356526
335,23.6839027404785,0.363742059522727
335,24.8559017181396,0.408381506644669
337,18.7780323028564,0.262842188832368
338,27.5523052215576,0.592301953156226
338,22.4424629211426,0.409293003886518
338,25.4261608123779,0.51678892132941
338,41.8565101623535,0.939937876613514
338,22.6660137176514,0.416689188931988
338,16.2357921600342,0.199992006181886
338,19.980920791626,0.319630913997937
338,18.270715713501,0.263837870142328
379,31.6581325531006,0.772685961372332
378,11.7942485809326,0.379055484612791
378,13.2447509765625,0.450328087254073
378,14.3029146194458,0.499449963238749
379,14.3029146194458,0.307157890165656
379,13.4957332611084,0.273804187843436
379,22.8749027252197,0.556451825531855
379,26.2876930236816,0.644032532480524
346,29.1237335205078,0.831356884284109
346,31.898738861084,0.895283690807493
345,28.4346351623535,0.718107471866538
345,19.8270282745361,0.35222278164079
356,22.3473720550537,0.395711567684535
356,18.2550582885742,0.270870421057689
356,12.6043825149536,0.135059095758228
356,26.4823360443115,0.54025151976034
356,20.2430553436279,0.328612429359196
356,14.0470237731934,0.162679674599847
356,26.194185256958,0.529528135556633
356,22.0464286804199,0.385381738393914
356,26.6655826568604,0.547965985799117
356,20.7992115020752,0.343197653412378
356,28.9501686096191,0.627263352074357
356,25.6894397735596,0.510109688624354
356,18.9879817962646,0.290529081273038
356,33.6171836853027,0.776525304988605
356,14.3029146194458,0.17068239657831
356,8.54942226409912,0.0710833882313919
356,12.9645881652832,0.141775195905449
356,25.7954921722412,0.516147268511724
356,33.5092506408691,0.773863215317315
356,17.299108505249,0.241811853110565
356,36.5912437438965,0.853080291125337
356,27.5436706542969,0.577516168328306
356,23.8473796844482,0.446705886146801
356,14.4705753326416,0.173853211914842
356,35.0742111206055,0.81665342751449
356,33.7065849304199,0.779664530633117
356,16.2357921600342,0.21463023936431
344,27.6984024047852,0.494084516430047
344,14.0470237731934,0.117364622313633
344,15.6422462463379,0.147087249216823
356,28.4591636657715,0.611074951151148
356,42.7550506591797,0.948818117741363
356,28.129077911377,0.598308766863466
356,25.9675559997559,0.523174658749061
341,16.2539176940918,0.121424791454872
339,25.766637802124,0.50490780454304
341,29.8153800964355,0.597446627766095
341,22.4068717956543,0.28969738326347
341,41.410026550293,0.942456863536981
341,29.4731731414795,0.581264361413233
340,17.8740081787109,0.290569749090826
340,10.7725086212158,0.0913405457331717
340,15.7931690216064,0.217441275359667
340,15.3544416427612,0.20581642688868
340,18.8833866119385,0.330413302531964
340,21.7271423339844,0.439639989936186
340,15.5278930664062,0.207108712060566
340,16.8213443756104,0.253013426042405
340,15.2178955078125,0.201259120331191
339,22.4068717956543,0.369779586124681
339,21.2226734161377,0.321041685563604
339,25.996057510376,0.513547484223757
338,33.9660530090332,0.792265409987705
338,19.4712200164795,0.300325843252647
338,34.6758422851562,0.809899392089165
338,21.8014087677002,0.386114737935996
338,16.9423580169678,0.22107855639258
338,29.0608291625977,0.644482552540321
338,32.2726631164551,0.745783260944869
338,27.7240505218506,0.600040730406581
338,22.7243175506592,0.417831162948272
338,31.8721771240234,0.73501825255136
338,30.9988269805908,0.707793592003137
338,25.0280914306641,0.500445369866351
338,25.5729541778564,0.519609597149633
338,21.899881362915,0.387979962162594
338,30.3486003875732,0.686568101620461
338,13.6749458312988,0.136734258839831
338,15.2765941619873,0.174630666570233
338,17.5484008789062,0.237892220492343
338,13.1288461685181,0.124208707171216
338,21.6150684356689,0.375639029626613
338,29.380708694458,0.65530085305459
338,14.3660564422607,0.153892418434506
338,2.92112946510315,0.0113835776523298
338,16.0898933410645,0.196358625520074
338,17.0110282897949,0.222825776637496
338,11.8728370666504,0.0996296197607184
338,17.4326210021973,0.236746439896004
338,13.5182847976685,0.132838224154273
335,29.6869335174561,0.594503695813144
335,17.5484008789062,0.180175112693072
335,26.8558101654053,0.484122942620715
335,8.27855110168457,0.0350030527806285
335,34.5859756469727,0.765397056340041
335,47.6767272949219,0.974585276503982
335,18.5342979431152,0.205033190870237
335,20.4872379302979,0.262344925239351
335,18.270715713501,0.200524168929188
335,27.6555671691895,0.516709752010289
335,27.061653137207,0.491575624520973
335,20.7804183959961,0.268653788695618
335,23.7057952880859,0.367107912547578
335,45.9368057250977,0.965108665999818
335,22.4068717956543,0.325456942802583
335,16.9423580169678,0.166787045817691
335,11.8728370666504,0.0729569103261929
335,4.71406507492065,0.0131438444251029
335,36.9746704101562,0.833351303602281
335,31.3523578643799,0.656806401745931
335,24.7844638824463,0.404942906506969
335,30.9637565612793,0.642551864794295
335,35.1396675109863,0.782523805193624
335,44.3495216369629,0.953130074435885
251,28.4264507293701,0.658226208393989
251,28.129077911377,0.646543215968812
488,31.7989120483398,0.709953210286176
335,24.3595561981201,0.391554839631588
335,41.2483787536621,0.916920848543109
335,49.5279502868652,0.981788539731615
335,29.6869335174561,0.594503695813144
335,46.0063667297363,0.965658166512945
335,16.9423580169678,0.166787045817691
335,30.2462558746338,0.615691941958196
335,30.5729885101318,0.626711830499227
251,42.5904273986816,0.965814601890005
488,34.1753196716309,0.796783170824621
339,32.1358871459961,0.756721910512744
339,32.2402000427246,0.759329687844194
339,41.4136810302734,0.958780920788359
339,24.3595561981201,0.4459461210527
339,30.9777927398682,0.71578142614645
341,28.8467464447021,0.550761067862465
341,26.6382255554199,0.455866419708385
341,20.8462657928467,0.234876126282953
339,32.3115348815918,0.764127350239073
341,40.3155403137207,0.926892921302937
341,36.0550308227539,0.833643655910984
341,27.6984024047852,0.502230283955603
341,17.4326210021973,0.144245686353698
341,28.548791885376,0.540370019635969
341,22.2036437988281,0.278138621582854
341,43.1506614685059,0.960235074574902
339,29.9875907897949,0.678890285462532
343,16.2357921600342,0.233785930690204
343,15.1982698440552,0.206062256457725
379,40.5647621154785,0.926162156796754
378,7.20912075042725,0.165796005461672
378,16.0898933410645,0.568688259064551
361,0.0108063016086817,0.0117232161103777
361,27.4744319915771,0.84494424223009
361,19.8270282745361,0.637237573943254
361,12.9645881652832,0.345789307985043
361,14.0685558319092,0.394333640797344
361,5.65357255935669,0.0812671567679825
361,14.3029146194458,0.408973162258148
361,14.1969470977783,0.401338573109234
361,15.0600318908691,0.437625309995526
361,4.85009002685547,0.0627668447012168
360,27.0705432891846,0.71500259480298
302,29.1001720428467,0.529299964961086
302,32.8775978088379,0.653907900744311
302,26.4084606170654,0.44467780125503
302,28.8147926330566,0.518515411813423
302,37.1965599060059,0.785595820813115
302,46.4812774658203,0.954244486679904
302,49.3245429992676,0.973856722693537
302,42.5227088928223,0.904617704207855
302,38.2079391479492,0.813434769220968
302,40.5686225891113,0.868342871704484
302,41.4136810302734,0.885676516494834
302,29.7701606750488,0.550250050434801
299,40.228931427002,0.815567824235458
299,26.343542098999,0.360783981207565
299,36.0550308227539,0.694748544402781
288,30.113733291626,0.54475734379857
288,52.5488090515137,0.968099160708735
288,38.4885635375977,0.78444591234069
288,55.0250053405762,0.978782153403792
288,27.1237907409668,0.448838688995959
288,32.1293449401855,0.608697447155735
288,25.2084350585938,0.38886190550202
288,29.1315784454346,0.512412088125583
288,41.9555244445801,0.85683721246503
288,45.6960716247559,0.912457258315201
288,14.3029146194458,0.140491432235002
278,28.369047164917,0.605017244564103
282,26.1095676422119,0.444675242415492
282,43.0821876525879,0.897759344989148
282,24.2753219604492,0.388102312844062
282,59.4605407714844,0.993689279692987
282,44.2502784729004,0.913862160827892
282,28.0873489379883,0.506981379882076
282,27.061653137207,0.47364168149259
282,34.6253509521484,0.70942975306687
282,39.4475517272949,0.83055599541716
282,43.1506614685059,0.8992846297866
28,16.1812686920166,0.17765336081959
292,20.9510326385498,0.276223786561335
292,48.1714515686035,0.942504131767155
289,60.2949295043945,0.968348392506669
289,43.957649230957,0.804483927092131
289,30.7446422576904,0.47191418600459
289,39.9500694274902,0.715169965101606
289,39.8451957702637,0.711015780231265
289,43.0298042297363,0.785260441668236
289,14.0685558319092,0.121949935084532
289,35.2697906494141,0.591644234878544
282,31.461727142334,0.616252317035685
282,25.5046157836914,0.423265366953249
282,11.1152610778809,0.0952173589053345
282,6.88967514038086,0.0455117039410565
282,51.5345497131348,0.971739150684166
282,58.4136619567871,0.992024274150731
282,18.8683834075928,0.249375914006539
282,17.4326210021973,0.215176933036504
282,16.8386974334717,0.201102396676509
282,38.1494026184082,0.800518363963226
282,19.8270282745361,0.27015471743808
282,51.6450233459473,0.97216297027674
282,36.5014419555664,0.761091498458414
282,29.9950370788574,0.568768221913802
282,43.3317184448242,0.901277979079147
282,57.4751396179199,0.990263792766191
282,26.2596969604492,0.447718825973155
282,18.0816822052002,0.229544882960589
282,38.528247833252,0.810056633475227
282,25.996057510376,0.439929394450292
282,42.6443824768066,0.891145896401725
282,45.5314331054688,0.928265040938178
282,35.5534973144531,0.735361923302626
282,29.8153800964355,0.563591568318787
282,29.511547088623,0.553357023761841
282,29.2643966674805,0.545220619056047
281,57.1099014282227,0.994389604783472
282,44.4897041320801,0.916686848552027
282,34.9369926452637,0.718178600370726
282,37.9496650695801,0.796003055226953
282,38.1674385070801,0.801326415604013
282,20.5945072174072,0.289054276851998
282,28.2866916656494,0.512684314949188
282,29.0765781402588,0.538234581815811
282,38.6947059631348,0.814010730553201
282,24.60964012146,0.398641914360498
282,34.4502372741699,0.70496567527036
281,19.1213665008545,0.220694655690491
282,28.5569152832031,0.522953789692335
281,26.4823360443115,0.462069802813291
282,27.9951725006104,0.503381242024274
282,25.9485282897949,0.437686876496176
282,19.8691577911377,0.270997699265069
282,34.2157020568848,0.697695539182354
282,31.705192565918,0.622129903033803
282,40.9085083007812,0.861599616233688
282,23.7712993621826,0.374034762521307
282,30.8227252960205,0.595834458861555
282,31.3317699432373,0.610092960868877
282,32.6192436218262,0.650584032713284
282,45.6167335510254,0.929401436329257
282,42.3966102600098,0.887324534031316
282,6.88967514038086,0.0455117039410565
278,23.8906936645508,0.427184416885756
281,39.6947174072266,0.881176038122089
281,36.8576698303223,0.818301570546437
281,23.3182277679443,0.346936641924181
281,40.1020774841309,0.889375120143261
281,36.0138244628906,0.79574802459185
281,17.6958618164062,0.185774363367181
289,50.5438346862793,0.903400517298301
289,48.086799621582,0.873504969425928
289,71.1373062133789,0.994509022338618
289,14.3660564422607,0.128212606766197
282,38.4177665710449,0.808377655858491
282,17.8740081787109,0.224845608576991
282,15.8119125366211,0.179687863856106
282,25.718433380127,0.431434373166165
282,11.4467468261719,0.102352431606695
282,21.3630599975586,0.307648779306426
282,26.4177131652832,0.4538036644094
282,27.061653137207,0.47364168149259
282,27.061653137207,0.47364168149259
282,38.8766555786133,0.818262898553425
282,28.2205123901367,0.509386905371797
282,37.6963882446289,0.790095196400794
282,26.6382255554199,0.460619708076791
282,23.9446697235107,0.380380413014522
282,27.4136066436768,0.484416479596114
274,29.8003215789795,0.566545892421326
274,34.5012702941895,0.751818602100827
274,37.7288513183594,0.85251636903162
274,29.1315784454346,0.536190343077701
274,19.980920791626,0.199445226908645
274,37.471996307373,0.846175183580437
274,36.0550308227539,0.803696336992399
274,19.1802577972412,0.177576845749427
274,21.3630599975586,0.237492339615744
278,27.6212196350098,0.575291563448103
274,15.2178955078125,0.0988721764092419
278,28.6217632293701,0.615696728467068
278,32.8775978088379,0.767937256608729
278,35.5853042602539,0.845555507759421
274,30.6375675201416,0.59853135650622
274,33.6171836853027,0.718751545516122
274,28.8786373138428,0.524426143144359
498,45.1425285339355,0.974880148393923
498,31.3866138458252,0.69216621164422
498,33.8250350952148,0.778574321058613
498,22.2036437988281,0.319726202761486
498,38.5766143798828,0.90171515159432
498,36.5114440917969,0.856640497433151
498,34.5352058410645,0.79948793646232
498,23.2733268737793,0.359677608976787
498,25.2183952331543,0.4395882591146
278,28.9501686096191,0.627287150459138
278,32.821231842041,0.766673330010096
278,34.181095123291,0.80674448439639
278,35.1178779602051,0.833614627641404
278,37.7843437194824,0.89439444125335
278,39.4267768859863,0.922485494576123
278,29.3110198974609,0.640990442741215
278,31.4957580566406,0.722252446248327
278,27.5436706542969,0.571393507541808
278,30.8298053741455,0.698716083371078
278,39.2637672424316,0.920134768229516
278,36.1320037841797,0.859211987945253
278,24.1906433105469,0.43684668658922
278,24.3595561981201,0.447235176380388
278,25.9675559997559,0.511314610181758
278,25.9485282897949,0.508360387351119
278,37.0280113220215,0.879661282853868
278,34.5352058410645,0.817197498968869
278,19.0474147796631,0.258911378375848
264,32.0506439208984,0.741031775593822
264,37.0666961669922,0.88522535170912
264,6.45483016967773,0.0275636801237787
264,35.2859840393066,0.84032692472995
264,26.6655826568604,0.524712758946735
264,32.846305847168,0.767177158247615
264,38.3288192749023,0.908920947823845
498,26.9903469085693,0.510415006596737
498,29.6565647125244,0.626885948297258
498,23.3965015411377,0.364876621425679
239,1.46949672698975,0.075344827413391
239,12.1561450958252,0.389056334089426
239,11.3372144699097,0.348277942772832
239,10.3956089019775,0.304599302577097
239,17.6213340759277,0.634396741216812
239,11.2321720123291,0.340018222403533
239,4.91666555404663,0.138504800671162
239,0.0111032519489527,0.0624282705856528
239,0.0108063016086817,0.0624282705856528
239,15.2178955078125,0.527085528023711
241,16.6817111968994,0.585990196638848
241,16.7342414855957,0.586897650623071
241,13.0587387084961,0.414877958157082
241,10.7725086212158,0.315322396250143
241,8.87814235687256,0.239600005716246
241,5.87825012207031,0.149161855493312
241,18.270715713501,0.655635503601235
241,14.5535573959351,0.489710757974163
241,16.0898933410645,0.557730507602607
239,9.09027671813965,0.258996685286662
239,16.7342414855957,0.596692503455541
239,21.5021743774414,0.787347658000166
239,22.3830986022949,0.817226185333271
239,15.4924488067627,0.534610037557396
239,15.0202569961548,0.51384371432323
241,24.0948429107666,0.849809220304104
246,28.0622615814209,0.832650264715042
246,33.4731178283691,0.944341326689505
239,5.69084453582764,0.155387085748537
362,4.91182279586792,0.0720488249371664
361,12.0796165466309,0.307151023744691
361,15.736777305603,0.466300931781653
361,18.3331737518311,0.582333154746453
361,18.0340270996094,0.567819288487774
498,18.2550582885742,0.199767481352788
145,34.2157020568848,0.773369025053613
145,40.070198059082,0.913313770149042
145,27.4136066436768,0.505187392264743
288,40.9198341369629,0.83717360895244
288,38.4885635375977,0.78444591234069
288,56.8590049743652,0.984710133664905
288,43.0691108703613,0.875682409853901
145,51.3464508056641,0.991387619380862
288,28.4264507293701,0.489916847995026
145,48.8018684387207,0.985409184678893
145,48.086799621582,0.982820318520697
289,43.8928489685059,0.802456458025719
289,16.8386974334717,0.167749266283048
289,20.5275535583496,0.244329264217095
289,31.0896625518799,0.480447379987402
289,12.0796165466309,0.0949487461491253
289,25.996057510376,0.360820628738209
289,8.98487663269043,0.0600888359572955
289,44.2502784729004,0.809960726648154
289,26.4823360443115,0.371263816057312
289,39.2174797058105,0.696612850629609
289,35.2535820007324,0.591644234878544
289,16.8213443756104,0.167749266283048
289,26.7836017608643,0.37679530259115
289,38.4487800598145,0.67699440369927
289,16.9423580169678,0.169655208732093
289,24.3490505218506,0.325391568888376
289,17.4029483795166,0.178271445903439
289,42.6039352416992,0.776919664829589
289,28.6298503875732,0.420303857052291
289,20.8462657928467,0.251349451813684
289,34.4502372741699,0.570703173262524
289,49.9275245666504,0.896757062215552
289,27.061653137207,0.383760803209923
289,43.0821876525879,0.786157713193132
289,44.1321067810059,0.807412718570685
289,48.2804832458496,0.876334514166965
289,17.299108505249,0.175095550302905
289,20.8462657928467,0.251349451813684
289,39.3976440429688,0.700835900583125
289,48.3121185302734,0.876970503464521
289,40.4133758544922,0.727032988400284
289,33.1257934570312,0.535241706314726
289,13.232985496521,0.110115267996573
289,27.6555671691895,0.398380455279218
289,17.6305160522461,0.180655393047462
289,25.0079288482666,0.33925573048637
289,34.557788848877,0.572957492014688
289,15.1982698440552,0.139275579833873
289,18.270715713501,0.194918567039146
289,18.3331737518311,0.196099400671232
289,22.8055820465088,0.294226067864514
289,29.4038734436035,0.437819893502174
289,9.09027671813965,0.0611400411975233
289,16.8906269073486,0.168486527761743
289,10.4474697113037,0.076450369542189
289,27.9278087615967,0.40323949453029
289,34.6084861755371,0.575057877051521
289,35.5056686401367,0.598660371587887
289,37.2443885803223,0.645069361316862
289,11.3648767471313,0.0864884681367337
289,8.28417682647705,0.0548611659668759
289,30.773078918457,0.472353707270735
289,29.6869335174561,0.445700894638448
289,30.4647941589355,0.464047362973675
289,26.371395111084,0.368784673063018
289,28.3279209136963,0.413024412671985
289,30.1714363098145,0.457861658149676
289,46.7267570495605,0.853600934944776
289,25.919942855835,0.359360283886178
289,23.0354804992676,0.299656282217213
289,26.6382255554199,0.375012912203095
289,31.9517345428467,0.503403758008098
289,16.8386974334717,0.167749266283048
289,30.2462558746338,0.459935712419413
289,41.9696159362793,0.762956256494079
289,22.989767074585,0.296520895489135
289,22.1916065216064,0.280698129907903
289,21.7271423339844,0.269785039668313
289,20.050350189209,0.230943107314079
289,22.1916065216064,0.280698129907903
289,26.3249473571777,0.368306668368039
289,20.7804183959961,0.248572568606839
289,25.4261608123779,0.348570745707579
289,37.7288513183594,0.658230693977748
289,36.2899284362793,0.619289514885998
282,28.9104671478271,0.53348174781337
282,30.1727638244629,0.574890319215328
289,11.2981023788452,0.0831829441443412
289,18.0816822052002,0.189709126041331
282,12.8457937240601,0.122819192041506
282,37.471996307373,0.78523990051883
282,27.4397029876709,0.484416479596114
289,18.2550582885742,0.194918567039146
289,17.4326210021973,0.178271445903439
289,20.4872379302979,0.243796572544302
289,52.778694152832,0.924661599006722
289,68.4663696289062,0.990798409621667
289,29.1001720428467,0.431536967384281
289,50.0071830749512,0.89800473548719
289,58.8897018432617,0.962456377007974
289,60.0404396057129,0.967422764771054
289,72.6929321289062,0.996254954741462
289,20.7804183959961,0.248572568606839
289,19.5143718719482,0.218865386991386
289,20.7804183959961,0.248572568606839
289,20.4872379302979,0.243796572544302
289,16.8213443756104,0.167749266283048
289,24.4433498382568,0.327872737326293
289,24.7332420349121,0.333594615560673
289,13.8733692169189,0.120214129899801
289,17.6305160522461,0.180655393047462
289,32.2921104431152,0.510851314209095
289,9.3989143371582,0.0645144302730906
289,12.9645881652832,0.106900888967206
289,25.5729541778564,0.350099955642785
289,17.9061584472656,0.187027438684758
289,18.8082122802734,0.203340361622704
289,39.5097122192383,0.704698421571785
289,66.6737747192383,0.987209323522084
289,53.4899253845215,0.93041790978269
289,65.174919128418,0.98367694984394
289,54.4747581481934,0.937843186103836
289,47.1240119934082,0.85964485871518
289,37.3348731994629,0.647147466473844
289,67.4378280639648,0.988935001488701
289,66.459342956543,0.986733344270729
289,66.8948669433594,0.987669099224458
289,34.8263778686523,0.579700193834955
289,66.2699279785156,0.986301924779075
289,72.3452224731445,0.995973418077895
289,56.2238006591797,0.949086423653941
289,21.1197605133057,0.257745802774453
289,21.1197605133057,0.257745802774453
289,19.8270282745361,0.225589859819047
289,21.1197605133057,0.257745802774453
289,18.5342979431152,0.198163327722854
289,21.1197605133057,0.257745802774453
289,24.60964012146,0.331763614525671
289,20.7804183959961,0.248572568606839
289,23.5408515930176,0.308458860201856
289,22.1916065216064,0.280698129907903
289,24.5163135528564,0.33094938618931
289,23.9446697235107,0.318916225626318
289,29.9353675842285,0.450904259305394
289,38.6335830688477,0.680700965528975
289,37.8350410461426,0.660088025779846
289,23.307014465332,0.305118903667876
289,23.307014465332,0.305118903667876
289,21.1068458557129,0.257745802774453
289,46.6147842407227,0.851561313216627
289,47.8646621704102,0.870624788594322
289,34.9204483032227,0.58342903554451
289,10.4474697113037,0.076450369542189
289,12.6043825149536,0.101946653865863
289,22.8749027252197,0.295502097346871
289,6.14724826812744,0.0375071650068156
289,13.8733692169189,0.120214129899801
289,35.7957611083984,0.605986401171517
289,18.6414394378662,0.200670826927868
289,30.1727638244629,0.457861658149676
289,37.2443885803223,0.645069361316862
289,38.6598091125488,0.683257075380935
289,43.8556861877441,0.802456458025719
289,45.353687286377,0.830764058097825
289,40.1020774841309,0.719443651145692
289,43.5327835083008,0.795391710669429
289,46.6886863708496,0.852695561645389
289,46.144458770752,0.843935517976825
289,42.6410140991211,0.776919664829589
289,37.5986061096191,0.654655785983525
289,40.0302581787109,0.716387256718903
289,43.0560188293457,0.786157713193132
289,40.0622177124023,0.718627397365708
289,40.0622177124023,0.718627397365708
289,49.573184967041,0.892659589766649
289,32.6192436218262,0.520553189162256
289,39.0096092224121,0.692322961036541
289,38.3109664916992,0.672742997535035
289,36.1933212280273,0.616905567741975
289,31.7989120483398,0.497418572102755
289,39.4475517272949,0.701925589252186
289,45.353687286377,0.830764058097825
289,43.8835639953613,0.802456458025719
289,36.1933212280273,0.616905567741975
289,30.9637565612793,0.477974313323976
289,29.496208190918,0.439823057245113
289,71.0383148193359,0.994340910517926
289,75.5477523803711,0.998499146275513
289,35.7957611083984,0.605986401171517
289,34.399040222168,0.569072691146178
289,41.609691619873,0.754242798028838
282,28.9104671478271,0.53348174781337
281,38.7338714599609,0.861823614516341
282,43.4596977233887,0.90314557970137
282,43.25439453125,0.900570060638803
282,40.0342597961426,0.843058673398102
282,26.2222938537598,0.446135324198702
281,21.714729309082,0.293095598625392
282,34.2617301940918,0.698953025885597
282,29.8003215789795,0.563591568318787
282,30.3121204376221,0.579040025336028
281,33.8486251831055,0.731051763618766
282,36.1524696350098,0.751159682181879
281,43.2350006103516,0.934397900991835
282,25.4163265228271,0.422517860968544
282,30.716157913208,0.592732658326891
282,28.4264507293701,0.518506012649385
282,29.0134944915771,0.536597520422516
282,47.3099250793457,0.945073446538186
282,24.5370998382568,0.39752414840206
281,34.7707862854004,0.760313772043127
282,29.9875907897949,0.568768221913802
281,32.6192436218262,0.69096286603647
281,25.4163265228271,0.422432812515808
281,15.5278930664062,0.141676980719747
281,27.0171222686768,0.48105665366028
281,39.7599678039551,0.882819092071051
281,30.8298053741455,0.627378836574813
281,41.4392356872559,0.911052505556099
281,25.1785163879395,0.414063084907983
281,17.5484008789062,0.182987376948007
281,14.7382593154907,0.129224574313455
281,25.718433380127,0.433325127056768
281,23.9338893890381,0.370076992860539
281,42.5227088928223,0.925720606634943
281,39.8856163024902,0.884829742244226
281,42.3863372802734,0.924151071930824
281,38.7989349365234,0.862755083113844
281,47.994686126709,0.971623594956175
281,51.9757919311523,0.985951079350198
281,40.319465637207,0.892737445239966
282,18.3331737518311,0.236137373436292
282,20.1607704162598,0.277473755786768
282,26.4084606170654,0.4538036644094
282,6.45229148864746,0.0409242061533016
282,15.6422462463379,0.174625315536015
282,28.0371341705322,0.505293087549019
281,15.1982698440552,0.136742422964984
281,17.8740081787109,0.191669392724293
281,35.2265319824219,0.771815824174342
281,24.5163135528564,0.391768542531558
281,18.1607513427734,0.197239318631733
281,21.8260860443115,0.298693853049194
281,45.8803749084473,0.958825175957183
281,37.7288513183594,0.839771213505957
282,42.6746444702148,0.891830528051268
475,20.3112831115723,0.748785225477369
475,15.8866176605225,0.530443584782087
475,24.5163135528564,0.890395784504893
475,22.1916065216064,0.818567811794614
475,24.4850845336914,0.887579834966708
475,29.8003215789795,0.969777215499583
475,16.9767360687256,0.587804663361625
475,20.1882495880127,0.73943851085129
472,20.5275535583496,0.829261649245188
472,12.8457937240601,0.448003924859319
472,14.1969470977783,0.532048460216564
472,9.09027671813965,0.243325192288617
472,8.54942226409912,0.219095620189433
472,16.6992435455322,0.671593830678781
472,23.307014465332,0.902260279297708
282,35.3774337768555,0.730397179503898
472,10.8880767822266,0.339108917527017
472,10.4173717498779,0.317656237014319
472,14.0685558319092,0.522871152552097
472,7.9293646812439,0.191349760192168
472,17.6958618164062,0.714980147825644
472,16.1812686920166,0.641723077582994
472,18.0340270996094,0.733305809274357
472,13.6749458312988,0.504969611830341
8,30.2901954650879,0.801712452066082
8,31.7989120483398,0.838666573235295
8,32.0637855529785,0.846268342954348
8,35.9310989379883,0.920304650707622
8,35.0742111206055,0.906587153347461
8,30.8227252960205,0.816315533851555
8,33.8486251831055,0.884104424056001
8,35.3988761901855,0.911605867812329
8,30.773078918457,0.814271319871161
8,29.6565647125244,0.78566803028143
8,22.2036437988281,0.522483937455751
8,21.7643203735352,0.504415840483652
8,13.8733692169189,0.211509697934764
8,10.5372037887573,0.114404701208889
469,8.04946708679199,0.082317549992617
469,19.6857299804688,0.44864698620119
469,19.7988758087158,0.449968938916698
8,22.0464286804199,0.516766904030678
8,19.980920791626,0.436787636129912
10,23.8473796844482,0.611180980190911
8,5.01304960250854,0.0265204143520252
8,21.4137916564941,0.489676236133294
8,38.8895721435547,0.955018835281297
8,18.8983764648438,0.396035046429754
8,20.8462657928467,0.470999224358525
8,17.5484008789062,0.340249268456522
11,32.2921104431152,0.762002030627632
11,18.8833866119385,0.30297805360136
11,25.0079288482666,0.513190067947925
11,25.2681045532227,0.524616854209347
11,16.2539176940918,0.227123898324432
11,39.8411483764648,0.929474740313966
10,39.8775405883789,0.969932202899808
15,29.5038795471191,0.780737200244456
15,25.1785163879395,0.618766589741953
15,11.5279731750488,0.0793936021745674
15,11.5279731750488,0.0793936021745674
411,11.4467468261719,0.0794905971599914
12,8.28417682647705,0.0968653288890502
12,16.5583381652832,0.326592606800168
12,20.4872379302979,0.477883125029159
469,17.6305160522461,0.363968619131705
469,18.7477912902832,0.406176743243231
469,38.6990623474121,0.957000276972248
469,24.8864231109619,0.654482800198162
469,20.3112831115723,0.475484461157919
469,28.8227863311768,0.783645356695695
411,23.8798770904541,0.514584181934771
411,10.1421060562134,0.0606002250390189
411,15.6422462463379,0.17264888670213
411,15.2765941619873,0.165142544876733
411,28.548791885376,0.708751920695927
469,21.8014087677002,0.537714096489442
469,42.7215995788574,0.981394804280226
469,21.4137916564941,0.516957778769946
411,10.8880767822266,0.0702410095298782
411,18.0181064605713,0.258215134075666
411,30.194845199585,0.764713236569244
411,33.5332984924316,0.85517751061676
391,11.3648767471313,0.132574257466974
391,10.5372037887573,0.115767398299533
411,19.6430759429932,0.321595074952512
411,23.7167320251465,0.50707582363071
411,25.7954921722412,0.599297458833588
408,38.3109664916992,0.949983262931378
408,17.8740081787109,0.280946839882043
408,7.92866516113281,0.0548784570016737
408,23.3182277679443,0.516158444249621
408,17.5484008789062,0.266160835259425
408,19.8270282745361,0.358836375229138
408,23.0012092590332,0.504681597194549
401,15.6422462463379,0.632318039950508
401,34.2157020568848,0.963493821328725
401,9.36182308197021,0.414755172202187
409,5.71059322357178,0.164075584358844
404,27.0705432891846,0.849276643716809
404,14.1329212188721,0.420601597400078
404,14.1969470977783,0.424068675271223
404,16.0898933410645,0.493860748995651
114,17.8740081787109,0.736308607041799
404,5.1110897064209,0.15945254889613
404,12.0025415420532,0.349472031441961
404,11.2269582748413,0.320419704078965
405,23.0012092590332,0.755546334306504
406,10.3930397033691,0.136475797795443
406,29.9353675842285,0.811343871586983
406,32.6699714660645,0.877129401886112
406,27.4136066436768,0.737651350420038
405,20.8462657928467,0.681410785238756
405,3.61888313293457,0.114993915622278
405,25.3670692443848,0.822858159076426
405,23.4076519012451,0.766588780045217
405,25.5729541778564,0.826805183000627
405,31.8522281646729,0.946699533832927
405,15.2765941619873,0.468322539531989
406,11.5279731750488,0.172712761954554
405,11.3583354949951,0.321475795044567
411,24.9472904205322,0.559065684775989
411,15.3544416427612,0.167902095927923
411,12.0796165466309,0.0896355013167606
411,38.4177665710449,0.938748452352626
408,41.2594566345215,0.9737817805053
408,23.0012092590332,0.504681597194549
411,11.8728370666504,0.0855501155442274
411,19.9111671447754,0.337450646684707
411,31.1869316101074,0.794751710982146
408,17.6305160522461,0.269313780186499
408,20.911828994751,0.408435482585479
408,29.5651226043701,0.768489678807683
408,21.451732635498,0.429186259663665
407,22.3473720550537,0.535399464405267
408,12.0025415420532,0.113046943492468
408,28.2205123901367,0.719371961425042
10,30.2168979644775,0.826613855279452
13,19.6430759429932,0.575250400722521
13,18.270715713501,0.520744001366932
13,11.4467468261719,0.232614338136579
13,11.3099327087402,0.22585290839117
13,18.5803146362305,0.53117499166009
13,8.6971492767334,0.145041211361806
13,6.45483016967773,0.095099387321709
13,26.3342475891113,0.806701219661033
13,26.1095676422119,0.80151013400812
10,29.9801406860352,0.819535394712115
15,19.6430759429932,0.353494905638004
15,19.2535419464111,0.338097800804517
15,20.4737758636475,0.39894737802264
15,29.4731731414795,0.778985870784723
215,19.8270282745361,0.60054231441503
473,16.540620803833,0.311083536242742
473,29.3110198974609,0.774459688664128
473,31.0547847747803,0.822733918128655
473,13.1753482818604,0.197910813510645
475,7.9293646812439,0.167447921717349
475,16.2539176940918,0.556286169100194
9,23.8365345001221,0.784048280922215
475,23.0354804992676,0.847902919486968
511,17.6305160522461,0.355418257931845
214,15.3544416427612,0.0966900809706876
214,36.926025390625,0.760968349859979
384,30.9637565612793,0.409544664133445
384,25.8147010803223,0.252206610948205
511,23.0012092590332,0.587603738249119
1,18.0340270996094,0.128421855792463
506,20.2430553436279,0.533331105821863
353,28.3031959533691,0.363431260933552
353,33.9133148193359,0.552606003387666
352,42.546443939209,0.849938252273439
352,47.9019393920898,0.943806614392834
352,27.1237907409668,0.29223514952404
386,34.3819389343262,0.596255226322487
386,25.108491897583,0.2708655244501
386,32.846305847168,0.534561897836757
386,43.6558876037598,0.888139656426104
386,29.0608291625977,0.391957144155608
386,34.5916061401367,0.602305262679513
387,33.0517272949219,0.657747938607855
387,34.9038887023926,0.726440688299218
332,15.8679809570312,0.149669148289674
332,37.0280113220215,0.827800950881174
332,16.8386974334717,0.167888663742905
332,25.0582885742188,0.39838195922161
332,30.2462558746338,0.596142666042028
332,27.1326484680176,0.474974365342319
332,20.8331184387207,0.264164724077011
332,34.6758422851562,0.756224094884922
332,44.0680770874023,0.952624894874386
332,37.584587097168,0.842482601358025
332,40.9650573730469,0.913187973065265
332,40.4133758544922,0.903951217951974
332,47.8155784606934,0.977468217728083
332,28.261905670166,0.517704564568294
332,46.009033203125,0.967849529733381
332,37.1629905700684,0.830903450001599
332,13.3366441726685,0.107592562280459
332,35.7800712585449,0.791058631400903
332,23.2733268737793,0.336245806734436
332,25.718433380127,0.421422107328784
335,29.3884334564209,0.58171059639642
335,24.8559017181396,0.408381506644669
335,32.9337692260742,0.711739565336001
335,45.1283378601074,0.959457774198158
335,36.2594833374023,0.814536432013926
335,32.6699714660645,0.703869237064654
335,19.1213665008545,0.221315553592538
335,30.9637565612793,0.642551864794295
335,31.4139671325684,0.659069356577768
335,35.166862487793,0.783301289962198
488,32.821231842041,0.751505616801259
256,17.7771167755127,0.213544844417328
256,25.766637802124,0.482818743714836
331,37.954231262207,0.777324568837402
331,28.3279209136963,0.436101224032602
331,36.4362678527832,0.728561006344925
331,43.0560188293457,0.897684090032597
331,28.6298503875732,0.446979466810121
331,41.9308319091797,0.875769165579702
331,34.3190841674805,0.656171624944424
331,41.7604103088379,0.873180102039563
331,33.4731178283691,0.623530755569311
331,28.9104671478271,0.456328589992066
331,33.0702781677246,0.609656912234676
331,35.3827972412109,0.69346740457434
331,18.2550582885742,0.154262988919103
331,25.0884304046631,0.326763646010656
331,22.3830986022949,0.248464125257617
331,27.1237907409668,0.394701999769097
331,32.821231842041,0.601216663350504
331,23.2733268737793,0.272290142152853
331,27.2385711669922,0.398466458853787
331,42.8316993713379,0.893282190730956
331,43.6841506958008,0.907711184312338
331,22.0464286804199,0.23915921758205
331,46.5661506652832,0.94526488772946
331,28.9104671478271,0.456328589992066
332,33.1442604064941,0.704845655842726
332,23.9338893890381,0.36061500601121
332,21.9121475219727,0.296187632524125
332,34.0069541931152,0.73344170443663
332,32.0572166442871,0.664783342458331
332,26.4454402923584,0.447883847249425
332,32.6001777648926,0.685438950004421
332,15.0600318908691,0.13412203414066
332,35.4202919006348,0.781092629071677
332,26.9187316894531,0.464757754836719
332,36.3152542114258,0.8079750595947
332,31.1869316101074,0.630842114967442
332,33.8545150756836,0.730397153753384
332,24.3595561981201,0.37468744532057
332,29.9875907897949,0.585471875252819
332,27.6555671691895,0.495990833610846
332,24.3595561981201,0.37468744532057
332,25.4163265228271,0.410952630915491
332,27.6212196350098,0.492747226283003
332,22.989767074585,0.325183675849989
332,18.0340270996094,0.192840357699899
332,39.6947174072266,0.889701170445544
332,22.0221004486084,0.298055528901783
332,29.2254428863525,0.554539827321183
332,22.1554393768311,0.301441373302703
332,28.8786373138428,0.540236723128764
332,30.6375675201416,0.608831492341587
332,30.9988269805908,0.623783317999575
332,39.8573341369629,0.893459540514048
332,23.2733268737793,0.336245806734436
332,37.3870239257812,0.836191433038511
332,38.6598091125488,0.868685831042677
332,17.2318649291992,0.174974929775149
332,36.9308967590332,0.824622065184466
332,34.7707862854004,0.759872212407362
332,24.4850845336914,0.377415161042093
332,35.2697906494141,0.775148398798134
332,36.1320037841797,0.80214597361841
332,18.2550582885742,0.199647041337179
332,21.3630599975586,0.277373957445528
332,18.8983764648438,0.214418248489672
332,41.9942436218262,0.928388525456861
332,38.1132736206055,0.855411499754472
332,26.0339813232422,0.43392203677468
332,19.980920791626,0.240448761728444
332,16.9423580169678,0.170309328005087
332,28.2866916656494,0.517704564568294
332,7.9696102142334,0.0496083776883465
332,43.9453277587891,0.951359812758816
332,28.261905670166,0.517704564568294
332,29.9875907897949,0.585471875252819
332,25.3769340515137,0.408429616166861
332,29.8003215789795,0.57915963477433
332,26.6655826568604,0.45780507124083
332,13.3366441726685,0.107592562280459
332,23.8473796844482,0.355579136304884
332,36.9308967590332,0.824622065184466
332,38.4221992492676,0.863151755292028
335,41.8565101623535,0.926187012042245
335,17.5484008789062,0.180175112693072
335,39.6250839233398,0.89063056158173
335,21.8137531280518,0.304111510931553
335,36.2594833374023,0.814536432013926
335,10.7725086212158,0.0589452967692488
335,20.7804183959961,0.268653788695618
335,20.3112831115723,0.256738201327635
335,29.1001720428467,0.57195468894114
335,19.8270282745361,0.241699034801699
335,35.4202919006348,0.791753595136336
335,38.1132736206055,0.860325543329999
335,24.8559017181396,0.408381506644669
335,18.0816822052002,0.194816118681718
335,32.821231842041,0.709208355525533
335,31.1383686065674,0.648130009483106
335,38.785945892334,0.873805193624235
335,30.5442066192627,0.623666844204264
335,37.7288513183594,0.851551072370387
335,37.471996307373,0.84583977448395
335,23.6839027404785,0.363742059522727
335,18.5803146362305,0.20715909533769
335,32.2726631164551,0.688750178620143
335,32.8275032043457,0.709208355525533
335,38.3955764770508,0.865566583094091
335,38.7382202148438,0.872904948102729
335,29.4501056671143,0.585390171345432
335,8.65099048614502,0.037716779901012
335,13.7193269729614,0.102316865638681
335,9.09027671813965,0.04118655737279
335,25.718433380127,0.4404590862443
335,15.0202569961548,0.12427545174658
335,23.9338893890381,0.376846282752439
335,8.2833309173584,0.0350030527806285
335,27.0171222686768,0.488904766234947
335,23.4521751403809,0.357668325127632
335,25.9675559997559,0.451190584445108
335,11.9767255783081,0.0743553436651554
335,17.7446708679199,0.184144377037893
335,19.0028629302979,0.220330219930111
335,17.3493251800537,0.176131152652022
335,13.2447509765625,0.0935495394847946
335,18.8983764648438,0.217074137102327
335,21.8260860443115,0.304111510931553
335,12.6043825149536,0.0837851881682017
335,23.4076519012451,0.356690785798724
335,13.1288461685181,0.0918237441380117
335,19.6857299804688,0.237823302459112
335,20.7804183959961,0.268653788695618
335,17.8900928497314,0.189537406305616
335,22.3115634918213,0.319943750893101
335,11.4467468261719,0.0683010951038595
335,33.6112060546875,0.735142051728393
335,9.36515808105469,0.0448011795424726
335,16.2539176940918,0.153301549773315
335,20.2430553436279,0.254658413333507
335,21.1068458557129,0.281100689798516
335,26.9187316894531,0.485050468309539
335,22.8749027252197,0.337267956195846
335,22.3115634918213,0.319943750893101
335,18.8833866119385,0.217074137102327
335,26.4084606170654,0.467699632367269
335,36.5114440917969,0.822080697333039
335,27.9867668151855,0.527326283791683
335,39.1795043945312,0.881856090622118
335,25.5729541778564,0.432414684524351
335,35.0905990600586,0.781384533444186
335,29.0608291625977,0.569209784486678
335,20.7804183959961,0.268653788695618
335,24.1906433105469,0.381951571207732
335,36.1933212280273,0.812270879070915
335,26.6382255554199,0.476197404486938
336,17.3493251800537,0.216680036919149
335,1.79897797107697,0.00445056443965237
335,21.1197605133057,0.281100689798516
335,28.8866004943848,0.561064705958768
335,27.0705432891846,0.491575624520973
335,28.3279209136963,0.541710076774185
335,17.1642913818359,0.169244858987516
335,15.3544416427612,0.132869353979657
335,24.5163135528564,0.398452824796373
335,8.20387649536133,0.0342820769300718
335,24.8559017181396,0.408381506644669
336,27.061653137207,0.596395207411433
336,42.4853286743164,0.967096239939963
336,22.1554393768311,0.388806942180128
336,23.2733268737793,0.434688473117167
336,22.7824058532715,0.414982446152386
336,19.7988758087158,0.294576853073864
336,22.5840225219727,0.408685488531774
336,23.2733268737793,0.434688473117167
336,21.4643592834473,0.358452156061037
335,15.5278930664062,0.133789734862755
335,35.5056686401367,0.7936748983489
335,36.9357681274414,0.831906104262201
335,19.0474147796631,0.220330219930111
335,29.4731731414795,0.585390171345432
335,36.8135719299316,0.827806934358721
335,27.6984024047852,0.516709752010289
335,36.0241355895996,0.807880720716039
335,24.2330379486084,0.384671793606048
334,28.9104671478271,0.675239089276178
334,24.5163135528564,0.502512257876596
334,23.6839027404785,0.462902729905982
334,17.3493251800537,0.235978283735456
334,7.64140510559082,0.0459973785135201
334,31.5297183990479,0.770526886418435
334,34.6534233093262,0.85863795977151
334,32.7835464477539,0.808833762156739
333,25.766637802124,0.4909804084631
334,30.2168979644775,0.726847581597812
334,20.1470127105713,0.325772286680583
333,37.4295654296875,0.890288779392503
333,23.7494945526123,0.410840142206699
333,13.8733692169189,0.142962085143835
332,30.2462558746338,0.596142666042028
332,30.3995342254639,0.600334520523718
332,39.9500694274902,0.8950971482972
332,41.2779006958008,0.917626672837799
332,25.5729541778564,0.413596058001118
332,23.8473796844482,0.355579136304884
332,17.299108505249,0.176932759117001
332,24.8559017181396,0.390721476857313
332,31.8122577667236,0.654431644362163
332,35.5853042602539,0.78547074638716
332,27.758186340332,0.499757105738965
332,27.0705432891846,0.471131330349365
332,23.8239612579346,0.355579136304884
332,34.981029510498,0.766727813556548
332,29.4501056671143,0.564872710989695
332,32.9835395812988,0.697365791983925
332,37.2777862548828,0.834204629478069
332,21.1197605133057,0.271933201256051
332,18.0816822052002,0.194651434506037
332,27.4744319915771,0.486288985845906
332,18.7780323028564,0.209306368495617
332,23.5408515930176,0.34434466526311
332,26.1189918518066,0.437423025472854
332,20.8462657928467,0.264164724077011
332,23.2733268737793,0.336245806734436
332,27.1326484680176,0.474974365342319
332,16.6992435455322,0.16575774166662
332,31.3111553192139,0.63618164953613
332,27.2385711669922,0.479226049703955
332,41.5373916625977,0.922012692212897
332,36.5114440917969,0.813986269230697
332,43.0821876525879,0.942100104043785
332,23.4076519012451,0.341568784606788
332,59.9792518615723,0.997856284112909
332,34.6309700012207,0.755335301322466
332,42.1794242858887,0.930857354653843
332,22.3473720550537,0.307352866472126
332,41.3477783203125,0.918647919970951
332,28.5162563323975,0.529028215997155
332,37.1629905700684,0.830903450001599
331,31.0198345184326,0.534940075706773
331,38.9711265563965,0.804815559927978
331,26.9187316894531,0.385489207731818
331,29.9950370788574,0.49618518436638
331,43.0429191589355,0.896862418539071
331,21.5021743774414,0.225257125451674
481,31.8389167785645,0.651404052926781
481,30.194845199585,0.586737656639583
481,26.6382255554199,0.44422501716756
481,29.4501056671143,0.557225584042695
331,34.9204483032227,0.677720543261188
501,29.1315784454346,0.945255297356891
501,23.0354804992676,0.852232818124471
501,15.7931690216064,0.633201830980257
343,26.4454402923584,0.548360428524502
343,27.4223098754883,0.58039963219087
343,28.8866004943848,0.62922898072177
344,42.9145622253418,0.927629950200436
501,8.98487663269043,0.348640200274553
501,8.20672702789307,0.318724762844437
501,15.0202569961548,0.60105636687226
501,9.63165187835693,0.373236757977407
494,6.88967514038086,0.245720030117746
260,44.1290626525879,0.979919136600009
260,25.6894397735596,0.684476326993249
260,26.4084606170654,0.709427421134616
44,23.7167320251465,0.719433818690359
44,12.4816913604736,0.35891740704179
44,17.8740081787109,0.520344891411649
260,35.2643890380859,0.909936084917283
258,25.2183952331543,0.434064484982857
258,9.15982437133789,0.0516469909839033
258,29.2643966674805,0.596877221057525
258,15.0401601791382,0.127646830062
258,21.7643203735352,0.303033824890148
493,44.7369079589844,0.973510768492655
493,34.9204483032227,0.83612456240928
493,28.3031959533691,0.602816030965769
493,27.3787479400635,0.558030323359721
493,18.7780323028564,0.237195516143591
493,21.4137916564941,0.320781950729623
493,21.6150684356689,0.328511195410431
493,28.1623859405518,0.59358240936129
493,20.8462657928467,0.303997983321746
341,36.9357681274414,0.857302212876182
341,22.989767074585,0.3041186792374
341,30.194845199585,0.612788446808807
341,28.548791885376,0.540370019635969
341,29.2643966674805,0.572199785536229
341,33.3945465087891,0.74352639714791
341,18.7780323028564,0.174520589914632
341,18.3331737518311,0.165608506134499
341,17.9061584472656,0.154749536953222
341,28.9104671478271,0.555819766875096
341,29.9801406860352,0.60455317726684
341,25.3769340515137,0.400360689069311
341,22.8055820465088,0.300435890651329
341,33.6112060546875,0.752191290542705
341,23.5960235595703,0.328362137396076
341,32.542854309082,0.709093820936677
341,25.0280914306641,0.385133761332461
341,12.8457937240601,0.0668235687328533
341,36.8576698303223,0.855580932221093
341,32.6509666442871,0.716863258456696
341,33.5332984924316,0.748702076399237
341,39.0820388793945,0.906266798501539
344,29.6869335174561,0.564266908523057
344,10.8880767822266,0.0702419040001523
344,19.6857299804688,0.24412736500319
344,11.2269582748413,0.0731365631635578
344,37.6592102050781,0.820588263299721
344,43.6370162963867,0.937095914150503
344,33.0702781677246,0.679324849315851
260,28.8786373138428,0.779114787888917
260,32.6001777648926,0.865902599670461
260,39.7558975219727,0.956913563581901
260,42.8150672912598,0.974873209017105
260,6.50127077102661,0.0873149023061282
260,29.0134944915771,0.783577916192607
260,19.980920791626,0.493502430830082
260,16.6113510131836,0.37611765688978
260,18.9879817962646,0.459365820107861
260,12.8457937240601,0.250269437534416
260,27.6898460388184,0.748087154203975
260,28.8147926330566,0.777704927867876
260,14.9403295516968,0.316243601528134
260,20.6345386505127,0.515533100642151
44,24.3595561981201,0.741012668641
260,28.028751373291,0.75740551473818
260,30.2168979644775,0.815417612108512
44,27.0260391235352,0.816541214215202
44,22.7243175506592,0.686528257650543
44,18.2550582885742,0.534607395524844
44,21.791898727417,0.651617513984863
44,27.6984024047852,0.835564741691346
44,16.9423580169678,0.48936739058901
44,31.7387256622314,0.914188466600856
44,20.8462657928467,0.621894537676867
44,25.1785163879395,0.765774103323462
44,34.8319244384766,0.950430857189865
259,5.41933584213257,0.160362715746196
259,2.55739307403564,0.0660759371421476
494,19.1213665008545,0.834792456029504
494,15.6422462463379,0.693863812074955
494,2.42939853668213,0.103576179527604
494,8.98487663269043,0.342032221143384
494,16.2539176940918,0.731273807048602
494,6.93624782562256,0.249779466237644
501,18.8833866119385,0.744455326158359
494,10.1421060562134,0.404918155227508
501,8.20672702789307,0.318724762844437
494,13.8952140808105,0.610720060396981
259,8.38206481933594,0.285640374718892
259,10.4474697113037,0.377126419337482
44,9.66440868377686,0.28967690852254
44,27.8516941070557,0.839174070417901
44,24.5370998382568,0.747089914445541
260,34.7373390197754,0.902601813105699
260,32.3115348815918,0.860353150651471
44,21.3630599975586,0.637699489963804
260,13.6749458312988,0.279902209709179
260,19.4712200164795,0.474150066529109
260,36.9308967590332,0.930908288391367
260,31.5500602722168,0.845106093037906
260,12.9645881652832,0.25590673497417
260,29.9875907897949,0.809043244992104
260,19.4712200164795,0.474150066529109
260,27.9278087615967,0.754041563016243
260,48.7975654602051,0.990846623085279
260,33.4369010925293,0.880408302318555
260,36.0138244628906,0.920079363548905
260,28.8786373138428,0.779114787888917
260,25.718433380127,0.686891087242052
344,35.6381759643555,0.761273935689053
344,37.471996307373,0.815433341903048
344,30.0173568725586,0.574979051808686
344,33.2729339599609,0.686441283171937
344,42.3280029296875,0.91844012149951
344,23.9446697235107,0.370930575789604
344,41.2372970581055,0.89932608716352
344,25.3670692443848,0.414670637301111
344,25.7954921722412,0.429856885765704
344,50.3132476806641,0.984674493672694
344,49.967414855957,0.983519962674132
341,28.9104671478271,0.555819766875096
341,21.1197605133057,0.243395490690323
341,31.1383686065674,0.653281713481973
341,16.0898933410645,0.11647610957149
341,29.9950370788574,0.60455317726684
341,29.2254428863525,0.569565641232749
341,29.6869335174561,0.591886584873341
341,12.8696527481079,0.0675790661077611
341,41.0700531005859,0.937589650034119
493,15.6422462463379,0.158146607630037
493,21.899881362915,0.340412036641743
493,26.6655826568604,0.532984480522385
493,43.5074043273926,0.966188112169596
493,4.90611791610718,0.0232405905289308
341,15.8119125366211,0.111389558121075
341,26.8828048706055,0.464885039063044
341,21.6150684356689,0.257868313674154
341,18.270715713501,0.16420404695921
341,32.2402000427246,0.697585889955018
341,13.6749458312988,0.0785501413511218
341,9.3989143371582,0.0350279220688791
341,14.3029146194458,0.08763351762363
341,38.5238418579102,0.894741459746264
341,20.5275535583496,0.225212026682635
344,26.6199626922607,0.458615419773188
344,29.496208190918,0.555697193894554
344,26.371395111084,0.448812618428695
344,34.3133583068848,0.721285504803801
344,27.4744319915771,0.485448148465545
344,23.8365345001221,0.366308881080927
344,37.4342880249023,0.814190733281915
344,31.8522281646729,0.63942449605317
344,59.0472602844238,0.996745888917455
344,21.7271423339844,0.300100694146885
343,40.6955299377441,0.926036417011539
343,27.9278087615967,0.598589820772424
260,28.8147926330566,0.777704927867876
59,19.9111671447754,0.299392506159903
501,15.566123008728,0.623430724382999
261,15.2156209945679,0.365948696612312
261,19.8691577911377,0.537189355267158
261,35.6961326599121,0.941611592069258
499,8.98487663269043,0.176432056157915
499,17.7446708679199,0.428068202927173
499,26.8377876281738,0.735119228024207
499,28.028751373291,0.771540725242709
260,28.8467464447021,0.777704927867876
499,27.758186340332,0.764962897060118
499,26.0915641784668,0.712913191830509
260,30.8227252960205,0.828672010421822
343,30.2901954650879,0.676462291626725
343,35.5853042602539,0.829370511525785
343,15.2765941619873,0.209507108900566
343,20.911828994751,0.368423976954535
343,35.806209564209,0.836312725683017
343,32.7520790100098,0.75278146495983
343,27.9278087615967,0.598589820772424
343,31.3111553192139,0.708711532379293
343,22.0221004486084,0.402589806118673
343,31.0198345184326,0.700560383830564
343,25.0280914306641,0.499228235822802
343,31.3523578643799,0.710530429122863
343,30.1727638244629,0.673432628772883
343,40.9988861083984,0.930524128010277
341,32.1162528991699,0.694741459746264
341,21.1068458557129,0.243395490690323
341,14.0470237731934,0.0823304134694389
341,40.5105895996094,0.930187864692857
341,32.6509666442871,0.716863258456696
341,23.2733268737793,0.316898074003927
341,22.3446197509766,0.283896416783879
341,6.50463438034058,0.0183498823234504
341,21.8137531280518,0.267142479145487
341,38.785945892334,0.899471499993037
341,25.4163265228271,0.403386856434609
341,38.3822479248047,0.891485509769243
341,26.9187316894531,0.465962232094364
262,22.4068717956543,0.398764894742261
262,26.0245094299316,0.551770052324656
262,18.8082122802734,0.261255885353776
341,38.6335830688477,0.896439762140181
262,26.9187316894531,0.587098555689721
262,29.3110198974609,0.687587168758717
262,21.7271423339844,0.366101766308163
262,19.1802577972412,0.273281663905348
262,27.1326484680176,0.598770979004615
262,20.6345386505127,0.325236584201511
262,17.3493251800537,0.218293972836109
262,18.270715713501,0.246922767309726
262,18.4572772979736,0.251195791562532
60,36.8282852172852,0.918978416743249
60,21.3630599975586,0.435751260364584
60,30.4647941589355,0.771815599964694
262,27.6984024047852,0.622286653000477
262,19.6999206542969,0.291890146303109
262,6.14724826812744,0.0362177417090225
262,12.6004505157471,0.112664158078496
262,30.3121204376221,0.727366544045379
262,25.2681045532227,0.517604579109451
262,15.1982698440552,0.162637012907997
262,28.4591636657715,0.654778954068499
262,21.6150684356689,0.361821721752642
262,27.1326484680176,0.598770979004615
262,25.0180130004883,0.50410687708854
262,29.9353675842285,0.711676167476342
262,39.6496963500977,0.952147276590567
262,25.0079288482666,0.50410687708854
262,21.8260860443115,0.372773393988749
262,25.6603965759277,0.532515702077074
262,32.9773254394531,0.817848885643949
262,18.4572772979736,0.251195791562532
262,24.3595561981201,0.47869806146041
262,33.6171836853027,0.836639895912312
341,15.6801414489746,0.107436600888493
341,23.9446697235107,0.345058281226064
341,18.7780323028564,0.174520589914632
341,20.2430553436279,0.216419012074032
341,34.1058616638184,0.768981436350217
341,18.8833866119385,0.179902377205565
341,40.5994873046875,0.930838219115128
343,26.7836017608643,0.558453809547651
343,28.3854675292969,0.61377293769836
343,32.530086517334,0.744649854744701
343,51.3196029663086,0.991559439884822
343,58.71044921875,0.998165838933305
343,42.162052154541,0.944527007472191
343,29.9278945922852,0.664290520366881
343,29.2643966674805,0.643388166852484
343,25.8147010803223,0.528913680863301
343,17.0110282897949,0.254616847172376
343,23.3965015411377,0.446236611662187
343,31.792236328125,0.722249155272358
343,26.0245094299316,0.535825976947209
343,31.2767429351807,0.705770402599575
499,11.6348276138306,0.244823675488595
343,20.911828994751,0.368423976954535
343,31.898738861084,0.726464550746547
499,28.9501686096191,0.796001290537039
343,21.0421180725098,0.371326030067053
499,16.2357921600342,0.380641944409139
499,25.0884304046631,0.681002708172424
499,25.0079288482666,0.677976789886882
499,26.194185256958,0.716434793660726
499,29.511547088623,0.81121496240822
499,22.1554393768311,0.582712669749616
499,22.0585784912109,0.579969300861336
499,14.0470237731934,0.310610756430687
499,41.5952606201172,0.978208499946228
499,41.9555244445801,0.980134528709561
499,14.3660564422607,0.324704007508579
499,25.718433380127,0.701791108981942
501,20.2430553436279,0.7842112650262
501,17.7771167755127,0.70408892140069
501,5.71059322357178,0.221673730504876
501,15.736777305603,0.628332191536021
501,14.5970268249512,0.587747688708312
501,20.4872379302979,0.790615939212207
501,17.7771167755127,0.70408892140069
501,25.8147010803223,0.904201727148879
501,19.8691577911377,0.772314484894622
501,18.8983764648438,0.744455326158359
501,9.15982437133789,0.35856105363282
501,16.6113510131836,0.665146415286901
501,29.3884334564209,0.947762381630925
501,0.0110214445739985,0.0703528023254054
261,39.9500694274902,0.975224432318254
501,31.3111553192139,0.963816069236224
501,18.2550582885742,0.725100426856534
501,25.6894397735596,0.900615631370433
501,23.0354804992676,0.852232818124471
499,25.7954921722412,0.704654732457984
499,34.7373390197754,0.915634074088558
499,14.1329212188721,0.313691424772445
499,25.6603965759277,0.699135731255438
499,26.5650520324707,0.728611792771037
499,15.7931690216064,0.365774371107613
499,29.4501056671143,0.809980153104621
499,31.9979648590088,0.867541038100173
499,25.3769340515137,0.690148900599318
499,19.5287284851074,0.491139290009092
499,8.84225845336914,0.170565001026564
343,34.8541030883789,0.811162005756482
343,28.4346351623535,0.615737761371005
343,27.0260391235352,0.567011599664429
343,21.4643592834473,0.382900050433324
343,42.015323638916,0.942771610312821
343,27.1326484680176,0.572837686514764
343,23.5408515930176,0.450091158537702
343,28.4264507293701,0.615737761371005
343,27.6298122406006,0.588664957876574
343,59.9710121154785,0.998600566855904
343,30.716157913208,0.691191142296463
343,35.3988761901855,0.824733210160422
342,27.4223098754883,0.5011775073017
342,26.2222938537598,0.449621158190025
342,27.9867668151855,0.527877292964586
342,27.6212196350098,0.512154107230126
342,31.8122577667236,0.69504100111209
342,33.895694732666,0.774859449496096
342,40.5686225891113,0.936324176225897
342,36.3758773803711,0.851530182282748
342,40.6148948669434,0.936572376294392
342,37.2920761108398,0.874830204216708
341,30.716157913208,0.636912139485008
341,34.742919921875,0.792550865514504
341,28.2205123901367,0.522801398192377
341,26.4177131652832,0.446419569122787
341,27.2121543884277,0.482775356163048
262,18.0340270996094,0.237866576806792
262,21.3121585845947,0.349304522010989
262,29.2254428863525,0.684004474272931
262,20.8331184387207,0.334388718841556
262,6.86806631088257,0.0423839075940955
262,24.0948429107666,0.465902389711044
262,32.3438568115234,0.798222459352447
262,14.6154308319092,0.152069117220335
262,33.8545150756836,0.844722604438703
262,13.8846321105957,0.136694654273492
262,30.6304054260254,0.737721490550673
262,26.9903469085693,0.588965956212032
262,21.8137531280518,0.372773393988749
341,12.8696527481079,0.0675790661077611
262,16.0898933410645,0.185228347046325
262,25.3769340515137,0.520349517471193
262,29.9801406860352,0.715031872174328
262,35.4416770935059,0.883240665337489
262,32.4981269836426,0.802174889781247
342,23.8365345001221,0.351256969804249
343,6.30297660827637,0.0399534499201981
343,30.3704490661621,0.679368618749718
343,36.7496604919434,0.855812593188693
343,40.5067138671875,0.924636373294517
343,10.2039737701416,0.0985403643654987
343,12.2068653106689,0.139870656231568
343,19.6430759429932,0.327563826240715
343,23.5408515930176,0.450091158537702
343,19.9251441955566,0.338202448885888
343,36.7545852661133,0.85673944288884
499,18.9879817962646,0.473573321079749
499,27.758186340332,0.764962897060118
501,14.799222946167,0.593455283895336
499,37.8763999938965,0.953022496407028
501,20.5945072174072,0.792450989241713
501,19.6002998352051,0.764599135225499
501,25.7954921722412,0.903327247805845
501,19.8691577911377,0.772314484894622
501,20.4872379302979,0.790615939212207
501,16.6992435455322,0.669038787541696
501,2.91899490356445,0.130044887504702
501,26.2222938537598,0.909208069211179
501,28.0622615814209,0.934016985561177
273,34.5352058410645,0.7143448702183
273,38.4869918823242,0.849096329445144
273,24.2753219604492,0.295413028230872
379,18.0181064605713,0.422512799117826
343,17.8740081787109,0.278972601150564
379,37.6545562744141,0.886674493734985
379,35.7957611083984,0.854419631155868
343,35.7538871765137,0.833941871015248
379,25.0582885742188,0.614262272962028
379,29.0055923461914,0.71154875141717
500,18.8833866119385,0.838879579424444
501,19.4712200164795,0.759681493335226
500,5.41933584213257,0.295738894122448
500,14.7382593154907,0.723605497696993
501,11.1152610778809,0.436373018659907
269,27.3000469207764,0.718848667488278
269,30.7375259399414,0.826113117485818
269,25.5729541778564,0.653618853839352
375,26.1189918518066,0.681029599765713
269,25.1785163879395,0.64160120895464
379,36.7348747253418,0.870796763502081
379,46.5430526733398,0.973777511705706
379,29.7777061462402,0.729313973488262
379,25.0079288482666,0.611876929948773
379,23.7167320251465,0.579127318071067
379,38.8766555786133,0.90414038472574
379,24.3595561981201,0.597029022707287
379,27.0705432891846,0.664113305344068
379,25.3769340515137,0.621409771841476
379,30.773078918457,0.752517560498223
379,38.0589256286621,0.892524632776598
379,21.9121475219727,0.533106327672926
379,19.9111671447754,0.477719996712011
379,23.7167320251465,0.579127318071067
379,37.4106712341309,0.88290726474981
379,43.4851608276367,0.954455147641566
379,30.5801773071289,0.747944619097323
357,24.7844638824463,0.723946321236093
357,15.8119125366211,0.344996395126051
357,21.5273342132568,0.595568992507439
357,33.0517272949219,0.917318929770682
357,7.42854976654053,0.0777099291373397
357,23.6839027404785,0.681695605240411
357,9.71582317352295,0.128409195017706
358,25.1785163879395,0.598007400169787
358,1.81124806404114,0.00886098252470728
358,32.2661743164062,0.839288174144255
358,11.9767255783081,0.127420672422354
273,34.5012702941895,0.7143448702183
273,19.5287284851074,0.165737657496774
273,18.7477912902832,0.147996444228409
358,14.3660564422607,0.192250644711762
273,12.8457937240601,0.0650883197130022
273,27.5436706542969,0.418395570343386
273,27.6898460388184,0.425853180447483
273,35.5269432067871,0.752258350845817
273,33.653003692627,0.68042238656732
273,16.6817111968994,0.114600325725585
273,36.8918838500977,0.799944919882866
273,47.2929077148438,0.976563212029392
273,39.4517021179199,0.875578374251564
278,27.3787479400635,0.562788938175138
273,35.2697906494141,0.742769909084785
278,36.0241355895996,0.856194505525093
278,20.3112831115723,0.299125499434459
273,39.7558975219727,0.882199876102758
273,30.3995342254639,0.539719765044335
278,28.261905670166,0.60061690751701
278,33.6827926635742,0.792498424836221
278,36.5114440917969,0.868602241413776
278,25.919942855835,0.508360387351119
278,35.0742111206055,0.832567048838934
278,34.5012702941895,0.817197498968869
278,22.8749027252197,0.388069747493022
278,40.5994873046875,0.938406668066812
273,35.3129348754883,0.744592704328082
273,28.6217632293701,0.465273769316016
278,38.2707328796387,0.903085043661769
278,44.4063568115234,0.97353218774434
278,42.1794242858887,0.956228159626718
278,22.1554393768311,0.36198149277449
278,33.412712097168,0.785202063780849
278,38.2796821594238,0.903085043661769
278,26.6655826568604,0.538802167020499
278,30.8298053741455,0.698716083371078
278,31.407133102417,0.719463963542233
278,47.1756362915039,0.986038608592677
273,8.28417682647705,0.0308329778002031
278,31.8522281646729,0.735086551770383
273,34.3190841674805,0.707436079986369
273,37.7843437194824,0.828928685117405
273,40.6571846008301,0.901310827535832
278,21.2226734161377,0.327799806172618
278,35.0905990600586,0.832567048838934
278,21.9121475219727,0.355833925864822
273,23.307014465332,0.265399647857093
273,23.9338893890381,0.286341980163233
273,45.8722915649414,0.968101083242304
273,32.5747261047363,0.633167080317906
273,33.5212783813477,0.674250639629418
273,38.2079391479492,0.841381810881031
273,30.9637565612793,0.566125199615892
273,26.194185256958,0.364949364597354
273,22.989767074585,0.252412231748602
273,34.0069541931152,0.693193841065463
273,25.996057510376,0.358018119641411
273,30.716157913208,0.555882543301293
273,26.343542098999,0.371502181410394
273,27.758186340332,0.429881161675334
273,26.9814128875732,0.394186736126613
273,29.8003215789795,0.516485730022891
358,18.4048595428467,0.326004709198956
358,24.7229785919189,0.578536304079704
358,21.7643203735352,0.455328282423796
358,24.8151187896729,0.581595681632522
358,30.716157913208,0.796825295125819
358,31.898738861084,0.829334785603306
358,23.5408515930176,0.529076900898592
357,36.8967666625977,0.954040844615991
357,14.3029146194458,0.28424331505005
357,24.4850845336914,0.714115571063816
357,24.8151187896729,0.725001892060912
357,20.3656425476074,0.548502483578903
357,19.6002998352051,0.511796501878119
357,16.9423580169678,0.394305494146561
357,29.511547088623,0.8579639831268
378,5.17424154281616,0.0989789769869042
378,9.09027671813965,0.248108039381527
378,49.6039352416992,0.981580678507659
378,9.63165187835693,0.271817664195647
379,37.9130744934082,0.890356421116955
379,23.4521751403809,0.571996104043141
379,11.2269582748413,0.201112487999615
379,8.20672702789307,0.117328477862683
379,9.3989143371582,0.150642631259781
379,13.0587387084961,0.26281423947417
379,21.4643592834473,0.51755429447044
379,35.5853042602539,0.851136294901601
379,23.7167320251465,0.579127318071067
379,28.0873489379883,0.689539386852076
379,36.3152542114258,0.864433263902998
379,49.7485198974609,0.985708104117586
375,25.0884304046631,0.649592891426607
375,25.1785163879395,0.653394792727987
375,10.4474697113037,0.207453515268106
375,33.3216857910156,0.861626926159291
375,10.6849336624146,0.211974410819285
269,46.144458770752,0.990796605743796
269,34.6365852355957,0.9093372319934
269,33.9660530090332,0.897867047786758
269,34.557788848877,0.908206990593516
269,5.1110897064209,0.0450986501436138
279,39.6496963500977,0.989752946734305
279,25.6410064697266,0.860598912483617
279,10.4173717498779,0.338915768134426
275,33.8486251831055,0.789829769150689
269,13.54079246521,0.200059034930262
269,14.5742158889771,0.232653128157517
275,10.2654371261597,0.0476133729361955
375,24.3595561981201,0.630015204097916
375,26.8828048706055,0.701186866605523
375,29.0608291625977,0.761937496602314
375,13.6749458312988,0.307643610333175
375,25.5729541778564,0.662180551731636
375,39.9057846069336,0.954477142120612
375,20.9510326385498,0.529519974887811
376,27.4223098754883,0.830073686270997
377,21.4137916564941,0.414480115244122
377,38.6685409545898,0.909746874517672
378,26.4084606170654,0.815347960441577
378,12.6043825149536,0.420410509848146
273,34.5352058410645,0.7143448702183
273,41.541015625,0.918120830190773
358,30.5657978057861,0.791497813586199
358,25.2978572845459,0.601355096026013
358,18.2079830169678,0.316989956912431
358,31.0896625518799,0.806823533180631
358,36.0550308227539,0.919020999183098
273,36.6953811645508,0.793330022362263
273,28.4591636657715,0.458190624756465
273,28.9104671478271,0.476130628375638
273,28.3031959533691,0.45260732367428
273,27.7496585845947,0.428032609542729
273,35.3290824890137,0.744592704328082
273,23.9446697235107,0.286341980163233
273,13.54079246521,0.0728807693780966
273,18.5803146362305,0.146659067283599
273,27.4744319915771,0.415437490671383
273,36.7348747253418,0.794762501667593
273,40.0382537841797,0.887651090573111
273,34.5012702941895,0.7143448702183
273,30.716157913208,0.555882543301293
278,35.0742111206055,0.832567048838934
281,19.1213665008545,0.220694655690491
278,19.8270282745361,0.282256697292743
278,16.1812686920166,0.180269587066703
273,31.8389167785645,0.601342132062836
278,23.5408515930176,0.41252970037728
278,38.8162384033203,0.913043368244192
502,25.2681045532227,0.351742815587542
502,24.5163135528564,0.329504990220172
502,34.5012702941895,0.669662470535132
502,45.6523551940918,0.933286523897889
274,29.8153800964355,0.566545892421326
274,25.0984630584717,0.369610046123577
278,18.7780323028564,0.249159280055264
278,27.2121543884277,0.561370658178073
278,36.8918838500977,0.875715149659537
278,26.1472301483154,0.517368552898934
278,36.0909957885742,0.85741288521927
278,25.996057510376,0.511314610181758
278,32.821231842041,0.766673330010096
278,12.6043825149536,0.109928719094528
278,26.9187316894531,0.546069428664691
278,12.3825492858887,0.106134408915047
278,30.7375259399414,0.69513559060418
278,32.8713455200195,0.767937256608729
278,19.6430759429932,0.275029921785844
278,31.8122577667236,0.731891942499563
281,43.7217483520508,0.939970524853214
281,35.5905990600586,0.783679402133407
273,15.0202569961548,0.0896802051040909
281,46.8579368591309,0.965505309910597
273,36.4211921691895,0.785910056942538
273,30.3486003875732,0.537363339889232
281,30.5442066192627,0.613900533183147
281,35.4576988220215,0.780101915210053
273,35.806209564209,0.765286713803976
273,28.5569152832031,0.462335502635788
281,40.5338287353516,0.896455900256643
281,16.2357921600342,0.15654742834403
281,39.3642807006836,0.875401742203756
273,23.7712993621826,0.279143259818328
273,15.0600318908691,0.0903135604078306
273,42.1516189575195,0.92833310658465
273,32.821231842041,0.64603297674351
273,22.4897918701172,0.241404133518431
273,29.5651226043701,0.504326496970594
273,24.8864231109619,0.316359983568425
273,16.2539176940918,0.108931828778767
273,29.2643966674805,0.491826480459767
377,26.8558101654053,0.604066985645933
376,36.2696380615234,0.939332411010806
375,14.0470237731934,0.315835760669612
375,6.14724826812744,0.0874253166643577
375,15.2178955078125,0.355170883889443
375,18.0340270996094,0.441450193865401
375,20.2430553436279,0.508802418626511
375,17.2318649291992,0.415284940928485
375,31.3866138458252,0.819554363856685
375,42.7917556762695,0.974388021906527
375,16.2539176940918,0.390112250785194
375,19.4856185913086,0.483689352396618
375,26.0245094299316,0.678412285331991
375,31.898738861084,0.831163490524182
375,32.3115348815918,0.841154003307374
375,25.718433380127,0.668221857074465
375,38.6772651672363,0.942398038723978
275,29.0608291625977,0.607693328146887
279,3.33711075782776,0.100653384278894
279,37.6592102050781,0.984633152507164
279,41.6852378845215,0.993242212868695
279,12.2068653106689,0.412548667904403
279,32.0637855529785,0.953694175207655
279,14.0470237731934,0.481869039481388
279,22.3115634918213,0.782335163633998
6,29.8153800964355,0.774084002827139
275,21.7643203735352,0.302997870709097
275,14.9403295516968,0.112000251827435
375,21.8014087677002,0.555772910050312
375,22.7243175506592,0.581257748916686
375,13.6080598831177,0.304480035634056
375,31.0198345184326,0.812136447572167
375,39.6496963500977,0.951730057993024
375,33.1811256408691,0.859157794686808
359,38.0997047424316,0.931600199571726
359,7.20912075042725,0.0886405260760294
359,37.9907264709473,0.930844058247673
281,12.6043825149536,0.0970703592662914
281,31.0338230133057,0.634718620266356
281,18.2550582885742,0.201568185727149
281,40.3547515869141,0.893886773618057
278,25.9485282897949,0.508360387351119
281,14.7382593154907,0.129224574313455
281,32.3115348815918,0.680997973162103
281,34.9425048828125,0.765435837596663
278,19.6002998352051,0.275029921785844
278,31.6917610168457,0.727815494550819
278,33.9015693664551,0.800286945498068
281,11.3099327087402,0.0805521362736535
274,15.0202569961548,0.0942232639150208
274,16.6113510131836,0.12282418208599
278,21.899881362915,0.353688160588264
278,29.7777061462402,0.658644928984785
281,25.4261608123779,0.422432812515808
281,24.3490505218506,0.381506200235396
281,27.9278087615967,0.51691650844291
281,30.6304054260254,0.618365646952492
281,38.0589256286621,0.847687010363516
281,30.2168979644775,0.606152009469818
281,29.9950370788574,0.596102131046368
281,30.5442066192627,0.613900533183147
281,40.9688186645508,0.903692487210012
281,32.1162528991699,0.673782969840247
281,28.548791885376,0.541525895299153
281,25.1785163879395,0.414063084907983
359,29.0608291625977,0.774806238785711
360,25.718433380127,0.695481335952849
360,4.85009002685547,0.0868563961893465
360,18.270715713501,0.554291618786374
5,27.9615249633789,0.482281355311152
4,35.3597145080566,0.939900869640337
4,11.2269582748413,0.194249071327785
4,31.407133102417,0.881324329772223
4,11.7942485809326,0.21153749244104
4,33.2301559448242,0.912163086359317
4,24.8151187896729,0.702169781438074
5,21.8014087677002,0.23898934605071
375,29.6869335174561,0.779190728130738
361,38.8766555786133,0.965132752649806
361,14.3029146194458,0.408973162258148
361,23.4521751403809,0.752769937752346
361,15.3544416427612,0.455443493822183
361,13.6080598831177,0.375865087737709
361,14.5535573959351,0.421007064307847
359,29.9801406860352,0.796847448487872
281,30.3704490661621,0.610150377207685
288,24.3595561981201,0.363416032017408
145,8.39893913269043,0.0415485111872935
359,25.2183952331543,0.671744796105252
361,14.5535573959351,0.421007064307847
361,15.0202569961548,0.435621730893505
361,21.3121585845947,0.686919707706668
361,20.4737758636475,0.66179557141358
361,15.7931690216064,0.472206726281545
361,9.79425716400146,0.216936111924264
375,12.3825492858887,0.265353596111118
3,29.5956592559814,0.588405775139321
3,34.6253509521484,0.779469538829894
3,37.0425300598145,0.852033838588569
506,10.2654371261597,0.163489514644905
506,48.1228561401367,0.989066849584667
506,33.7599945068359,0.880076023656172
506,41.3367652893066,0.961195439890931
362,21.2226734161377,0.637218500605806
362,25.718433380127,0.754400352468783
145,22.1554393768311,0.29493539641208
145,24.1906433105469,0.369138826337742
145,33.4731178283691,0.747656389197172
145,27.758186340332,0.523648626892008
145,15.9794054031372,0.13183038848019
145,25.2681045532227,0.416395293673163
145,22.9668617248535,0.321734239794265
145,16.8386974334717,0.147576104293096
145,33.1442604064941,0.73785046829283
294,25.8338871002197,0.485196676854868
294,27.9024772644043,0.556620380430939
294,36.3304290771484,0.812299648834958
294,11.5279731750488,0.103959511223523
362,24.2012519836426,0.718674336868035
362,19.2973365783691,0.578726205853786
3,30.1727638244629,0.613572562405525
3,33.3460083007812,0.733913221371501
2,26.3342475891113,0.454675034149625
2,34.8541030883789,0.75949755508483
2,28.028751373291,0.516292835507691
2,49.3975486755371,0.986627204877952
2,10.534478187561,0.063231247401659
362,30.2462558746338,0.846135360028838
362,5.71059322357178,0.0933080997726977
294,29.8003215789795,0.621771718291314
294,43.2350006103516,0.929709128362331
296,34.7261772155762,0.744636398888898
294,16.5583381652832,0.200521539879928
296,19.4712200164795,0.219593070646798
296,37.3728179931641,0.819505227087472
293,12.4816913604736,0.223513137311516
293,13.7193269729614,0.272976828169912
362,22.8055820465088,0.682223857730782
363,3.61888313293457,0.0861587720124306
363,8.84225845336914,0.349863452302477
363,14.5742158889771,0.712741312741313
508,33.412712097168,0.784828571428571
508,22.3115634918213,0.403617142857143
508,6.64750909805298,0.0449485714285714
508,25.6507034301758,0.517211428571429
508,26.371395111084,0.544531428571429
508,25.9675559997559,0.530245714285714
508,18.9879817962646,0.299068571428571
508,43.3317184448242,0.96204
508,21.2610874176025,0.367605714285714
508,39.9500694274902,0.925537142857143
508,30.7375259399414,0.70112
1,30.9637565612793,0.5711584926455
1,41.1594772338867,0.892391166122674
1,26.6655826568604,0.388258234072316
508,34.5012702941895,0.814845714285714
508,17.6305160522461,0.259131428571429
508,32.2402000427246,0.748417142857143
508,23.307014465332,0.436782857142857
508,40.1458015441895,0.928057142857143
508,37.1629905700684,0.87672
508,30.8298053741455,0.704388571428571
508,29.511547088623,0.658988571428571
508,28.4346351623535,0.620497142857143
508,22.6776924133301,0.415428571428571
508,26.3249473571777,0.543708571428571
508,35.6961326599121,0.843805714285714
508,19.5287284851074,0.314577142857143
508,9.79425716400146,0.0910285714285714
508,33.8427314758301,0.796577142857143
363,4.34952163696289,0.104484414728317
363,5.1110897064209,0.147094830021659
362,4.57392120361328,0.0647991829132747
362,16.2539176940918,0.478802807734287
362,17.6305160522461,0.522533469514454
362,38.1629295349121,0.946872340212483
362,28.9104671478271,0.821177165630288
300,24.6509475708008,0.688995910596064
300,38.6598091125488,0.939029664769568
300,9.69704627990723,0.172821368336983
300,10.4173717498779,0.196501923415785
299,37.8901634216309,0.751063041334564
299,32.6001777648926,0.577729205529699
296,29.2254428863525,0.546367154422646
299,45.1283378601074,0.912299875010206
299,33.3460083007812,0.602755428262768
300,26.6382255554199,0.744272660492513
300,48.2850074768066,0.985516599043899
300,51.0497817993164,0.990545398791257
300,28.6540908813477,0.792264229958602
362,26.1472301483154,0.764499784713669
362,37.1629905700684,0.938028077342866
362,26.3342475891113,0.768761452732134
362,19.5287284851074,0.586785925280623
362,38.0997047424316,0.946125847377011
362,19.9251441955566,0.600559243794246
374,26.5558815002441,0.614322382306193
374,28.2205123901367,0.669039499664636
374,35.7957611083984,0.875676874766527
374,18.7780323028564,0.324710493795511
374,25.6894397735596,0.580686611299401
374,29.6185245513916,0.71663707165272
374,40.1020774841309,0.943667277401722
374,22.7708053588867,0.474752505810005
297,27.4744319915771,0.709576893313534
297,32.9275360107422,0.850574111643277
297,20.4737758636475,0.465542843996403
374,23.2733268737793,0.492337908439968
374,26.6382255554199,0.617143413217199
374,21.9121475219727,0.444853345108556
374,11.3648767471313,0.105507183897522
374,19.980920791626,0.370679904026352
374,7.42854976654053,0.04343822559667
374,13.54079246521,0.15735827615758
374,18.0816822052002,0.302192472577089
374,24.4433498382568,0.536078536830881
374,23.8798770904541,0.516017407518633
374,28.2205123901367,0.669039499664636
374,20.6345386505127,0.393870745302555
374,30.4647941589355,0.741518857273206
374,35.2265319824219,0.863154887781358
374,28.8147926330566,0.689817396845594
374,34.557788848877,0.850241556003637
374,34.7707862854004,0.854818406598868
374,8.6971492767334,0.0575590757984637
374,34.0069541931152,0.836554952028872
374,18.8683834075928,0.332246496993237
374,23.3965015411377,0.497612692127796
374,30.3704490661621,0.739610266627183
374,28.9104671478271,0.693498549199051
374,19.5287284851074,0.353461779530575
374,43.7123565673828,0.974590840648377
374,22.1916065216064,0.451355528373021
374,46.2103691101074,0.985752538247675
374,32.6001777648926,0.802932783915938
374,24.4850845336914,0.537967246324341
374,30.5729885101318,0.745060841558724
374,26.1472301483154,0.599418842519298
374,15.8852624893188,0.227154724546631
374,42.539665222168,0.966369460875461
374,36.5912437438965,0.891502272206463
374,32.4211730957031,0.797107606215058
374,26.8558101654053,0.624267144093362
374,30.3486003875732,0.737843983178452
374,38.9411277770996,0.928781526014488
374,37.0425300598145,0.899510191183441
374,37.880989074707,0.913241789345586
374,30.8227252960205,0.75351660965659
374,29.5268726348877,0.713506313312315
374,26.6199626922607,0.617143413217199
374,29.5038795471191,0.713506313312315
374,43.5327835083008,0.973370765706895
364,30.8298053741455,0.760131784289925
362,21.7643203735352,0.652524858061221
362,21.8014087677002,0.656632821652798
362,33.5212783813477,0.896445272212042
362,39.1456756591797,0.954337268567194
362,9.09027671813965,0.194630358376641
362,40.6148948669434,0.963760801866482
362,42.1272468566895,0.971531637077313
362,23.0012092590332,0.689106010994623
362,34.8097190856934,0.912892647220804
362,33.6351051330566,0.897710454905024
362,26.4823360443115,0.77169685681957
362,26.1189918518066,0.764499784713669
362,37.2730178833008,0.939167092232669
362,33.9660530090332,0.902413710234612
300,32.4981269836426,0.864665215809311
302,32.3438568115234,0.636148480054363
302,31.1869316101074,0.59695586158567
302,31.2698516845703,0.598462534906191
302,24.9472904205322,0.398996612904938
302,23.6839027404785,0.364109533770081
302,35.3827972412109,0.734287170448392
300,20.1607704162598,0.542884963488282
365,20.1470127105713,0.495544693191548
518,18.8833866119385,0.475231724574702
362,33.9133148193359,0.901936074979723
362,35.0796775817871,0.916202048724804
365,28.369047164917,0.757644470387499
365,22.8749027252197,0.59186757481122
365,28.0371341705322,0.748741598398412
364,13.0587387084961,0.155221085486388
364,9.36515808105469,0.0762730478007052
364,30.1285095214844,0.739524882954743
364,32.2661743164062,0.79664990462979
364,25.996057510376,0.610787815733195
364,32.6319389343262,0.805576556268424
364,35.3290824890137,0.863159354950581
364,9.66440868377686,0.0820923646032021
364,30.9356460571289,0.760846193861626
364,31.3317699432373,0.772184266805387
364,54.1512794494629,0.995671926478238
364,35.2859840393066,0.862165192763424
374,26.0245094299316,0.596217976956698
374,1.1457656621933,0.00533128801616442
374,16.5583381652832,0.248281065085662
374,37.6172790527344,0.909111741494791
374,56.6285057067871,0.998558093250977
374,46.1708602905273,0.985545355710443
374,34.0593910217285,0.8380052297895
374,37.2777862548828,0.903480143437284
374,35.2859840393066,0.865086498709295
374,31.5500602722168,0.775252987666361
374,22.6776924133301,0.472077967602092
374,31.5500602722168,0.775252987666361
374,17.6958618164062,0.28570471884388
374,34.9920196533203,0.859418277476014
374,35.2859840393066,0.865086498709295
374,37.2443885803223,0.902540497384582
374,18.1607513427734,0.303434521424035
374,14.6154308319092,0.189603412861432
304,28.9104671478271,0.494075584519365
304,27.9615249633789,0.459982640084871
304,38.0589256286621,0.811534699163693
304,21.9244022369385,0.262368939529629
304,19.2535419464111,0.190125514941927
374,2.56063890457153,0.00937448662155389
374,33.3460083007812,0.821018354489321
304,14.0685558319092,0.087116462986181
304,35.8218765258789,0.745105468373266
304,17.248706817627,0.143143522409446
304,31.9186325073242,0.605702594342872
304,6.88967514038086,0.0196056819277772
304,43.3317184448242,0.92639947093592
304,23.7167320251465,0.315027348755184
374,17.3493251800537,0.275784023715076
304,30.7446422576904,0.563398134498009
304,37.9907264709473,0.809550708863201
302,35.8479499816895,0.748013930622949
302,26.5650520324707,0.448987587730009
302,18.9879817962646,0.253236852443699
302,40.1577033996582,0.859847527632962
364,33.6171836853027,0.828035373677822
364,39.9380035400391,0.932531067568349
364,34.7373390197754,0.852253626957979
364,28.9104671478271,0.703913068608751
364,25.8147010803223,0.605932605051731
364,32.4404449462891,0.80036067279348
364,20.4737758636475,0.410838679845096
365,30.1358947753906,0.80048121958508
302,25.6894397735596,0.420900181565284
302,30.9637565612793,0.590674339834999
302,20.4737758636475,0.286600269693463
302,24.0948429107666,0.377034646053875
302,48.6860427856445,0.970189316316454
365,46.3386611938477,0.984398297461211
365,22.3115634918213,0.574749287383159
365,32.2402000427246,0.844961516368124
365,29.9950370788574,0.797704297687266
365,33.9015693664551,0.876703738741738
365,28.5569152832031,0.762908003140004
304,13.5182847976685,0.0801862746448795
304,33.6351051330566,0.667695402378033
304,50.663257598877,0.987903170251168
304,34.088451385498,0.682947327813064
304,39.4475517272949,0.847122525178766
304,49.1264381408691,0.981778977969441
304,40.2722969055176,0.867134649563935
304,20.911828994751,0.233339303674515
304,25.8147010803223,0.385383227015335
304,36.3354873657227,0.759957840206115
304,35.8427352905273,0.745105468373266
374,8.08908367156982,0.0497761277583791
304,25.5729541778564,0.373258841845662
304,16.9423580169678,0.138424656590568
308,14.5742158889771,0.121372881249961
308,27.9278087615967,0.608132061197567
308,11.8728370666504,0.0696678775298391
308,21.8014087677002,0.354672973158852
308,17.299108505249,0.190793792711062
308,19.1802577972412,0.251975728549903
308,31.3523578643799,0.738827130004189
308,29.496208190918,0.669684446139514
308,39.4848785400391,0.929230153619147
308,22.3830986022949,0.37595894736184
308,39.2973442077637,0.926135262378002
308,31.5500602722168,0.746916050293546
308,7.42854976654053,0.0241854808960804
308,43.5359535217285,0.969552835107946
308,38.6772651672363,0.917868151380822
308,33.3460083007812,0.800482677987508
308,21.3630599975586,0.33324006977573
308,26.7836017608643,0.559013948893655
308,28.261905670166,0.622209127115624
308,33.0826301574707,0.792520366885289
308,16.9423580169678,0.181352811349185
308,24.3174934387207,0.456124445889422
308,31.4139671325684,0.741018563095141
308,27.9278087615967,0.608132061197567
308,31.792236328125,0.75141927335705
308,16.9767360687256,0.182461032505737
308,25.2681045532227,0.498224345227303
308,32.4725151062012,0.774493406943811
308,23.7712993621826,0.433245696850714
308,34.9920196533203,0.844298835195478
308,33.8486251831055,0.814295583996599
308,23.0012092590332,0.403889559274983
304,46.367301940918,0.963902398699384
304,19.2535419464111,0.190125514941927
322,9.66440868377686,0.271009153125918
518,37.9907264709473,0.969282293397929
518,23.2733268737793,0.642662904925388
312,22.2036437988281,0.267969780377315
312,27.3787479400635,0.438163025402833
312,17.2318649291992,0.145313664774356
312,28.9104671478271,0.498516256666093
313,31.407133102417,0.78639618466444
313,24.2330379486084,0.506680960431012
308,25.718433380127,0.516351342057384
308,21.2226734161377,0.328044403873929
308,21.714729309082,0.347704778637122
308,19.7988758087158,0.272691179872578
308,20.3656425476074,0.298341263340857
313,32.9337692260742,0.829659561016507
313,23.7712993621826,0.487362388158166
313,33.0702781677246,0.833906458307563
313,24.7844638824463,0.530716474937808
313,33.6171836853027,0.848007806594373
313,20.911828994751,0.368930304154812
313,30.1727638244629,0.746596297365274
313,32.2402000427246,0.80990667821163
325,37.3870239257812,0.881976072898334
325,39.9057846069336,0.920636218507731
325,39.5097122192383,0.915221859477238
325,31.0198345184326,0.734277027120591
325,31.1383686065674,0.736753745244879
325,24.3595561981201,0.508786876295315
325,37.2204895019531,0.879666843166902
325,25.4163265228271,0.546292407038996
312,30.5729885101318,0.564553586788233
312,38.7729415893555,0.857639486209072
325,20.9510326385498,0.384738642275785
312,25.4261608123779,0.370555937840473
373,24.8151187896729,0.550441480368213
518,23.7712993621826,0.662092704142149
518,26.3342475891113,0.751612366515732
367,27.9951725006104,0.75196248553958
367,26.5833759307861,0.710797802016196
366,38.3288192749023,0.935176102940161
373,32.1293449401855,0.780131185022044
373,22.5840225219727,0.474301938729693
373,22.4068717956543,0.47035146553895
373,36.5364227294922,0.880598446724571
312,20.8462657928467,0.230503469235621
312,33.9015693664551,0.698327025632204
312,33.1749877929688,0.670988875508917
312,30.4792613983154,0.559765468203452
312,12.0796165466309,0.0666967716038764
312,27.9278087615967,0.461243477263605
325,40.3782272338867,0.926186414581249
325,21.0421180725098,0.386874448986267
325,20.2430553436279,0.360365784099549
325,46.009033203125,0.972637408070962
325,30.2168979644775,0.711371340889653
325,25.0079288482666,0.530013722178958
325,23.0354804992676,0.459632989410645
325,20.3656425476074,0.364953251615703
313,22.4068717956543,0.433175277285284
313,10.4173717498779,0.0718921370552097
313,13.8733692169189,0.138608282136918
313,25.1785163879395,0.549064720515675
313,28.1623859405518,0.67055072224742
313,24.9472904205322,0.535471900383458
313,18.270715713501,0.269981720474443
313,26.0339813232422,0.586231256614302
313,40.4601135253906,0.959741062961283
313,15.7931690216064,0.18684973680232
313,29.0055923461914,0.703750738740225
325,35.5056686401367,0.846601073640162
325,39.9856872558594,0.920947456781071
373,50.6424865722656,0.992385512888669
373,34.6253509521484,0.841741246004559
367,39.8856163024902,0.962113700214841
367,7.5993332862854,0.0955214014212527
518,32.7331657409668,0.908717245031406
322,30.3704490661621,0.90994877608431
322,22.9668617248535,0.768530181523002
322,23.5960235595703,0.785090481588781
322,47.0474510192871,0.994597696323354
368,17.248706817627,0.306523343926896
367,39.1499061584473,0.956565030573459
373,30.2462558746338,0.728625808248162
373,12.2068653106689,0.155263589161447
325,45.0257606506348,0.967010721235352
325,16.2539176940918,0.234984896371502
325,31.9979648590088,0.76057732062092
325,30.716157913208,0.725421902602203
373,30.2168979644775,0.728625808248162
322,11.1433010101318,0.326712537263299
322,31.898738861084,0.927758183930246
322,7.2535605430603,0.170822486739164
518,39.6127662658691,0.978676508736745
518,26.6199626922607,0.761493198988838
321,16.8906269073486,0.204111258607171
371,28.3031959533691,0.716888197321635
371,25.1785163879395,0.617413746773901
371,24.5163135528564,0.597277891303125
371,23.6839027404785,0.564546346462696
371,16.5583381652832,0.318005536704099
371,31.8522281646729,0.810463495872468
371,28.7747631072998,0.726930503740087
371,31.5500602722168,0.803969429394525
371,53.2794036865234,0.994749504758691
371,42.1794242858887,0.961601769745599
371,26.194185256958,0.649655362041706
371,20.3112831115723,0.449871580960237
325,32.542854309082,0.774647005023992
371,29.0134944915771,0.735920461433669
371,26.2876930236816,0.651991276254039
372,29.3884334564209,0.733504978419726
371,27.1326484680176,0.680752141879605
368,19.2973365783691,0.383714411136558
519,18.7477912902832,0.65176862175448
372,15.736777305603,0.298773861922873
372,15.0202569961548,0.2784595591153
372,21.714729309082,0.489423528909021
372,22.3115634918213,0.510905364239623
372,28.028751373291,0.694470474399751
372,25.4261608123779,0.612795088121997
372,29.0134944915771,0.722691948451531
372,38.1629295349121,0.920480351877514
372,33.1749877929688,0.831233555342568
372,22.8055820465088,0.526008503910089
372,25.1785163879395,0.60544039632006
372,38.3955764770508,0.923174833798311
372,16.9423580169678,0.338226540990312
369,21.5021743774414,0.619185902927636
369,39.3308486938477,0.981010987363935
328,7.5993332862854,0.0989540772666681
448,28.9501686096191,0.621262318363529
448,36.8723411560059,0.852553166202129
448,36.2544021606445,0.839120378611164
448,17.8740081787109,0.246729845204731
448,26.0245094299316,0.518103811360416
369,43.5074043273926,0.992935113067145
369,22.5840225219727,0.660105360150836
143,33.3702964782715,0.942739826270784
448,31.5771446228027,0.711050475098736
448,18.4572772979736,0.262636574797996
448,34.3133583068848,0.791509181298817
143,29.9801406860352,0.888067973927066
143,15.9794054031372,0.448191562885369
521,3.61888313293457,0.0839498467130505
521,27.9278087615967,0.882125089493878
521,23.0354804992676,0.758146237585593
521,29.6185245513916,0.912195032401373
521,14.3029146194458,0.414829365006517
369,21.6150684356689,0.622641702249421
369,23.0468883514404,0.675897460353687
369,22.1554393768311,0.643218100281199
521,0.0108063016086817,0.0259945293998862
448,18.4108638763428,0.261569663347813
448,31.1383686065674,0.69590066112362
448,36.2594833374023,0.839120378611164
448,35.5216255187988,0.821568370785686
448,28.9501686096191,0.621262318363529
448,20.911828994751,0.338693449722346
448,12.7739133834839,0.132356170970917
329,16.6113510131836,0.571472270507006
501,41.541015625,0.996036145841866
501,16.6113510131836,0.665146415286901
501,31.8122577667236,0.967049973155154
501,12.1561450958252,0.488585592274528
501,5.41933584213257,0.211651654597356
501,9.92227363586426,0.39070808303797
343,9.36515808105469,0.0849886982951583
343,50.3847885131836,0.989714288505476
344,44.9569625854492,0.952257167614096
344,13.4957332611084,0.106284695441864
501,4.70184135437012,0.183588485465433
501,22.4068717956543,0.840051153910973
501,15.5851955413818,0.623430724382999
342,37.880989074707,0.888279184672395
273,30.5729885101318,0.547661472580801
273,32.6192436218262,0.637082787925699
273,37.2348327636719,0.811891493490111
273,25.6603965759277,0.344463391535097
501,1.81124806404114,0.100903228634085
501,9.36515808105469,0.369243163173358
501,7.20912075042725,0.276792539167648
500,24.7844638824463,0.924542328880708
297,30.3704490661621,0.793236149164453
297,25.7954921722412,0.656400978813293
325,16.0898933410645,0.227225040437896
325,23.5850028991699,0.477764597042049
308,36.926025390625,0.886917675892986
501,10.4173717498779,0.412962434433615
501,0.0110214445739985,0.0703528023254054
501,7.19371175765991,0.269226936259535
269,23.5960235595703,0.576184703645912
5,10.4474697113037,0.0336162912708679
5,18.0816822052002,0.136269507719811
5,29.1629257202148,0.536911298515998
374,25.5729541778564,0.576020818705863
374,28.6298503875732,0.685169392651717
313,27.9615249633789,0.664363171566404
313,30.9707775115967,0.772872084553114
373,37.8947486877441,0.903278026708663
2,42.3760604858398,0.93075049987132
5,34.8319244384766,0.776072751095097
275,17.4326210021973,0.169635007611035
269,17.9061584472656,0.348569727442791
501,0.0109930019825697,0.0703528023254054
501,23.1718292236328,0.853760026380475
261,18.270715713501,0.482017410507113
261,25.5046157836914,0.726728648925445
501,18.8683834075928,0.744455326158359
501,20.3112831115723,0.785946136037889
269,11.3648767471313,0.143815649554526
269,17.299108505249,0.323835605379243
269,26.6199626922607,0.696475942635203
373,27.7496585845947,0.651048640784072
373,30.1358947753906,0.724236985755646
370,37.2204895019531,0.984139532931283
372,36.7693519592285,0.899476212860256
372,30.7446422576904,0.770972089104861
371,29.2254428863525,0.741867106603426
371,46.6963081359863,0.983627353567925
373,9.66959762573242,0.101698370379845
373,23.8473796844482,0.516964384452323
373,44.3495216369629,0.972230771588037
269,22.5840225219727,0.537770371781303
499,26.5650520324707,0.728611792771037
499,36.7693519592285,0.941556270347956
499,25.9485282897949,0.708523410537431
501,20.1607704162598,0.779968266209043
501,8.98487663269043,0.348640200274553
499,35.8479499816895,0.931096076571864
499,30.7090282440186,0.840941309895095
499,11.7942485809326,0.246493552203201
375,26.3342475891113,0.686622848935801
373,42.7115516662598,0.960976253192689
373,25.2978572845459,0.567750282129072
373,28.548791885376,0.676618128474984
373,27.5523052215576,0.644121655921113
373,27.0171222686768,0.625272635944909
371,24.4433498382568,0.59161370552983
372,10.4173717498779,0.159493336670594
372,17.6958618164062,0.359235258566484
370,27.6555671691895,0.906670211426253
365,26.9903469085693,0.718097913011973
365,25.5046157836914,0.675121814513694
365,19.6857299804688,0.482221351719183
365,12.1815347671509,0.221580097203879
364,18.2550582885742,0.329853765678285
375,13.0587387084961,0.285510862950928
375,29.7172470092773,0.779636153836711
375,39.1117668151855,0.946985572766602
375,40.1577033996582,0.956478927330725
375,32.821231842041,0.851647812065425
375,43.0396385192871,0.975572608774185
375,16.1812686920166,0.383288819990145
260,25.919942855835,0.693663986218511
343,33.045539855957,0.75897450613809
343,29.6489639282227,0.654772909612005
375,37.5377731323242,0.929015977455146
362,29.5038795471191,0.83288373536804
362,35.0742111206055,0.916202048724804
364,5.41933584213257,0.024666782266921
366,5.41933584213257,0.0571149898181637
343,16.9767360687256,0.254070994977427
343,13.0587387084961,0.155514755715878
343,13.1206550598145,0.157877672935622
343,27.4397029876709,0.58039963219087
343,3.61682534217834,0.018428922595228
343,42.9244766235352,0.952187255389222
343,24.6509475708008,0.488419263331555
379,34.7261772155762,0.835574956069674
362,53.3160171508789,0.995071445021879
362,29.6869335174561,0.836320806672875
362,33.0517272949219,0.890322629096699
362,47.3608589172363,0.987583986702314
369,20.4737758636475,0.583922783579077
368,16.2357921600342,0.274037331211333
365,51.3625297546387,0.993560513982154
322,10.1421060562134,0.289515717064842
322,10.1421060562134,0.289515717064842
365,30.5442066192627,0.808720634070285
362,29.4731731414795,0.832036608689557
362,12.7739133834839,0.336163597584788
362,22.1554393768311,0.664557361290516
362,12.4816913604736,0.326972873922317
379,19.1213665008545,0.45382314030873
379,23.2733268737793,0.566678712286998
343,24.3595561981201,0.479894444152726
343,22.7708053588867,0.426091979147713
344,29.6869335174561,0.564266908523057
344,35.9051628112793,0.771426667047543
360,19.4712200164795,0.580726174148349
360,12.7739133834839,0.37672369055121
360,11.4467468261719,0.330540831078326
518,40.224983215332,0.98136095362646
518,40.8099937438965,0.983878123876263
368,10.7434034347534,0.114900424345356
369,6.14724826812744,0.127554591921026
369,20.6744632720947,0.589786912245861
521,13.2447509765625,0.369568410038
520,25.2681045532227,0.862730244797066
322,2.42693376541138,0.0371933212971127
322,16.2539176940918,0.555244153335853
322,12.1561450958252,0.381107332297659
302,15.736777305603,0.186704324651469
362,11.5279731750488,0.293330629737551
360,54.821720123291,0.969316454757757
377,18.2079830169678,0.311120543293718
359,50.7628631591797,0.991979943661274
518,48.7779121398926,0.99694433064203
518,5.1110897064209,0.0543848318576788
518,27.1326484680176,0.777002331110757
518,12.1561450958252,0.228588398832834
322,42.8615837097168,0.988814012400106
328,11.3099327087402,0.194181497364101
328,30.9777927398682,0.822749964444894
322,33.8545150756836,0.947410638059649
322,44.5341606140137,0.991686610404333
322,20.1607704162598,0.688773600089572
518,27.1326484680176,0.777002331110757
518,44.4182929992676,0.99277767142967
518,25.3670692443848,0.718447261973554
302,42.7917556762695,0.909079325978701
302,43.2026214599609,0.91579405612597
293,16.5583381652832,0.384763562868187
359,21.3630599975586,0.545374677322888
359,48.2124404907227,0.987472535645556
359,38.5238418579102,0.936239312531183
341,58.4512901306152,0.997839347138858
293,22.4897918701172,0.612775749949364
296,22.8055820465088,0.316054795387817
518,15.3544416427612,0.338790183930543
328,12.4816913604736,0.230946681804705
144,31.8122577667236,0.907008282074878
144,18.4108638763428,0.565909494518978
143,19.4856185913086,0.572902578835391
328,36.1268844604492,0.917186735414573
321,36.4362678527832,0.925747378063454
302,33.7065849304199,0.681246748282562
296,42.5091247558594,0.921332531398137
281,29.4038734436035,0.572822160993656
357,14.7382593154907,0.299021306597517
341,52.2165451049805,0.993339089503809
341,45.3060989379883,0.974834626150654
341,21.1068458557129,0.243395490690323
342,28.129077911377,0.534136167560059
342,27.758186340332,0.520365873837404
273,22.5840225219727,0.243936233867271
273,38.6947059631348,0.855174955321704
328,38.785945892334,0.945572967513481
143,29.0055923461914,0.866800374019216
448,9.3989143371582,0.085241186068152
448,18.5342979431152,0.26368267380716
448,25.6507034301758,0.502648383119796
294,19.6430759429932,0.28093589148473
281,17.6958618164062,0.185774363367181
281,13.8733692169189,0.116502372513245
281,22.3473720550537,0.314315006357054
281,14.7382593154907,0.129224574313455
273,38.8162384033203,0.858481743648945
342,23.4521751403809,0.336155246256797
341,19.4712200164795,0.192600303591572
341,27.061653137207,0.473207347473088
273,29.8679828643799,0.518124924875739
273,13.3366441726685,0.0702330932439019
273,36.1524696350098,0.776279622073786
273,38.0997047424316,0.837772544212691
281,27.6212196350098,0.505458972551691
281,26.0339813232422,0.446339382370894
281,32.6001777648926,0.69096286603647
281,30.2242412567139,0.606152009469818
448,30.7375259399414,0.683200142839069
281,33.2729339599609,0.712998404834733
281,42.6746444702148,0.927868852459016
281,30.3704490661621,0.610150377207685
281,21.714729309082,0.293095598625392
273,13.6080598831177,0.0738146217237567
273,38.5238418579102,0.85049248493222
273,37.880989074707,0.831935636835786
341,40.7985877990723,0.933612321918476
341,36.9746704101562,0.858856378904564
262,26.5558815002441,0.574082914455271
262,40.9688186645508,0.965860267894752
262,21.9870548248291,0.377451255698146
262,31.3111553192139,0.763233270618629
262,34.1058616638184,0.849447268166203
262,46.8101501464844,0.992111519848736
273,42.4410362243652,0.932396751197695
273,41.7282409667969,0.921218921671318
273,32.2921104431152,0.62130768387447
273,50.8431129455566,0.988676214767547
281,24.3595561981201,0.384761281663019
281,36.8723411560059,0.818301570546437
281,29.9875907897949,0.596102131046368
278,45.8911399841309,0.980876626087749
278,34.9369926452637,0.828801838070633
273,32.6319389343262,0.637082787925699
278,20.3656425476074,0.301340850259491
273,29.2254428863525,0.489221732474418
273,47.2025985717773,0.976310926600791
273,60.4019012451172,0.997947374052113
273,41.530143737793,0.918120830190773
493,39.8775405883789,0.931010087457156
493,32.9773254394531,0.777787264839459
278,34.4502372741699,0.816181549961159
278,32.4276008605957,0.752388049504424
278,42.3692054748535,0.958241079765282
274,28.6460151672363,0.51594757609315
258,26.9903469085693,0.502009288769886
502,46.385498046875,0.941601885751542
502,22.4424629211426,0.269341491549225
502,29.5038795471191,0.492542253874317
274,32.530086517334,0.675399683908355
269,28.129077911377,0.747199309745431
281,10.1421060562134,0.0675648604989191
302,26.1095676422119,0.43612405899279
370,21.1068458557129,0.77563770691368
372,5.41933584213257,0.0621241766224887
375,39.385139465332,0.949307398100102
375,35.3290824890137,0.897096140053065
379,29.0765781402588,0.712753054960598
379,30.9637565612793,0.757442564879624
262,18.4572772979736,0.251195791562532
501,32.0572166442871,0.968744668206571
501,10.8880767822266,0.430358103465098
501,34.0593910217285,0.979332859917905
518,12.7498512268066,0.242054454604167
308,37.954231262207,0.906554604510413
342,37.1629905700684,0.871919144498617
341,36.8527755737305,0.855580932221093
362,20.4872379302979,0.617587391230336
362,24.60964012146,0.728885918271301
269,7.42854976654053,0.0725095269510855
302,34.742919921875,0.713999638993003
302,23.3518218994141,0.357766428472834
501,7.42854976654053,0.290918302445672
501,0.0100715234875679,0.0703528023254054
500,18.0816822052002,0.820646535070393
299,29.511547088623,0.466940513651523
366,9.66440868377686,0.164627996872228
368,22.5840225219727,0.516118053831521
281,7.29771852493286,0.0400187507798773
282,13.4957332611084,0.132620602289557
282,5.17424154281616,0.0326294512700616
282,5.41661930084229,0.0337518745866595
282,41.0999183654785,0.864305541324739
282,18.270715713501,0.234805369002487
282,8.04946708679199,0.0565543001387893
282,10.8880767822266,0.0932146948964669
282,4.57392120361328,0.0269288448820291
282,42.7215995788574,0.892731726855259
282,19.4712200164795,0.260846987155006
282,50.0131378173828,0.964035880287266
282,47.9135665893555,0.949747105451903
282,45.6523551940918,0.929999906852837
282,42.4239654541016,0.888067382657861
282,49.0005645751953,0.957718173943013
282,21.714729309082,0.317107873729706
282,23.092435836792,0.35516314725635
282,16.8906269073486,0.20200825283866
282,40.224983215332,0.847364401017167
282,38.4177665710449,0.808377655858491
282,33.8250350952148,0.68632227055525
282,35.2643890380859,0.726396508844323
282,41.9696159362793,0.880599308848049
282,24.7844638824463,0.402749704257757
282,28.3031959533691,0.515227232504634
282,7.64140510559082,0.0541976769097497
282,35.569408416748,0.735361923302626
282,22.0464286804199,0.326287526663375
282,19.2973365783691,0.256953435733115
282,6.50463438034058,0.042861667147927
282,27.061653137207,0.47364168149259
282,41.3220710754395,0.868883724396174
282,21.3630599975586,0.307648779306426
282,31.3111553192139,0.610092960868877
282,27.9951725006104,0.503381242024274
282,37.917652130127,0.796003055226953
282,25.0079288482666,0.409146585690733
282,28.261905670166,0.512684314949188
282,37.6172790527344,0.788160064085248
282,36.2187995910645,0.751515970081131
282,36.9892387390137,0.772406550108516
282,34.5012702941895,0.705922762372272
282,39.0607719421387,0.823376677813277
282,34.6758422851562,0.710188902446976
282,41.1743316650391,0.865947260076194
282,60.9528999328613,0.995303054295481
282,46.3021278381348,0.936354872062371
282,45.2780303955078,0.925768696964334
259,43.7623710632324,0.992736027372691
259,23.5408515930176,0.785240269863826
259,50.2919006347656,0.99818228225328
44,37.471996307373,0.969788581770319
259,24.3595561981201,0.805031663470427
344,37.5377731323242,0.816224850268042
344,36.1524696350098,0.777918225878634
44,23.6839027404785,0.716492884172425
44,21.714729309082,0.650568649226719
44,25.2183952331543,0.76699777887463
344,41.4793014526367,0.904102512830767
344,34.3762359619141,0.723694546804925
344,45.1963157653809,0.954516239609221
344,34.399040222168,0.723694546804925
344,31.8389167785645,0.636071595204769
344,34.2157020568848,0.71748983536626
344,26.8107166290283,0.463283533769437
344,25.2681045532227,0.412604383885128
344,26.0245094299316,0.438434932061207
356,27.0171222686768,0.55819446482784
260,40.1458015441895,0.959602582315042
260,26.1095676422119,0.700927550764603
260,27.6898460388184,0.748087154203975
260,34.7261772155762,0.902601813105699
356,37.0666961669922,0.863689820814053
256,27.758186340332,0.562506782550818
256,46.8905372619629,0.981146317406497
338,27.9867668151855,0.607522563503272
356,44.2834358215332,0.960972909864737
356,27.9278087615967,0.591538700992377
356,41.5373916625977,0.935616917069819
356,31.3866138458252,0.708291570224873
254,19.4712200164795,0.749671913727575
257,30.194845199585,0.931796580625045
257,15.1194610595703,0.615367276634271
257,15.1982698440552,0.618075878417215
257,34.9204483032227,0.96262430077877
255,30.9777927398682,0.910786290322581
255,35.2697906494141,0.954658223874831
255,34.5352058410645,0.948564564419548
255,41.1780433654785,0.984863941471895
356,31.3317699432373,0.706366573367389
356,18.8683834075928,0.288646204004915
356,38.6335830688477,0.893139311199928
356,27.9024772644043,0.591538700992377
356,37.8901634216309,0.879584700848907
356,28.9501686096191,0.627263352074357
356,27.758186340332,0.587426776081075
356,18.8683834075928,0.288646204004915
356,28.261905670166,0.603657954712228
338,28.3279209136963,0.620156602703433
338,25.919942855835,0.534984373988877
338,17.8900928497314,0.249858204892978
256,43.886661529541,0.964783790366728
256,25.8338871002197,0.485138677541256
256,40.6302871704102,0.931337675773573
488,40.4911956787109,0.939057052044469
488,32.5810928344727,0.740437770262214
488,26.8377876281738,0.502449989676601
488,20.050350189209,0.254621538389957
488,34.2157020568848,0.799304406491818
488,19.6430759429932,0.242596959977201
335,25.4163265228271,0.429608074929526
338,32.9773254394531,0.765554637746809
338,26.0245094299316,0.539651241135427
336,40.1656341552734,0.947377274021168
336,20.3112831115723,0.316862044872293
356,38.3288192749023,0.887376166761984
356,16.9767360687256,0.234172412590335
356,35.3290824890137,0.821944042809298
356,37.4342880249023,0.871256210171486
356,42.2348823547363,0.943106306552953
356,33.3216857910156,0.768490335199538
356,30.1358947753906,0.667261825239243
252,21.6025657653809,0.718825947691963
46,30.2168979644775,0.889373847169826
252,29.380708694458,0.869121721088199
46,25.0984630584717,0.804517955685777
254,11.1152610778809,0.35107249071408
252,13.4659090042114,0.445101289347908
347,30.6375675201416,0.802140818585717
347,42.539665222168,0.973451981440149
347,36.8918838500977,0.920223022036872
356,52.5909309387207,0.99130888598293
347,39.8127822875977,0.953480280029787
347,5.71059322357178,0.113690635958711
335,29.9353675842285,0.602088231855441
251,44.7195243835449,0.977287867946409
251,72.7101364135742,0.999734757827728
251,43.0396385192871,0.968787781588492
335,27.0705432891846,0.491575624520973
335,37.5752372741699,0.848381376739111
335,38.1809501647949,0.861122513932371
335,23.2733268737793,0.350834643214383
335,23.5850028991699,0.36142389482846
335,26.5650520324707,0.473078372023539
335,37.4106712341309,0.84467452162278
335,32.7331657409668,0.705021499369958
251,37.880989074707,0.916393199930914
250,27.6298122406006,0.658423579129115
250,26.1472301483154,0.61523787643027
250,47.6103324890137,0.981595775417637
335,34.981029510498,0.77838631315034
335,38.2348785400391,0.861912339729017
332,29.1237335205078,0.551195750949658
332,28.8786373138428,0.540236723128764
332,27.9615249633789,0.506411016223681
526,25.0180130004883,0.885352354436175
52,23.7494945526123,0.927753570113259
332,31.4685401916504,0.643780044289163
332,33.1811256408691,0.706441871885036
332,31.7387256622314,0.651113531900803
335,38.8766555786133,0.876191558736798
335,30.773078918457,0.634382753738032
332,20.8462657928467,0.264164724077011
332,33.2301559448242,0.707508649933115
332,47.0672492980957,0.973906646572858
332,27.758186340332,0.499757105738965
335,18.8833866119385,0.217074137102327
335,34.1984062194824,0.752480546642591
335,31.1383686065674,0.648130009483106
335,44.7223091125488,0.956385507735876
335,67.0391845703125,0.999437508931007
332,34.399040222168,0.74797810753198
332,39.9420280456543,0.894658019555716
332,32.8713455200195,0.694486808264049
485,30.113733291626,0.650732278797188
332,45.0600357055664,0.961112083189873
332,25.9485282897949,0.429053239185937
349,12.3825492858887,0.185230136942317
347,39.4475517272949,0.949951937560399
526,21.714729309082,0.811907282572712
526,13.1288461685181,0.479339580925892
347,26.2876930236816,0.690653921181705
526,18.8833866119385,0.725918104957085
526,19.6430759429932,0.748885630679603
526,27.6298122406006,0.926355445935336
347,4.11803436279297,0.0785129332355491
349,34.6309700012207,0.813726340124259
332,9.92227363586426,0.0680039961844341
332,26.3249473571777,0.444498002848504
332,33.1257934570312,0.704845655842726
332,33.8545150756836,0.730397153753384
332,53.0308609008789,0.991469162212351
485,25.2681045532227,0.470141255154005
332,33.6827926635742,0.722509016814454
485,29.8003215789795,0.640460617063951
485,43.8370704650879,0.96050149494106
485,24.0948429107666,0.426903999433339
485,40.7261390686035,0.927538696978057
485,27.7240505218506,0.562678945563268
485,39.0607719421387,0.902312964606059
485,26.5650520324707,0.518118704285001
485,23.307014465332,0.399178155220364
485,40.9650573730469,0.931134850394053
485,20.6345386505127,0.309824204624252
485,27.8347320556641,0.565814686957105
485,24.7229785919189,0.449165013905561
485,38.1674385070801,0.884787949507527
485,34.9920196533203,0.80930274606879
485,27.4744319915771,0.550982243380878
485,30.5729885101318,0.666794973120885
485,26.1472301483154,0.502162724893565
332,30.0173568725586,0.586190586389267
332,37.1629905700684,0.830903450001599
348,36.5912437438965,0.819644244324884
526,42.8150672912598,0.996369898895771
526,35.166862487793,0.98288965167083
526,28.6217632293701,0.938492038047905
49,34.7707862854004,0.980170773262128
525,14.799222946167,0.501794691836266
40,22.7708053588867,0.799644968130744
40,19.5143718719482,0.722386946147068
40,23.5408515930176,0.81459875610211
526,27.8516941070557,0.929359552893893
332,43.6086616516113,0.948238122922182
332,37.0425300598145,0.827800950881174
332,39.6947174072266,0.889701170445544
332,43.2350006103516,0.943900268481883
332,37.4106712341309,0.838516520008203
332,48.1691703796387,0.978893598767279
332,35.5534973144531,0.78547074638716
332,31.3111553192139,0.63618164953613
332,30.7375259399414,0.614578547413298
332,30.9356460571289,0.619471051180888
485,29.6185245513916,0.632402008663948
485,33.0517272949219,0.752092358278842
485,36.9892387390137,0.859752346796502
15,25.5729541778564,0.631646158477073
15,34.3133583068848,0.903202561319335
15,18.5803146362305,0.305990094042743
15,22.0221004486084,0.472640037945472
15,28.5569152832031,0.748811923634738
13,18.4572772979736,0.525821176049405
13,19.9111671447754,0.590091372871289
13,20.6744632720947,0.619390901768061
13,18.2550582885742,0.520744001366932
467,15.5851955413818,0.489102657628587
215,0.0108063016086817,0.0330279317968723
215,42.2383422851562,0.987536028892567
215,37.0860023498535,0.963236060146546
473,32.6319389343262,0.858937639175043
11,25.0884304046631,0.516836786802122
11,16.2539176940918,0.227123898324432
11,32.2921104431152,0.762002030627632
11,25.0079288482666,0.513190067947925
11,25.2681045532227,0.524616854209347
11,39.8411483764648,0.929474740313966
8,43.5454597473145,0.983219806162121
8,35.7538871765137,0.917426803366429
8,16.0898933410645,0.287510480825225
8,18.7629203796387,0.387847317029559
8,4.35510969161987,0.0229587460221191
8,38.2079391479492,0.948367890859271
8,16.8906269073486,0.316394064530471
8,19.2535419464111,0.40832811809081
8,19.2535419464111,0.40832811809081
11,20.2019691467285,0.345837513742783
11,44.1655349731445,0.973187304371857
11,52.4804611206055,0.997152315095734
11,42.5904273986816,0.961141717382293
11,10.8880767822266,0.0952352343933049
8,26.9187316894531,0.697563857523602
467,10.1355600357056,0.282246045691054
9,13.8733692169189,0.336953713559375
9,24.5163135528564,0.811629997829839
9,17.2318649291992,0.48381162999783
409,33.587272644043,0.922624335542125
409,13.1288461685181,0.353877521299061
409,9.36515808105469,0.252271899803393
409,17.7771167755127,0.495660088837108
409,29.8003215789795,0.855079006772009
409,36.3354873657227,0.955293817811112
409,24.3595561981201,0.709662855894561
409,19.0028629302979,0.539419646107915
409,23.3965015411377,0.6782094225588
407,6.93624782562256,0.0966767090679164
407,26.5650520324707,0.697798110540802
407,6.50463438034058,0.0911580376404076
407,21.7271423339844,0.509928494383694
407,18.8683834075928,0.405361991370974
407,35.2697906494141,0.921964498251878
407,34.6534233093262,0.913021646953805
407,34.5859756469727,0.911482741947482
409,46.2733535766602,0.996472001747615
407,34.1984062194824,0.904694822584245
407,25.3670692443848,0.652907182176597
407,23.6839027404785,0.585613795283791
407,25.5729541778564,0.658539760470133
407,26.4084606170654,0.692809454734806
407,21.899881362915,0.518731867886633
407,20.8462657928467,0.478197295990478
407,14.3029146194458,0.2528755672097
407,23.8365345001221,0.594180056535
407,15.0401601791382,0.270717101837388
408,29.496208190918,0.765687415318403
201,21.8137531280518,0.601030558293754
201,19.5287284851074,0.515073035218209
201,28.6460151672363,0.813531678465812
201,19.7988758087158,0.522652567434358
201,20.9510326385498,0.568611882785196
201,13.8952140808105,0.311092391791379
201,15.3544416427612,0.36200555605341
201,9.15982437133789,0.170418496281029
201,18.5803146362305,0.479245452101443
201,21.4643592834473,0.584437673626669
201,29.9801406860352,0.845746034590913
201,24.5578594207764,0.696392149834214
201,21.0421180725098,0.570893449233802
201,11.3099327087402,0.227744421543149
201,11.4467468261719,0.233565731696389
201,13.6080598831177,0.300872838067927
201,11.7942485809326,0.240007169101174
201,9.79425716400146,0.187894972667802
201,20.2430553436279,0.543019983869522
201,17.7771167755127,0.44700421184694
201,15.2765941619873,0.358245362487678
201,26.0245094299316,0.742025271081638
201,29.3884334564209,0.83168921946411
201,28.2536354064941,0.803475221794068
201,19.9111671447754,0.531049377184336
201,2.28402543067932,0.0549780446276548
201,15.7931690216064,0.375687785643875
201,21.2610874176025,0.577960390716014
201,30.2901954650879,0.852295008513308
201,26.9187316894531,0.765719150461511
201,29.6565647125244,0.839582399856618
201,25.0280914306641,0.708371717895869
201,33.8250350952148,0.918424590017027
201,27.1415023803711,0.773443856976432
201,11.1433010101318,0.219688144098934
201,11.4467468261719,0.233565731696389
201,29.6565647125244,0.839582399856618
201,7.20912075042725,0.12519401380052
201,30.9707775115967,0.867590285867909
201,16.8906269073486,0.415709292947397
201,25.0079288482666,0.708371717895869
201,22.8055820465088,0.634397347432566
407,25.9485282897949,0.674470449304471
407,29.6869335174561,0.801162779885442
407,26.3249473571777,0.689557297478241
407,22.0464286804199,0.523455515881872
407,26.4823360443115,0.69456222569367
407,21.6525173187256,0.506336941158968
407,7.20912075042725,0.0998405303875623
407,18.7629203796387,0.397541936323737
407,41.8103141784668,0.981163523767016
201,12.589771270752,0.264084595393852
201,29.9278945922852,0.843864145532754
201,23.9446697235107,0.675745138453266
201,26.4823360443115,0.754225289004391
201,7.29771852493286,0.127952325477193
201,17.8740081787109,0.45397257818801
201,16.8386974334717,0.414236042656152
201,15.5851955413818,0.36629447083072
201,28.5569152832031,0.811757325925262
201,22.3830986022949,0.620102159691729
201,21.3630599975586,0.581516264898288
201,10.8880767822266,0.215555157272157
201,24.2858753204346,0.68448964961018
201,23.7167320251465,0.66617618066135
201,20.050350189209,0.533771843355139
408,16.4516849517822,0.229221327807444
408,19.6999206542969,0.353107515740815
408,17.6305160522461,0.269313780186499
408,23.9338893890381,0.546859010121941
405,8.98487663269043,0.242293258772948
407,26.6199626922607,0.700689950159935
407,24.8559017181396,0.633473276054452
407,32.6509666442871,0.875992616975378
407,37.1629905700684,0.946338242951722
407,22.3830986022949,0.537421892434724
407,37.8763999938965,0.953739864613554
407,21.9244022369385,0.521016979096928
405,27.4744319915771,0.873364257450687
405,37.7473678588867,0.988265960582454
405,14.123646736145,0.422290393599136
405,4.03839778900146,0.121142512757433
405,30.9637565612793,0.935536882526227
405,13.54079246521,0.40113750693652
405,7.64140510559082,0.207657588676306
405,17.248706817627,0.542566767606411
405,0.775731980800629,0.0739346575705631
405,19.2973365783691,0.623081445035592
405,32.6509666442871,0.95570177821908
405,29.3110198974609,0.909501673821368
405,0.0107818292453885,0.0696813564457354
405,27.1237907409668,0.867008182211881
411,25.1785163879395,0.573270768721996
411,34.1753196716309,0.868924853906121
411,4.12590789794922,0.0190113608407909
411,11.7942485809326,0.0831696624818013
411,13.1753482818604,0.111198715906387
411,11.5279731750488,0.0815020346269716
411,17.248706817627,0.227041382175135
411,13.6749458312988,0.123317752674859
411,11.4467468261719,0.0794905971599914
411,23.9446697235107,0.519363236367596
411,33.4369010925293,0.853096504635884
411,12.0025415420532,0.088330839621386
411,28.3031959533691,0.700994527276907
411,31.8921031951904,0.814864069173284
411,35.2697906494141,0.890730045935384
411,28.6540908813477,0.712669938739378
411,43.7123565673828,0.978899567263679
411,20.7804183959961,0.372147186810616
411,5.41933584213257,0.0238670414628343
411,11.4467468261719,0.0794905971599914
411,38.0589256286621,0.934137773888215
411,20.4737758636475,0.362450949156507
411,19.2535419464111,0.308199607189956
411,14.1329212188721,0.132587505091609
411,24.2012519836426,0.52924499005876
411,28.4591636657715,0.705915743455519
411,24.3595561981201,0.538003565134277
411,13.5182847976685,0.119239424577649
411,27.0171222686768,0.648267643180067
411,11.1433010101318,0.0722211915775719
411,16.6817111968994,0.211090027706417
411,21.4643592834473,0.401607940086386
462,30.2901954650879,0.836146804400773
462,16.9767360687256,0.278556964623984
462,27.6298122406006,0.750426919739089
462,27.8347320556641,0.759039967152842
462,21.1068458557129,0.463275570859345
462,15.0202569961548,0.204940137920738
411,13.8733692169189,0.128428517847853
462,34.2617301940918,0.921987999589411
462,25.2084350585938,0.65657922977147
462,34.1926383972168,0.919953715368177
462,31.4139671325684,0.865475957186716
462,15.2765941619873,0.215102227447906
462,21.016149520874,0.458497802413146
462,32.5747261047363,0.889887367841512
462,24.7229785919189,0.633791513862061
462,30.3704490661621,0.838591678097851
462,24.2753219604492,0.612860782172951
411,25.766637802124,0.599297458833588
411,27.2121543884277,0.65946716567792
411,24.5578594207764,0.547364059090891
408,26.6382255554199,0.661637044711883
408,24.2012519836426,0.556569697935761
408,26.4084606170654,0.652637283812864
408,27.1237907409668,0.681335777476688
408,20.898738861084,0.405633219096198
408,30.7375259399414,0.805387742089743
406,40.2880363464355,0.972988958730234
406,31.4685401916504,0.851542912819782
406,28.9501686096191,0.784390921417264
406,30.9707775115967,0.838898856793556
406,37.8763999938965,0.95414763853077
406,40.9198341369629,0.976970839588028
406,12.6043825149536,0.201037454236756
406,36.1268844604492,0.934701642789904
406,35.6064720153809,0.927718828513752
406,23.3182277679443,0.596804197346029
406,21.7271423339844,0.534879084695504
406,23.0468883514404,0.587048853294888
406,31.4139671325684,0.849664193834158
406,32.7015991210938,0.877871383663991
406,25.6603965759277,0.680036861443485
406,20.5945072174072,0.492182126160667
406,14.4705753326416,0.263111755394221
406,36.6953811645508,0.941157676408808
406,25.0079288482666,0.657146327520263
406,26.194185256958,0.698496628735819
406,19.5143718719482,0.450649630131325
406,15.1982698440552,0.285998328560621
406,19.1213665008545,0.434763034520636
406,17.7446708679199,0.379226622623051
406,32.6699714660645,0.877129401886112
406,29.9353675842285,0.811343871586983
406,23.8906936645508,0.617716993363092
406,10.3930397033691,0.136475797795443
406,20.4062843322754,0.485823791210024
405,30.5801773071289,0.929496964397745
405,34.3819389343262,0.970818040056447
405,39.8411483764648,0.99371637743231
405,29.0055923461914,0.904164875933034
406,30.7446422576904,0.832867944406817
406,17.7771167755127,0.380603645744629
406,25.996057510376,0.692724485794746
406,24.2012519836426,0.629743171325177
406,37.9907264709473,0.955383394659051
406,34.1984062194824,0.904655341542662
406,37.6871032714844,0.95234285367248
406,27.6212196350098,0.745121337785224
406,30.8298053741455,0.835450357854379
406,34.9920196533203,0.918371442415217
406,37.4342880249023,0.94993471352506
406,23.8906936645508,0.617716993363092
406,27.5436706542969,0.742049110744081
406,28.3854675292969,0.767804592101459
406,23.4076519012451,0.600284382339777
406,27.0705432891846,0.727308494107054
406,22.4068717956543,0.566054201636849
406,29.5956592559814,0.801875022279257
406,29.0055923461914,0.786317169484745
406,22.8749027252197,0.579185430752108
406,20.4737758636475,0.489626117758581
406,23.2733268737793,0.593800623423124
406,24.6509475708008,0.645691818792735
406,24.0948429107666,0.626041183949429
406,33.539306640625,0.893331537790241
406,23.7712993621826,0.613319233039049
406,34.5352058410645,0.910868448743186
406,37.0425300598145,0.945573920264684
406,20.8462657928467,0.503027998589971
406,27.2033405303955,0.734177766687659
406,31.792236328125,0.856814680149083
406,23.2733268737793,0.593800623423124
406,22.3830986022949,0.561979903119888
411,14.0470237731934,0.129956000435559
411,20.3656425476074,0.357330101590195
411,34.9369926452637,0.884986106462007
411,30.1063404083252,0.762366055404768
411,22.4424629211426,0.452119722371218
411,31.407133102417,0.802288299987498
411,30.8863391876221,0.785611013199869
411,7.2535605430603,0.0339776654823215
411,13.2447509765625,0.112397512471921
462,21.7271423339844,0.49050511837108
462,15.736777305603,0.227849164357101
462,28.9104671478271,0.794304004180547
462,10.7434034347534,0.0993626531545403
462,28.8467464447021,0.790897977846831
462,27.6898460388184,0.753888935546784
462,28.5569152832031,0.784188572548361
462,20.2430553436279,0.422421918012747
408,25.766637802124,0.626505140671077
408,31.8522281646729,0.837382641268829
408,18.0816822052002,0.288833984219335
408,12.0008411407471,0.113046943492468
408,19.8270282745361,0.358836375229138
408,11.9767255783081,0.111912010839244
408,11.9767255783081,0.111912010839244
408,28.7747631072998,0.738362955288117
408,28.129077911377,0.717580298079222
408,33.1811256408691,0.869718657846497
408,32.0506439208984,0.842276241332589
408,26.8377876281738,0.666820753965091
408,25.0582885742188,0.594886427034351
408,37.0280113220215,0.936000637602614
408,31.7387256622314,0.832396588826014
408,31.4753475189209,0.827311707978003
408,30.9637565612793,0.812560771499163
408,21.7271423339844,0.442046704391488
408,13.6080598831177,0.147471108631545
462,27.9024772644043,0.761652809271857
462,30.4864902496338,0.840234036001232
462,34.742919921875,0.929611899629536
462,16.2539176940918,0.254453496076071
462,23.5850028991699,0.579976297789349
462,22.6776924133301,0.539010665994793
462,15.9794054031372,0.240857385478197
462,33.8427314758301,0.914354767970288
462,33.8427314758301,0.914354767970288
462,29.2254428863525,0.804232804232804
462,17.8740081787109,0.315388706923098
408,36.3354873657227,0.926439786403124
408,36.5912437438965,0.93030684625807
408,28.2866916656494,0.72287558778991
408,18.8833866119385,0.322859647724556
408,36.7348747253418,0.931747828166095
408,33.8427314758301,0.883130628835578
408,31.1383686065674,0.816947477484658
408,29.1237335205078,0.753477325257034
408,36.2594833374023,0.925470630429585
408,38.2079391479492,0.949106559336893
408,37.4861145019531,0.941471268032199
408,24.0948429107666,0.5521574878457
408,21.3630599975586,0.425602932972025
408,23.307014465332,0.516158444249621
408,24.5163135528564,0.573823224675221
408,15.0202569961548,0.1828931218618
12,17.1642913818359,0.345720995090899
12,19.2535419464111,0.429673365922439
14,10.4173717498779,0.218283606323145
12,10.4173717498779,0.141638198717517
12,32.6001777648926,0.875504776913228
408,7.29771852493286,0.0500454291862597
408,24.2753219604492,0.558960707738902
408,20.911828994751,0.408435482585479
201,20.4737758636475,0.552137288287481
201,30.9637565612793,0.867590285867909
201,35.2697906494141,0.937965767541894
201,31.4957580566406,0.878093019087732
201,34.0593910217285,0.92172775338292
201,12.4816913604736,0.263797831346895
201,19.8270282745361,0.526163634734295
201,21.5021743774414,0.587461242046778
201,34.1753196716309,0.923220718702393
201,22.7824058532715,0.63334528183529
201,31.0547847747803,0.869407653015503
17,20.9510326385498,0.581558885021266
17,18.270715713501,0.483885159176288
17,23.7712993621826,0.67576002471356
17,14.1969470977783,0.323449748175444
17,19.6857299804688,0.53475344362495
17,29.0055923461914,0.818376021227183
22,16.2357921600342,0.344963504342912
22,26.343542098999,0.70396489578436
22,51.1300621032715,0.990962754009298
22,32.6763038635254,0.861530205676891
22,28.261905670166,0.757343059176628
22,31.461727142334,0.83773798160258
18,26.1472301483154,0.762169106520849
18,57.4972991943359,0.999130672141751
18,1.81124806404114,0.0448356584639303
18,23.8906936645508,0.696945781237947
18,17.3493251800537,0.474860699853431
18,34.7707862854004,0.929019232024495
18,37.5377731323242,0.957070632146735
18,23.6729431152344,0.68903875481394
18,30.9777927398682,0.871542715744625
18,28.0622615814209,0.810247684264869
18,5.65357255935669,0.100895437363889
18,6.8427734375,0.125344912503486
18,5.41933584213257,0.0986004711578972
18,12.8457937240601,0.30588324303796
18,15.9609003067017,0.425274891556542
18,25.0582885742188,0.731858344063945
18,35.5534973144531,0.938408269592514
18,37.1293525695801,0.953440520765958
18,40.8782653808594,0.978281638490158
18,33.5092506408691,0.912634033740602
18,12.2068653106689,0.289659745669679
18,33.895694732666,0.917965713471911
18,13.0587387084961,0.314607675007863
18,25.2183952331543,0.736690086102029
18,26.5650520324707,0.77302828727577
18,12.1815347671509,0.28791070549071
18,13.3366441726685,0.324551539570736
18,20.3656425476074,0.584207606173711
18,22.4068717956543,0.654182564784211
18,5.1110897064209,0.0929557740578325
18,18.5342979431152,0.516858433073623
18,22.6776924133301,0.660592745117819
18,37.5752372741699,0.957711501830632
18,29.6869335174561,0.846327757371485
18,32.1162528991699,0.891614398205565
18,34.3133583068848,0.923680134819993
18,25.718433380127,0.750224007690436
18,21.3121585845947,0.613344924371443
18,30.716157913208,0.866840037740104
18,29.511547088623,0.842276333513331
18,21.5273342132568,0.620808385898493
18,28.3031959533691,0.815889414375656
18,30.773078918457,0.867204977421212
18,32.821231842041,0.902779178856048
18,30.4647941589355,0.860779962141217
18,23.7494945526123,0.69169866070104
18,5.87825012207031,0.107839675767412
18,27.5436706542969,0.796813156817251
18,30.2901954650879,0.857774402003311
18,14.1969470977783,0.357063808071398
18,10.048529624939,0.214498489802458
18,15.7931690216064,0.415939259795515
18,15.0202569961548,0.385627013843972
18,22.2036437988281,0.643560743171474
18,15.0600318908691,0.387404240421075
18,32.1162528991699,0.891614398205565
18,28.548791885376,0.820802748618866
18,27.6555671691895,0.801444627079118
18,26.8828048706055,0.780288510037325
18,33.6171836853027,0.914018134238463
18,29.3884334564209,0.839101654986619
18,25.2681045532227,0.738163196278209
18,34.3133583068848,0.923680134819993
18,31.6379241943359,0.883418090327022
18,10.4474697113037,0.228827564517182
18,26.371395111084,0.767837539535132
18,30.9637565612793,0.871542715744625
18,33.8545150756836,0.917965713471911
18,29.380708694458,0.839101654986619
22,5.10499286651611,0.0494697800762681
22,25.6507034301758,0.682979299340371
18,24.5578594207764,0.718527661241032
19,20.7804183959961,0.58781069597555
19,29.0055923461914,0.826981372735781
18,23.5960235595703,0.68686246817904
18,11.3099327087402,0.255767827155073
18,15.1194610595703,0.390933474166424
18,20.5945072174072,0.59041899822574
18,31.7387256622314,0.884474338509741
18,16.2539176940918,0.438294040505338
19,31.0338230133057,0.868927917705426
467,13.5070190429688,0.410153428350724
467,9.15982437133789,0.248423065183553
467,8.20672702789307,0.217900302452831
467,14.1969470977783,0.436029749400062
467,6.93624782562256,0.18077710416855
419,15.8119125366211,0.436830937509339
419,32.9275360107422,0.941143420698724
419,20.6744632720947,0.633495711425241
419,25.4163265228271,0.794668419951585
419,30.2242412567139,0.903091160853929
419,24.7844638824463,0.774902124861779
419,20.6744632720947,0.633495711425241
419,20.3112831115723,0.620724624687447
419,28.6540908813477,0.872781247820846
419,5.41667413711548,0.125515276491039
419,15.0202569961548,0.402402797286393
419,17.248706817627,0.492238725680643
419,21.899881362915,0.680388113525198
419,23.3182277679443,0.729035792913143
419,31.3660678863525,0.920669834533736
419,19.9111671447754,0.605212037894863
419,19.6999206542969,0.594865664504946
419,22.1916065216064,0.688501041012921
419,27.758186340332,0.854317962204756
419,29.8679828643799,0.896038173794368
419,20.9510326385498,0.644854208381897
21,25.0984630584717,0.747411901502222
21,13.0587387084961,0.307453911216969
21,15.5851955413818,0.395843101217156
21,30.2462558746338,0.884112263460925
21,37.9907264709473,0.979590592824591
21,13.6912078857422,0.331581365690816
21,30.5657978057861,0.889883910654339
21,42.7215995788574,0.99506760938467
21,36.2187995910645,0.966626657414527
21,19.2973365783691,0.539196564205472
21,24.2012519836426,0.719055344048311
19,34.9920196533203,0.929381631148695
19,27.7240505218506,0.79829919577263
18,35.5853042602539,0.938408269592514
18,21.9121475219727,0.6368716658458
18,29.0765781402588,0.832026869054895
18,30.9988269805908,0.871542715744625
18,10.3855056762695,0.221313664172418
22,31.5500602722168,0.839751535097092
22,31.4139671325684,0.836023611764091
22,30.716157913208,0.820641772686907
22,9.36515808105469,0.123971259373234
18,27.061653137207,0.785431785949526
18,23.8365345001221,0.695659591386237
18,18.9879817962646,0.535105417129022
18,35.5853042602539,0.938408269592514
18,18.332124710083,0.512977611098913
18,5.1110897064209,0.0929557740578325
18,14.9362773895264,0.381163178476273
18,44.563720703125,0.989774271455783
18,36.2594833374023,0.945440034179716
18,35.2859840393066,0.934714367942274
18,27.1326484680176,0.787940375383483
18,29.7172470092773,0.846674895116929
18,37.0666961669922,0.953225414043354
18,33.0369987487793,0.904870906296545
18,38.7382202148438,0.966051708689125
18,36.1320037841797,0.944275490888376
18,38.5766143798828,0.965183864325514
18,32.1162528991699,0.891614398205565
467,22.4068717956543,0.734770618305244
467,3.33538937568665,0.105823582011799
467,49.4908256530762,0.998597385067477
21,8.98487663269043,0.190126779317717
21,16.9423580169678,0.448683445546783
21,1.55864429473877,0.0689643855141501
21,15.736777305603,0.400859886348718
21,39.7963676452637,0.98765495770897
21,39.3707656860352,0.986182742259147
21,5.68328475952148,0.121448397441908
21,0.0107818292453885,0.0596856773128786
21,20.3656425476074,0.582673805817595
21,25.6603965759277,0.765153504247857
21,6.30297660827637,0.131842988691135
419,22.5957622528076,0.704742834942171
419,16.9423580169678,0.482699261827202
419,7.5993332862854,0.169945110227827
419,13.4957332611084,0.341105565683432
419,10.8880767822266,0.258298715918034
467,21.899881362915,0.717554347972026
467,0.0109108174219728,0.0667284879417185
467,14.5375719070435,0.44920287254106
467,5.4089879989624,0.144526624173491
467,21.5229434967041,0.704298876028353
467,0.0105591425672174,0.0667284879417185
467,25.766637802124,0.820553008013792
19,40.070198059082,0.972448379535685
19,40.1458015441895,0.972609887606947
19,40.0502433776855,0.972448379535685
19,25.0079288482666,0.72409659010908
19,50.1040992736816,0.997529754756206
19,43.8711814880371,0.987756445828536
19,0.0109108174219728,0.0401720268020574
19,3.11626887321472,0.0656385366540497
19,28.548791885376,0.816696621582448
19,28.0622615814209,0.806086783670292
19,31.8122577667236,0.882641609448636
19,21.3630599975586,0.608175207268691
19,34.7707862854004,0.926811996322585
19,25.0079288482666,0.72409659010908
19,27.5436706542969,0.792288196658854
19,32.4725151062012,0.894023787240034
19,17.7446708679199,0.477380587558081
467,21.7271423339844,0.71067643275728
467,20.8462657928467,0.684612141614878
467,40.2091789245605,0.984838869350939
467,28.5162563323975,0.875709698988273
19,41.3807640075684,0.978838301432038
19,11.8728370666504,0.270724798529034
19,41.0999183654785,0.977399223104765
19,33.1011428833008,0.90468124932705
19,8.20672702789307,0.165603750300239
19,21.3121585845947,0.605907882422124
19,4.91666555404663,0.0937864946122564
19,25.2183952331543,0.73156944432941
19,35.5905990600586,0.936129769664643
18,31.1591987609863,0.874993324274126
19,19.9251441955566,0.559880152728658
19,31.2767429351807,0.872197420840339
19,37.5752372741699,0.955539726844298
18,5.11053133010864,0.0929557740578325
19,23.2395668029785,0.668778005085434
19,30.0173568725586,0.848362556631356
19,19.2973365783691,0.53524188939596
19,31.9186325073242,0.884633542327538
19,30.1063404083252,0.850501503267433
19,32.4276008605957,0.892967772927934
19,31.0896625518799,0.869658845258703
19,18.4572772979736,0.506402345594143
19,29.1001720428467,0.829588278655259
19,25.718433380127,0.74497875547678
19,12.7498512268066,0.297251463925723
19,43.5549545288086,0.986752196923892
19,13.8733692169189,0.340856572550254
19,34.8097190856934,0.927174354174777
19,31.1383686065674,0.870632034918873
19,38.3288192749023,0.960881916893744
19,22.4897918701172,0.648703380074045
19,48.4736518859863,0.996036840405178
19,22.2996101379395,0.638404134606624
19,33.8250350952148,0.914272344020474
19,29.6185245513916,0.840442449290607
19,49.3245429992676,0.996900287401542
19,22.4068717956543,0.647788167670225
19,43.6872863769531,0.987046224438242
19,13.5182847976685,0.327031067526939
19,16.7342414855957,0.44314915891566
419,12.2068653106689,0.304159070758993
419,9.63165187835693,0.218578843031191
467,16.6992435455322,0.536793355525739
467,33.7599945068359,0.945245206986401
419,34.742919921875,0.960282119482383
419,30.2168979644775,0.903091160853929
419,37.5986061096191,0.979363039558491
419,32.1293449401855,0.931352918322824
419,24.8151187896729,0.775748881782772
419,21.3630599975586,0.658643395794109
419,6.50463438034058,0.146206030901647
419,24.062780380249,0.754799119372802
419,30.8014678955078,0.9126405865535
419,19.6430759429932,0.591060239283544
419,15.1982698440552,0.410137174621201
419,19.5143718719482,0.588155364952233
419,18.9879817962646,0.567536335833757
419,27.4136066436768,0.844537421674985
419,32.1162528991699,0.931352918322824
419,0.0100889941677451,0.0611976131416674
467,25.919942855835,0.823315273286138
411,36.0138244628906,0.90418096686119
411,26.6382255554199,0.634864109502857
411,25.0079288482666,0.563634017188464
411,21.0421180725098,0.385000221812653
411,33.653003692627,0.858664002226192
411,21.7643203735352,0.415886625503616
411,16.9423580169678,0.219141827010328
411,37.4106712341309,0.926030521421053
411,27.2033405303955,0.65946716567792
411,17.299108505249,0.230400835628758
411,26.2222938537598,0.616094726101703
411,35.5269432067871,0.895405251717032
411,37.4295654296875,0.926030521421053
411,22.7243175506592,0.462619526772787
411,21.8014087677002,0.422501683759684
411,33.0702781677246,0.844843057465609
411,18.7780323028564,0.286545651060466
411,33.2301559448242,0.848829635783624
411,18.7780323028564,0.286545651060466
411,32.214183807373,0.823204224926096
411,14.0470237731934,0.129956000435559
411,23.9446697235107,0.519363236367596
411,25.718433380127,0.595372383114814
411,16.8213443756104,0.214667260855713
411,16.9423580169678,0.219141827010328
411,31.0198345184326,0.791070629181673
411,13.8952140808105,0.128428517847853
411,18.2550582885742,0.270194025577015
411,18.0816822052002,0.261422343390185
411,28.548791885376,0.708751920695927
411,24.1906433105469,0.526108357497469
411,19.5143718719482,0.318660090257585
411,24.6509475708008,0.54958016914223
411,27.2385711669922,0.65946716567792
411,25.9485282897949,0.604619954266264
411,15.6801414489746,0.174010009800086
411,18.1607513427734,0.262805647753441
411,12.1561450958252,0.0930312513863291
411,12.4816913604736,0.0973888617784535
411,15.7931690216064,0.179549276689103
411,12.3825492858887,0.095060837161282
411,31.461727142334,0.804528607782801
411,37.9907264709473,0.933305976439463
411,28.261905670166,0.697983924632093
411,29.8003215789795,0.753313074444359
411,29.2254428863525,0.73189807103651
411,24.9472904205322,0.559065684775989
469,28.8227863311768,0.783645356695695
469,18.270715713501,0.393404565586067
469,35.9673461914062,0.928717653442188
469,35.0742111206055,0.916802604412858
469,45.5534934997559,0.990225588216535
469,26.1189918518066,0.700996663227085
469,23.8365345001221,0.616341886853779
469,19.8270282745361,0.453822959688743
469,27.5523052215576,0.746846491845046
469,26.5650520324707,0.715101278353614
469,23.9446697235107,0.621973947134124
469,22.3473720550537,0.556980705431714
469,18.5803146362305,0.403154512943866
469,19.6857299804688,0.44864698620119
469,19.6857299804688,0.44864698620119
469,28.548791885376,0.777262762785065
469,16.2539176940918,0.317108759225491
469,17.6305160522461,0.363968619131705
469,11.4467468261719,0.159830461530128
469,28.0873489379883,0.763552199657673
469,27.4744319915771,0.743837367488002
469,30.8014678955078,0.83723817603727
469,32.7520790100098,0.878010762599835
469,22.9668617248535,0.579208383609184
469,32.9835395812988,0.881594800960054
469,16.2357921600342,0.31218616728949
469,28.2866916656494,0.768843505437655
10,15.9609003067017,0.293397131031027
12,21.2226734161377,0.504160035664854
12,25.4163265228271,0.667020896079458
12,12.4569892883301,0.19426459381982
12,20.2430553436279,0.46846407854562
12,19.4856185913086,0.4358680607754
12,40.0142555236816,0.975231588278289
12,22.3473720550537,0.549513496140627
10,38.4177665710449,0.95924946152623
10,15.6422462463379,0.27604068789723
10,23.2733268737793,0.587815796194303
10,18.5342979431152,0.391459589169811
10,16.3980369567871,0.30851776361122
10,31.9186325073242,0.864719005835273
10,28.2866916656494,0.768873084021182
10,33.8427314758301,0.902062824349133
10,39.4475517272949,0.966732680900685
10,32.4276008605957,0.875493299796175
10,27.7496585845947,0.753482612236244
10,21.899881362915,0.534016604748206
10,19.980920791626,0.453811719694889
10,26.0245094299316,0.695443090429864
10,27.1237907409668,0.733201304865297
10,28.8147926330566,0.784706863071059
13,25.2978572845459,0.777954972620685
13,40.7833633422852,0.985549579749884
467,19.0028629302979,0.623821718422591
467,23.307014465332,0.757932114153342
467,14.2817945480347,0.436939166612215
13,35.0742111206055,0.952686264777914
13,36.1268844604492,0.960798353172827
13,34.7373390197754,0.949553713090811
13,27.5171585083008,0.834788410372407
13,30.8298053741455,0.900425538839573
13,29.2877254486084,0.872932312474065
13,16.6817111968994,0.448996362985444
13,30.8298053741455,0.900425538839573
13,39.4475517272949,0.980041170679316
13,20.7804183959961,0.62162843868742
13,21.7643203735352,0.659878115261629
13,29.511547088623,0.877724709730438
13,31.8522281646729,0.916625306135733
13,23.0468883514404,0.707834633816912
13,41.0251426696777,0.986379502534519
13,37.2920761108398,0.968300204226097
13,37.4342880249023,0.969398631441055
13,19.9111671447754,0.590091372871289
13,19.2973365783691,0.561385808320383
13,18.4572772979736,0.525821176049405
13,15.1194610595703,0.377761323970936
13,6.45483016967773,0.095099387321709
13,12.6043825149536,0.273915201419005
13,11.3099327087402,0.22585290839117
13,18.5803146362305,0.53117499166009
13,4.12451791763306,0.0615688795228758
13,35.6381759643555,0.957023018152527
13,17.8740081787109,0.501135041455457
13,20.5945072174072,0.615924753667526
13,24.4433498382568,0.752357550263216
13,21.8260860443115,0.665207521378648
13,22.3473720550537,0.682904404286307
13,14.1329212188721,0.3341171492966
13,20.1607704162598,0.597031805570246
14,16.2357921600342,0.47778196318859
14,16.6113510131836,0.495674594412044
12,10.2654371261597,0.135780453793797
16,21.016149520874,0.694789236488498
16,19.5143718719482,0.638308722911806
16,21.8014087677002,0.72393637519528
16,21.8014087677002,0.72393637519528
16,18.7477912902832,0.603189547551303
16,13.54079246521,0.381121164500996
16,2.91899490356445,0.0610656900956034
16,10.5372037887573,0.260217420901667
16,6.50251531600952,0.131527876811745
16,9.66440868377686,0.23044954113621
16,24.8559017181396,0.812630811370869
16,35.8218765258789,0.970929011683316
16,18.5342979431152,0.597289046112523
16,19.684232711792,0.644986881364615
16,15.736777305603,0.473904645866072
16,17.8900928497314,0.57237171543753
16,29.0608291625977,0.899516098884743
16,25.6507034301758,0.832069929133985
16,28.8147926330566,0.894956305829197
16,26.4454402923584,0.85036217587048
16,26.8828048706055,0.859424072292104
16,17.299108505249,0.545617545049878
16,25.718433380127,0.833941382660325
16,29.3110198974609,0.90344361294372
16,41.1743316650391,0.991374237630754
16,35.7957611083984,0.9703451920259
16,27.0171222686768,0.862156255985305
17,25.1785163879395,0.719361805413814
17,39.3517532348633,0.964842478637665
17,32.214183807373,0.88116666758607
17,22.2036437988281,0.623454712953105
17,40.7871704101562,0.973042636407266
17,21.9244022369385,0.616462651080942
17,28.2866916656494,0.801229609933968
16,20.1470127105713,0.659658523190101
16,19.2535419464111,0.627984576084624
16,23.8906936645508,0.786668143522717
16,26.9903469085693,0.860806317251755
16,23.7057952880859,0.781577605324066
16,15.9794054031372,0.490793879354706
16,28.3854675292969,0.887911240951372
16,14.0470237731934,0.400553359501376
16,16.2539176940918,0.506409324499888
17,16.6113510131836,0.417183371304688
17,12.0025415420532,0.245051771598162
17,31.4139671325684,0.867607308152717
17,29.9875907897949,0.839745251741809
17,36.350643157959,0.938627073484226
17,13.6749458312988,0.306159909972032
17,14.9403295516968,0.347989540868395
17,16.8386974334717,0.425122878247102
17,16.6113510131836,0.417183371304688
17,33.7599945068359,0.905739558796759
17,12.8457937240601,0.27158574998483
17,22.8749027252197,0.645943776651202
17,42.7249488830566,0.981547576361039
22,23.8906936645508,0.626319613625678
22,28.3031959533691,0.759646298433322
22,30.6947612762451,0.817502718772112
22,9.66440868377686,0.131764281270628
22,10.5372037887573,0.153049061370641
22,31.3523578643799,0.834708153466969
22,27.1237907409668,0.727187246228149
22,57.5603523254395,0.994847392590693
22,29.5651226043701,0.791825162770156
22,33.0826301574707,0.868701115527632
22,27.2385711669922,0.730378538559075
22,27.0705432891846,0.724181162827143
22,41.9519996643066,0.967379483599512
22,25.0079288482666,0.662706044934536
22,27.2385711669922,0.730378538559075
22,13.6749458312988,0.251086321608183
22,17.8740081787109,0.408998304625949
22,14.4705753326416,0.279779458904988
22,11.1433010101318,0.165215863382295
22,13.5182847976685,0.244428298024913
22,16.6113510131836,0.360326347632413
22,28.8227863311768,0.771490172054347
17,26.6382255554199,0.760449477870883
17,15.9609003067017,0.393324856435179
17,32.2726631164551,0.882125145495568
17,18.2690925598145,0.483885159176288
17,23.5960235595703,0.669069986815757
17,49.253231048584,0.994079502639607
17,38.9411277770996,0.961615373158205
17,20.7804183959961,0.573202888397315
17,19.6857299804688,0.53475344362495
17,14.2817945480347,0.324171020041153
17,27.5523052215576,0.783574308930532
17,35.0359077453613,0.922903898453748
17,24.60964012146,0.702629125592326
17,10.8880767822266,0.208036595927779
17,29.5651226043701,0.830608681741203
19,21.8137531280518,0.626400771925756
19,27.8347320556641,0.800148256126954
19,14.1969470977783,0.349667044899244
19,23.3518218994141,0.676035515210747
18,32.4789237976074,0.897164151648756
18,22.4424629211426,0.654182564784211
18,23.9338893890381,0.700203535464423
18,15.9794054031372,0.425274891556542
19,11.1433010101318,0.244324440726538
17,20.3656425476074,0.561389475774643
17,29.9950370788574,0.839745251741809
17,38.1494026184082,0.955248045808349
17,27.0705432891846,0.770919642315352
17,30.5153732299805,0.849547929411894
467,36.1320037841797,0.964764558507482
467,11.1991491317749,0.313735511757529
467,24.8151187896729,0.796475829283771
467,34.3190841674805,0.950705290642043
467,39.4848785400391,0.982244882066668
467,32.0572166442871,0.927145477215787
467,13.6114120483398,0.413765139424579
467,13.8733692169189,0.42603332083183
467,31.1591987609863,0.915782237542282
467,36.9308967590332,0.96980752757566
467,34.7039375305176,0.954227492147773
467,28.9501686096191,0.88244439889402
467,31.0547847747803,0.914635619974597
467,1.54722917079926,0.0767213361272253
467,24.5163135528564,0.791515209018268
467,25.996057510376,0.825039227568231
467,27.1415023803711,0.849468178900984
17,38.9067764282227,0.961615373158205
17,3.24015593528748,0.0468757757465095
19,26.4823360443115,0.76594374549641
19,27.5436706542969,0.792288196658854
19,17.299108505249,0.462631587665753
19,35.4416770935059,0.934570595592072
19,32.821231842041,0.899980950330056
19,34.5916061401367,0.924053935413336
19,17.7771167755127,0.478714064454144
19,37.3870239257812,0.953514664104624
19,19.5143718719482,0.54461556937807
19,37.7473678588867,0.9565936705401
19,27.5436706542969,0.792288196658854
19,24.8559017181396,0.720547553773905
19,28.261905670166,0.809965047996886
19,30.7375259399414,0.86308049727921
19,17.4326210021973,0.469984346140785
19,30.6375675201416,0.860071891797875
19,21.4643592834473,0.610833878595625
19,28.4591636657715,0.81495730389193
19,25.4163265228271,0.736911634378857
19,21.899881362915,0.628340939397202
19,12.4816913604736,0.291449597058068
19,22.4068717956543,0.647788167670225
19,22.4897918701172,0.648703380074045
19,24.3595561981201,0.707090618451676
19,23.7167320251465,0.686477633202746
19,25.2978572845459,0.732983675261105
18,22.7243175506592,0.661681630182589
18,29.1550960540771,0.83420908966835
18,25.4261608123779,0.742312530782514
18,26.9187316894531,0.780991686496045
18,20.3112831115723,0.582063956420862
19,28.9104671478271,0.824645717551372
19,20.3112831115723,0.57366217480971
19,29.8003215789795,0.844877709401426
17,15.0181560516357,0.352663327393988
17,35.3827972412109,0.92764939843444
17,40.946231842041,0.97380114410543
17,17.0110282897949,0.432048743083789
17,6.65173292160034,0.0971979346524931
16,44.186767578125,0.99607710111618
16,34.1753196716309,0.95910031775481
16,13.6749458312988,0.389460786010481
215,9.15982437133789,0.201482538286124
215,16.0898933410645,0.461239278148838
215,12.3825492858887,0.31493014156895
17,13.8952140808105,0.313873243709903
17,18.8683834075928,0.506872079745362
17,23.5408515930176,0.667395753460174
17,38.3644561767578,0.95723119866282
17,27.8347320556641,0.791022854526498
17,26.9187316894531,0.766436172266752
17,32.0506439208984,0.878823568351197
17,38.1132736206055,0.955248045808349
17,38.3511009216309,0.95723119866282
17,37.6963882446289,0.951563077500179
17,44.4212760925293,0.986811619786294
17,42.7917556762695,0.981721343579163
17,42.7917556762695,0.981721343579163
17,15.1194610595703,0.358073555939253
17,36.9308967590332,0.944519988746504
17,25.0884304046631,0.715720968462629
17,23.3182277679443,0.661494563568461
17,28.6217632293701,0.810112424631917
17,27.0171222686768,0.769113014888817
17,30.9637565612793,0.859454039949911
17,18.7629203796387,0.498960154901063
17,26.4177131652832,0.754535876035018
17,56.8511772155762,0.997404524567375
17,51.195369720459,0.99540620155894
17,24.0948429107666,0.686483944460687
17,29.6869335174561,0.833812342437265
17,26.0339813232422,0.744363598250192
17,33.1011428833008,0.896925699344098
17,29.6869335174561,0.833812342437265
17,38.8162384033203,0.960800322158906
17,37.880989074707,0.953135257092736
17,30.9777927398682,0.859454039949911
17,23.7712993621826,0.67576002471356
17,21.8014087677002,0.612511515525963
17,18.8983764648438,0.506872079745362
17,37.954231262207,0.954224749968281
17,13.1753482818604,0.285947748473331
17,22.0464286804199,0.618408568102958
17,13.6749458312988,0.306159909972032
17,28.3031959533691,0.803109329920508
17,22.3473720550537,0.628960099736867
17,12.4816913604736,0.261629991670206
17,35.3988761901855,0.92764939843444
17,35.0742111206055,0.923865134573057
17,36.3354873657227,0.938406416699305
17,34.8541030883789,0.921022799362302
17,32.4725151062012,0.885829421272417
17,27.061653137207,0.770919642315352
17,28.2205123901367,0.798832725607772
17,26.0245094299316,0.744363598250192
17,38.7989349365234,0.960353492169442
14,9.79425716400146,0.193935339732682
12,20.4872379302979,0.477883125029159
12,22.3473720550537,0.549513496140627
12,22.8749027252197,0.569549057317775
12,21.8014087677002,0.530416210920288
12,22.4897918701172,0.556827901527679
12,38.1674385070801,0.960364320631185
12,31.3111553192139,0.845412556309517
12,23.307014465332,0.587879133468459
12,34.1984062194824,0.906042808192549
12,29.496208190918,0.796912501879144
12,24.6509475708008,0.638260923657514
12,16.3980369567871,0.322155235424324
12,14.3660564422607,0.254806720336743
12,21.3121585845947,0.506985231225409
12,27.5436706542969,0.738760127937296
469,32.7835464477539,0.878010762599835
8,18.8082122802734,0.389010779241804
8,21.3630599975586,0.488448741213625
8,22.7243175506592,0.544258682472677
8,19.6430759429932,0.420889402224472
8,35.5853042602539,0.914475258003484
8,34.981029510498,0.905020164262017
8,32.214183807373,0.849241635274531
8,27.0171222686768,0.700920137924036
8,23.0012092590332,0.557199330193717
8,37.7288513183594,0.943282727358397
8,26.4823360443115,0.684008254178436
8,34.742919921875,0.900891866879626
8,14.3660564422607,0.229328913062914
8,26.5558815002441,0.68701899959164
8,29.8003215789795,0.789166874068203
8,23.3182277679443,0.567471142995909
8,18.0340270996094,0.36034466510894
8,18.7629203796387,0.387847317029559
8,30.9356460571289,0.817091175326386
8,10.8880767822266,0.122271058907675
8,21.2610874176025,0.484644231861225
8,22.2996101379395,0.5242116123919
8,23.7712993621826,0.584316577705503
8,10.2654371261597,0.106763062068232
8,24.5163135528564,0.616053845466122
8,25.3769340515137,0.643967273245685
8,20.4737758636475,0.457447245506233
8,28.3031959533691,0.74537816750473
8,27.2385711669922,0.710445305194382
8,23.7057952880859,0.58247654349029
8,20.911828994751,0.474071586150571
8,33.0702781677246,0.868503398566151
8,16.1812686920166,0.289209159818389
8,12.1561450958252,0.159817180579484
8,32.5810928344727,0.856833739679257
8,23.0354804992676,0.557199330193717
8,20.2430553436279,0.447802469971077
8,26.6655826568604,0.691324897124811
8,29.0608291625977,0.766750593812749
8,35.0742111206055,0.906587153347461
8,39.3976440429688,0.959426218614912
8,17.8900928497314,0.355387567022914
8,30.7375259399414,0.813788054154756
8,17.2318649291992,0.327750808865993
8,25.0280914306641,0.630101171677729
8,11.3099327087402,0.133111917090934
8,14.0685558319092,0.214997668242918
8,13.4957332611084,0.192796441231264
8,17.6305160522461,0.343516144699421
8,16.2357921600342,0.292450664611176
8,24.5163135528564,0.616053845466122
8,23.1491870880127,0.559267707459931
8,7.64140510559082,0.0577756245605302
12,25.6410064697266,0.670348924611341
12,43.2350006103516,0.990803858854267
12,23.5408515930176,0.594685522039117
12,30.5801773071289,0.826393028765156
462,40.5067138671875,0.985060142026632
462,34.399040222168,0.924386215391506
462,28.028751373291,0.765833356662281
462,24.5163135528564,0.628136576990193
462,31.8721771240234,0.875582057239906
411,30.5729885101318,0.776115415172792
411,16.2357921600342,0.194308892267611
19,23.307014465332,0.674138830681564
19,21.4137916564941,0.609187738638528
19,22.6660137176514,0.654267126067403
19,27.1326484680176,0.783181626179216
19,29.6869335174561,0.842312215807913
19,26.2222938537598,0.758404631554536
19,6.8427734375,0.130235553310087
19,39.213264465332,0.967230426464133
19,39.6127662658691,0.969679965544945
19,42.7115516662598,0.984141149771818
19,36.6508331298828,0.947253120418761
19,31.4753475189209,0.877543752122382
19,30.9777927398682,0.867849126614045
19,48.2260780334473,0.995800790147179
19,30.2901954650879,0.853839336740187
19,27.5436706542969,0.792288196658854
19,36.1320037841797,0.942028955498315
19,15.1194610595703,0.382622973901952
19,32.4211730957031,0.892967772927934
19,31.3660678863525,0.87498861161036
19,15.3544416427612,0.39337154310609
19,32.821231842041,0.899980950330056
19,30.7375259399414,0.86308049727921
19,7.9696102142334,0.157045893139634
19,8.04946708679199,0.158491183315802
19,17.8740081787109,0.485611287343565
19,42.0503883361816,0.981646057132445
19,9.3989143371582,0.197561642247198
19,26.5650520324707,0.768356013483853
19,25.0280914306641,0.72409659010908
19,19.4712200164795,0.541453738290665
19,37.6172790527344,0.955632904577719
19,32.0506439208984,0.887304637352262
19,29.8679828643799,0.845579648326528
467,33.3945465087891,0.941530559909202
467,42.1794242858887,0.990317750015888
467,40.0980949401855,0.984436076294375
467,35.6961326599121,0.961350663579183
467,16.2539176940918,0.522765416009144
467,31.3111553192139,0.917659253185869
467,31.4753475189209,0.920239814034921
467,33.587272644043,0.943032530462344
467,42.5227088928223,0.991148398808091
467,12.0025415420532,0.35064478217399
467,11.2269582748413,0.316308911841131
467,24.4850845336914,0.788697447813684
467,36.0292892456055,0.963948231246179
467,24.8559017181396,0.797981380219639
467,36.1933212280273,0.964997283384607
467,19.355525970459,0.632340344021074
17,11.7942485809326,0.235176001368072
467,8.87814235687256,0.23509688068106
467,25.0280914306641,0.801039027066798
467,17.6305160522461,0.569859980182582
19,37.4342880249023,0.954287003983866
19,25.919942855835,0.750886223775645
19,26.3342475891113,0.762475463196866
19,28.261905670166,0.809965047996886
19,35.2859840393066,0.932361248001855
19,37.917652130127,0.958231528032003
467,17.8740081787109,0.581496224038869
467,11.8728370666504,0.344452510251083
467,6.88967514038086,0.178159844396567
17,27.4223098754883,0.77933494045025
17,15.2178955078125,0.363329324735074
407,36.5364227294922,0.939531726549133
407,22.5957622528076,0.546057892583501
407,22.3473720550537,0.535399464405267
407,23.5408515930176,0.580892471918471
407,22.9668617248535,0.557385814178383
475,5.87825012207031,0.115160027987928
475,13.1753482818604,0.388493619916185
475,16.7342414855957,0.575539058525502
475,21.2226734161377,0.782667625457079
472,17.6305160522461,0.712975359711748
475,18.270715713501,0.657126254496195
472,14.799222946167,0.565149715688982
472,4.34211015701294,0.0797116408003067
472,18.0816822052002,0.736231759725689
472,18.8683834075928,0.771069175645497
475,14.799222946167,0.470881962854828
475,15.5851955413818,0.510172477841647
475,4.91834735870361,0.0921938149067044
475,31.6379241943359,0.981484106109454
472,22.3830986022949,0.881623669260899
472,15.7931690216064,0.621443565402258
472,24.7024307250977,0.927859262694802
472,23.7712993621826,0.911349116772607
472,17.248706817627,0.693359105861284
472,16.0888118743896,0.639564404957548
472,21.714729309082,0.863318918947902
472,4.09789562225342,0.0757176138785599
472,16.0888118743896,0.639564404957548
472,33.6827926635742,0.992124008396625
472,11.3099327087402,0.362816783599235
472,14.3660564422607,0.547651920741434
472,3.25772929191589,0.0622728259791371
472,20.7804183959961,0.835216497277531
472,18.0340270996094,0.733305809274357
472,21.3630599975586,0.852775953266293
472,19.4712200164795,0.790224312144276
472,18.2079830169678,0.739961984627634
472,20.1470127105713,0.813391169602715
472,19.6857299804688,0.799706171734043
472,18.8983764648438,0.771069175645497
472,10.1421060562134,0.301308018348181
472,15.1194610595703,0.583993866066857
472,23.3965015411377,0.903565884822537
472,9.92227363586426,0.288806376287844
472,12.1561450958252,0.417806100153616
472,5.65357255935669,0.113758723026646
472,23.6839027404785,0.908720211685035
472,24.0948429107666,0.917839611589059
472,28.0873489379883,0.967008125852866
472,20.1470127105713,0.813391169602715
472,35.3290824890137,0.994990442538612
472,14.4705753326416,0.55055696005705
472,23.092435836792,0.897129008302793
472,18.3331737518311,0.748895329042082
472,18.3331737518311,0.748895329042082
472,11.2269582748413,0.351144616588965
472,12.9645881652832,0.458873425967877
472,35.3827972412109,0.995126096829282
472,29.6869335174561,0.977884597339996
475,16.6992435455322,0.574672268230569
475,23.7494945526123,0.867375863247047
475,4.62334871292114,0.0854221089709066
472,21.1197605133057,0.847144959746064
472,19.5287284851074,0.793431222470356
472,16.3980369567871,0.655703512266526
472,11.3099327087402,0.362816783599235
472,17.2318649291992,0.693359105861284
472,18.0340270996094,0.733305809274357
472,15.7931690216064,0.621443565402258
475,21.8014087677002,0.808548253066961
472,15.1194610595703,0.583993866066857
472,13.8733692169189,0.517100215277461
472,24.5163135528564,0.926090395086419
472,15.6422462463379,0.609471135930425
472,27.061653137207,0.957711785569708
472,10.7725086212158,0.330681729833488
472,23.9446697235107,0.915771017702081
475,16.8213443756104,0.579679063806806
475,23.307014465332,0.85581890796358
472,19.6857299804688,0.799706171734043
407,24.0948429107666,0.604143420367477
473,27.4397029876709,0.715968450188342
473,13.1753482818604,0.197910813510645
473,32.6319389343262,0.858937639175043
473,23.5408515930176,0.582095065659403
473,34.5012702941895,0.896419949636844
473,30.5657978057861,0.809371813281721
473,33.3702964782715,0.874791887785894
473,33.9894371032715,0.886245863769745
473,17.4326210021973,0.349387889950261
473,18.1607513427734,0.375222419928826
473,33.5092506408691,0.877600101974985
473,32.0572166442871,0.846275311648041
473,28.5569152832031,0.753272564566814
473,24.5163135528564,0.621606470208737
473,15.3544416427612,0.272108020644732
473,25.6894397735596,0.658303157062288
473,36.0870552062988,0.921665261909221
477,40.3547515869141,0.99472112558354
477,18.3175849914551,0.670905135150712
477,45.5203895568848,0.997889170652988
477,18.5342979431152,0.674986312028125
477,15.6801414489746,0.550033139300328
477,8.6971492767334,0.255734539795977
477,17.7446708679199,0.64117702149732
477,16.9423580169678,0.609811754365743
477,23.9446697235107,0.855053383090312
477,22.3830986022949,0.812305486715463
477,13.6080598831177,0.460023917929802
477,22.9668617248535,0.826404097746528
477,15.5851955413818,0.546013198086566
477,21.6150684356689,0.787305126505677
477,16.6113510131836,0.596176012909919
477,18.9879817962646,0.695375986974814
477,5.41933584213257,0.166755518413924
475,10.7434034347534,0.271143491837103
475,11.4467468261719,0.308282695971439
475,18.0340270996094,0.641669488832429
475,16.7342414855957,0.575539058525502
475,28.8227863311768,0.960192543813191
475,28.6298503875732,0.95872079058436
475,21.7271423339844,0.80188023374992
475,11.8728370666504,0.324353375931874
475,13.5182847976685,0.406975200249445
475,11.3099327087402,0.299329841307257
475,15.0202569961548,0.480976862219132
475,19.4856185913086,0.70869057973501
475,17.3493251800537,0.606788265956923
475,17.5484008789062,0.614936989865565
475,23.0468883514404,0.847902919486968
475,21.3630599975586,0.787885524005317
475,14.1969470977783,0.440716616265521
475,2.56114840507507,0.0563078015602225
475,23.9338893890381,0.875011375690187
475,33.9660530090332,0.990450387817792
475,36.8918838500977,0.995848059568335
475,29.6869335174561,0.968782122338275
475,21.8014087677002,0.808548253066961
475,12.3825492858887,0.349247115796321
475,14.1969470977783,0.440716616265521
475,14.3660564422607,0.454863499177221
475,20.8331184387207,0.770079771561222
475,18.8833866119385,0.68579299376836
475,18.9879817962646,0.689232554912881
475,15.1194610595703,0.488362482451599
475,14.3660564422607,0.454863499177221
475,15.9794054031372,0.53739506392019
475,22.3473720550537,0.825063517378325
475,11.5279731750488,0.314297265806242
475,25.0884304046631,0.901135181988665
475,13.8733692169189,0.427309712676174
475,11.8728370666504,0.324353375931874
475,13.54079246521,0.406975200249445
475,11.4467468261719,0.308282695971439
475,21.8137531280518,0.808548253066961
475,14.6154308319092,0.465801318535736
475,13.8733692169189,0.427309712676174
475,17.2318649291992,0.597686221913234
475,18.4572772979736,0.662831256368522
475,23.307014465332,0.85581890796358
9,29.2488269805908,0.928198662767266
475,23.5850028991699,0.862946430569501
475,15.9609003067017,0.53739506392019
472,25.3769340515137,0.937627980171954
475,16.3980369567871,0.558406150182981
472,16.7342414855957,0.672438855034892
472,14.9403295516968,0.568797904596965
472,14.3029146194458,0.54183487173163
475,25.1785163879395,0.90396903425239
475,26.4823360443115,0.92872551988769
475,22.6776924133301,0.836812926961355
9,28.7747631072998,0.918505275558817
9,19.2973365783691,0.582357621916562
9,17.3827037811279,0.493463680800273
9,17.2318649291992,0.48381162999783
475,16.540620803833,0.56053433668164
475,15.9794054031372,0.53739506392019
472,22.5840225219727,0.886510440822826
472,17.7446708679199,0.716841775087331
472,8.20672702789307,0.206999868635173
475,18.2079830169678,0.649279639081053
475,15.0600318908691,0.48329601112356
475,15.7931690216064,0.524301458027806
473,17.7771167755127,0.358723023454247
473,8.08908367156982,0.0759401469272232
30,37.4295654296875,0.934951134601775
30,31.0338230133057,0.843037550061977
30,29.8679828643799,0.821020507512876
30,31.2767429351807,0.845823430027777
30,43.1213531494141,0.977537053021718
473,16.0898933410645,0.297781263657364
475,19.4856185913086,0.70869057973501
475,12.0025415420532,0.331618152766941
8,19.9251441955566,0.435301594051966
8,31.9979648590088,0.844139557473583
8,24.1906433105469,0.598560834696545
8,28.0622615814209,0.737305213712181
8,34.1058616638184,0.88848039511805
8,40.0342597961426,0.964315659500642
8,32.7835464477539,0.861851245979833
8,31.3111553192139,0.827980360081285
8,32.1162528991699,0.847689144160579
8,30.7446422576904,0.813788054154756
8,17.3493251800537,0.33430751647332
8,20.898738861084,0.471772449504773
8,25.1785163879395,0.638488248185941
8,22.0221004486084,0.516766904030678
8,24.4850845336914,0.61163800498247
472,15.8119125366211,0.624012954180485
472,14.1329212188721,0.52574562943859
472,15.0202569961548,0.575957555756326
472,11.3099327087402,0.362816783599235
472,15.0202569961548,0.575957555756326
472,12.1561450958252,0.417806100153616
8,26.6382255554199,0.689846104032611
8,11.5279731750488,0.141844528586375
8,23.092435836792,0.558332588298687
8,19.2535419464111,0.40832811809081
8,24.4850845336914,0.61163800498247
8,22.7824058532715,0.545884871608381
8,22.1554393768311,0.521232279250262
8,26.6199626922607,0.689846104032611
8,13.5856800079346,0.199366438645793
8,16.2357921600342,0.292450664611176
8,26.1472301483154,0.672831526322275
8,30.1727638244629,0.799192221355029
8,19.1802577972412,0.403780587699438
8,29.6185245513916,0.783122428120266
8,22.2036437988281,0.522483937455751
8,33.664924621582,0.880675653798106
8,14.1969470977783,0.220299093151883
8,29.3110198974609,0.773896885594091
11,8.66046810150146,0.0562507885203453
215,25.766637802124,0.785957992336987
215,24.8559017181396,0.760572815983516
215,23.2733268737793,0.71409409762817
473,36.3758773803711,0.925876932842189
473,31.407133102417,0.831358868702004
473,10.8880767822266,0.133987846246696
525,39.4641532897949,0.984542704837969
475,22.0221004486084,0.814402444318794
475,20.6744632720947,0.762359221171763
475,12.8696527481079,0.370986992178001
475,8.20672702789307,0.179755299579734
475,23.2733268737793,0.853215553291192
475,23.7494945526123,0.867375863247047
475,23.7494945526123,0.867375863247047
475,17.8740081787109,0.635264788770217
475,23.2733268737793,0.853215553291192
475,18.3331737518311,0.659581165735974
475,14.3029146194458,0.449666487142113
475,22.0221004486084,0.814402444318794
475,23.307014465332,0.85581890796358
475,11.3099327087402,0.299329841307257
475,18.270715713501,0.657126254496195
475,19.6857299804688,0.720481016397405
475,13.8733692169189,0.427309712676174
475,23.6729431152344,0.864850087052003
475,24.4433498382568,0.886187898055913
475,30.3995342254639,0.973794139542794
475,29.9875907897949,0.9710415954909
475,21.8014087677002,0.808548253066961
475,27.4917697906494,0.943813787784075
475,34.399040222168,0.991591686571016
475,21.8014087677002,0.808548253066961
475,14.3029146194458,0.449666487142113
475,25.0079288482666,0.899045038781779
475,11.3099327087402,0.299329841307257
475,15.736777305603,0.517216454395044
475,26.6655826568604,0.932280702801329
475,15.0202569961548,0.480976862219132
475,6.88967514038086,0.138596187614596
475,7.20912075042725,0.147651982950638
475,14.0685558319092,0.432587286976215
475,18.1607513427734,0.647026133503608
475,18.4108638763428,0.661253578680241
475,21.1197605133057,0.780452909118306
475,12.0025415420532,0.331618152766941
475,12.9645881652832,0.377233551497936
475,10.7536916732788,0.274339874293029
475,11.5121698379517,0.314297265806242
475,7.39795732498169,0.152019502035689
475,18.2550582885742,0.657126254496195
475,11.5279731750488,0.314297265806242
475,25.996057510376,0.920529801324503
475,11.7909107208252,0.318379087229538
475,10.4173717498779,0.263893633939987
475,18.8833866119385,0.68579299376836
475,12.4622116088867,0.35448590085769
475,18.5803146362305,0.668040203553989
475,16.6817111968994,0.574672268230569
475,15.0401601791382,0.480976862219132
475,28.3031959533691,0.955238710466679
475,12.1198997497559,0.334710102657212
475,16.3980369567871,0.558406150182981
475,12.4074182510376,0.350582360742903
475,10.2039737701416,0.252552257309907
475,18.8833866119385,0.68579299376836
475,17.6305160522461,0.619297049481642
475,11.8728370666504,0.324353375931874
475,4.04469108581543,0.0756882479050081
475,21.6150684356689,0.79777230418521
475,27.2121543884277,0.941252206137949
475,23.2733268737793,0.853215553291192
475,20.1882495880127,0.73943851085129
475,30.7375259399414,0.976304996799888
475,25.6410064697266,0.911283789529591
475,17.3493251800537,0.606788265956923
475,13.1288461685181,0.386080481702669
475,18.7629203796387,0.675982300172015
475,11.5279731750488,0.314297265806242
475,17.9061584472656,0.637069234315348
475,18.3175849914551,0.659581165735974
475,19.2535419464111,0.700927510372392
475,12.1815347671509,0.343324297429915
475,26.8377876281738,0.933761407392931
475,19.6857299804688,0.720481016397405
475,23.9338893890381,0.875011375690187
475,9.76196956634521,0.23870375315722
475,19.5287284851074,0.712667222645754
475,15.6801414489746,0.514909986587875
475,24.4850845336914,0.887579834966708
475,6.50463438034058,0.130978577896997
475,7.64140510559082,0.164018057882495
475,17.3827037811279,0.608740408987765
475,20.5945072174072,0.758666038082081
475,6.45483016967773,0.125476473580799
475,18.6414394378662,0.669767070621777
475,20.911828994751,0.7732604891323
475,16.0898933410645,0.542124367250544
475,7.20912075042725,0.147651982950638
475,15.9794054031372,0.53739506392019
475,19.2535419464111,0.700927510372392
475,5.42091417312622,0.104945777120018
475,3.62298154830933,0.0701510840846262
475,20.5945072174072,0.758666038082081
475,4.57392120361328,0.0852662060693223
475,11.4467468261719,0.308282695971439
475,25.718433380127,0.914816594036304
475,14.4610624313354,0.457557859371107
475,22.7243175506592,0.838044485289181
475,15.0401601791382,0.480976862219132
475,27.9278087615967,0.95033858529679
475,27.9278087615967,0.95033858529679
475,14.3660564422607,0.454863499177221
475,18.8833866119385,0.68579299376836
475,28.8467464447021,0.960192543813191
475,18.2699966430664,0.657126254496195
475,9.3989143371582,0.222083310333304
477,25.1785163879395,0.881766540833381
477,26.4084606170654,0.904767736729871
477,12.2068653106689,0.401138623134113
477,30.4647941589355,0.956706385799089
477,30.8298053741455,0.960429153939254
477,9.37763786315918,0.283701227594951
477,9.37763786315918,0.283701227594951
477,23.7167320251465,0.848236412886865
477,23.7167320251465,0.848236412886865
477,17.299108505249,0.624086868192035
477,7.97139406204224,0.231571667339058
477,26.371395111084,0.903642081148061
477,27.4744319915771,0.921175292490346
477,29.380708694458,0.946008155149559
477,6.88967514038086,0.200991657541352
477,23.9338893890381,0.855053383090312
477,36.8576698303223,0.989172093827445
477,21.4137916564941,0.779767736729871
477,22.5840225219727,0.818484885597372
477,14.1329212188721,0.48105296524696
477,16.6237964630127,0.596176012909919
477,4.35752391815186,0.14288261483488
477,14.3019876480103,0.493570255316696
477,10.8880767822266,0.340526122413694
477,29.380708694458,0.946008155149559
477,24.062780380249,0.857821595297101
477,25.718433380127,0.891834404357098
477,32.7015991210938,0.973558800645496
477,33.6827926635742,0.978549507233012
477,29.6337509155273,0.948767362111694
477,22.1916065216064,0.805108495187597
477,23.6729431152344,0.846019321652931
477,17.2318649291992,0.619755345513227
477,19.6430759429932,0.71790710910034
477,11.8728370666504,0.381554017059535
477,16.5583381652832,0.592148867500432
9,22.0585784912109,0.712339950602995
525,29.1629257202148,0.92141261267575
525,28.8147926330566,0.91703985182884
525,33.1011428833008,0.956467477717552
525,33.8486251831055,0.960719615326429
525,24.2012519836426,0.841697836093236
476,28.5569152832031,0.819560410588548
473,24.7332420349121,0.626074379305321
473,10.4173717498779,0.124730754823001
473,20.8462657928467,0.48108129903644
473,18.7477912902832,0.394782366652099
473,19.2535419464111,0.418965005931198
473,14.4705753326416,0.241298308047699
473,27.5436706542969,0.720611953965578
473,19.8270282745361,0.440570955859399
473,12.9645881652832,0.191170579176292
473,25.766637802124,0.664063963289005
473,23.4521751403809,0.579931999334041
473,26.1189918518066,0.675886037751556
9,27.4136066436768,0.891212913493236
9,15.6422462463379,0.409313092273192
525,27.1237907409668,0.895248825860814
525,15.2765941619873,0.526088144588852
36,30.1727638244629,0.9044529548048
36,34.9369926452637,0.968368546630243
525,19.2973365783691,0.6958943286525
525,15.0202569961548,0.51071238804024
525,24.8151187896729,0.853788799492169
473,29.6337509155273,0.783777913050717
473,10.1421060562134,0.117570393956421
35,16.9767360687256,0.447901953170007
35,16.8213443756104,0.440963228171394
35,14.7382593154907,0.351762632448141
35,15.8866176605225,0.400628155178226
35,3.30391144752502,0.0590858464519047
35,6.45600175857544,0.102728122319565
506,24.0948429107666,0.662264055761164
137,12.4816913604736,0.396597828538291
137,15.736777305603,0.539534492448568
137,9.63165187835693,0.278708506502572
139,31.3523578643799,0.941090237340264
139,23.8473796844482,0.768375019655572
137,15.5278930664062,0.529962305486646
137,16.6817111968994,0.588727085279809
137,17.4326210021973,0.621621186249557
137,21.2226734161377,0.768321931906455
137,23.5850028991699,0.842073234031738
137,15.736777305603,0.539534492448568
137,17.7446708679199,0.630579450225702
137,19.6857299804688,0.713331973037505
137,12.6043825149536,0.40149131379519
137,32.821231842041,0.980741074848488
137,12.8457937240601,0.408981890166851
137,23.307014465332,0.835511596521938
137,31.8389167785645,0.974431808012142
137,19.8691577911377,0.720169249438878
137,32.4725151062012,0.978552072482289
137,23.6839027404785,0.84396869887704
135,26.8377876281738,0.857368464799269
135,22.0464286804199,0.718822209292661
135,23.5850028991699,0.769549497132408
135,27.6555671691895,0.877325243121935
135,7.9696102142334,0.196409276036905
135,19.2535419464111,0.613024686227246
135,16.2539176940918,0.494439364973818
135,21.4137916564941,0.693824287257917
135,26.8107166290283,0.857368464799269
135,10.60133934021,0.273306458316017
137,9.76196956634521,0.290539500485053
421,19.6857299804688,0.88530299257923
92,12.1500082015991,0.395562678419392
108,16.2357921600342,0.324567622919333
108,11.2269582748413,0.160623228839919
108,5.1110897064209,0.0520147597588039
99,9.12752342224121,0.129387437226415
114,17.8740081787109,0.736308607041799
114,11.9767255783081,0.425100290125004
105,16.9767360687256,0.611752088618133
105,28.9501686096191,0.945725311211448
114,8.54942226409912,0.241645474408109
114,13.54079246521,0.514192843583223
114,18.0340270996094,0.742017085139153
115,20.4737758636475,0.717742000016004
115,23.0354804992676,0.803515271787403
99,7.20912075042725,0.0931555531684436
99,22.4068717956543,0.625220434872125
116,41.2372970581055,0.981552184730391
116,40.228931427002,0.977123103910845
428,21.7643203735352,0.853388010836048
113,14.799222946167,0.636786092151941
116,8.08908367156982,0.15786583198615
109,20.6744632720947,0.66269495106369
109,9.92227363586426,0.197868081222677
109,37.6592102050781,0.991085070013463
116,18.0816822052002,0.525406161501508
116,25.1785163879395,0.762948440133457
116,40.9198341369629,0.980327680895218
107,23.9446697235107,0.676941614899329
108,16.1812686920166,0.321393528447218
110,21.016149520874,0.576978285609713
99,23.0354804992676,0.647247137703539
490,12.7498512268066,0.379990033026159
490,20.4737758636475,0.757419060570483
490,20.3112831115723,0.750484411821845
490,14.573037147522,0.475037798481303
111,19.1213665008545,0.884696893950921
108,34.399040222168,0.919021079411629
111,27.5523052215576,0.974025691742561
423,0.802913010120392,0.144572766685516
108,25.0984630584717,0.680588634283293
108,28.2205123901367,0.783972798493293
108,23.1491870880127,0.605101819067835
108,26.0339813232422,0.716032689221908
490,15.2765941619873,0.508129840950748
490,17.4326210021973,0.618205775776875
490,16.0898933410645,0.550203985100219
490,15.736777305603,0.526426839878031
490,2.55268692970276,0.0853561503830528
490,21.714729309082,0.802991781469875
490,12.9645881652832,0.393796825772229
490,18.5803146362305,0.671495299473778
490,21.3630599975586,0.78924411483981
490,23.5960235595703,0.861899975504895
490,12.8696527481079,0.387789612386077
490,12.2068653106689,0.36391448674308
490,11.3099327087402,0.320689917307903
490,19.355525970459,0.705306991240888
490,31.9517345428467,0.980528925340609
490,12.1815347671509,0.361638975935671
490,23.2733268737793,0.852855369073663
490,6.93624782562256,0.170063602807646
490,0.0100715234875679,0.0548453852066458
490,17.8740081787109,0.639367857354022
490,14.0826921463013,0.445623400427397
490,20.1470127105713,0.739030838492791
490,0.0102601526305079,0.0548453852066458
490,26.2876930236816,0.922102186821633
490,14.3265647888184,0.461705703980877
490,18.0340270996094,0.645846390350618
491,8.08908367156982,0.237405219942117
491,13.7193269729614,0.514788308167782
491,12.3825492858887,0.438080302772358
494,5.65357255935669,0.195935921064053
491,11.9767255783081,0.416141747750815
494,12.4074182510376,0.527310860757909
494,11.1991491317749,0.451591577527963
494,5.41933584213257,0.191842168477701
494,6.49896621704102,0.225026191538367
494,18.5342979431152,0.815177567527741
494,23.3965015411377,0.930958297418796
494,13.2447509765625,0.57278219742465
494,9.35508728027344,0.36681476576993
494,28.3031959533691,0.97789010252549
494,14.3660564422607,0.637809882738615
254,30.1358947753906,0.946623877443947
254,15.0600318908691,0.550561469381166
254,12.1561450958252,0.411148114077998
254,21.1197605133057,0.806003943993621
254,4.04469108581543,0.106057801634099
494,14.6607027053833,0.648703342221971
494,19.4856185913086,0.844965269717333
494,23.0354804992676,0.92598846563004
494,25.0280914306641,0.951452293046475
494,15.8866176605225,0.709320352288807
494,33.6171836853027,0.994373108809441
494,21.899881362915,0.906098036088811
494,14.3029146194458,0.632725999164293
494,11.9767255783081,0.502825052635404
491,12.8696527481079,0.461691832218017
491,13.5182847976685,0.50142743023271
494,15.1194610595703,0.670687076216872
254,18.7780323028564,0.722883652188193
491,15.3544416427612,0.604677125757913
491,15.8866176605225,0.631978365919776
254,18.270715713501,0.707312253239461
254,10.5372037887573,0.32934851738405
491,19.8691577911377,0.81962978483781
491,27.4136066436768,0.973340448658347
491,14.0685558319092,0.52928851115098
490,11.8728370666504,0.344146092186061
490,22.3830986022949,0.827236867667306
490,4.12451791763306,0.107984559637135
490,9.63165187835693,0.251404245255129
490,16.6817111968994,0.581510418866299
490,16.9767360687256,0.593839058712233
490,16.6817111968994,0.581510418866299
490,15.8866176605225,0.539095032561597
490,27.2385711669922,0.938198004915914
490,24.9472904205322,0.894770717368719
490,13.5808725357056,0.422761865344494
490,0.0108063016086817,0.0548453852066458
490,21.899881362915,0.811389379260248
91,36.7939338684082,0.982282301566915
490,17.8900928497314,0.639367857354022
490,21.451732635498,0.792195352687282
490,20.6744632720947,0.763671225008658
490,9.3989143371582,0.247696193122788
490,16.8213443756104,0.586205032477131
490,17.6305160522461,0.624233260974229
490,13.6749458312988,0.430574959245213
490,16.5583381652832,0.571823871747008
490,18.3331737518311,0.663129798717808
490,23.8473796844482,0.869807671191222
490,32.2402000427246,0.981692865167116
91,8.04946708679199,0.298856922681736
91,27.4223098754883,0.915380169535063
91,29.380708694458,0.939442589262779
91,23.9338893890381,0.850520164397637
108,0.0108063016086817,0.0166936296406864
108,4.35510969161987,0.0430324675182137
108,16.9767360687256,0.353957630448478
108,23.8365345001221,0.633381113040348
93,25.6894397735596,0.794174652921239
93,18.7780323028564,0.486484670758048
93,42.1063232421875,0.9953879589787
108,31.3111553192139,0.864863915638452
108,20.5275535583496,0.500273288216997
254,15.2765941619873,0.564849748316427
254,17.5803203582764,0.671171967306881
490,17.6305160522461,0.624233260974229
91,22.5840225219727,0.814551759568456
92,24.7844638824463,0.874843491761406
128,6.50463438034058,0.106353702519229
93,21.9244022369385,0.646310535137841
254,13.1753482818604,0.457579801853983
254,12.7498512268066,0.431389958542142
487,19.4856185913086,0.60059700789996
128,14.4705753326416,0.433479889706475
254,21.714729309082,0.822123661039216
254,11.2269582748413,0.355417285380086
254,28.3031959533691,0.93185408058606
249,16.9423580169678,0.389399586466661
249,28.3031959533691,0.803163398348501
249,4.12451791763306,0.0402075568608342
487,16.1812686920166,0.44999830024032
486,25.1785163879395,0.80726736016182
486,27.0171222686768,0.856566568078447
486,11.3099327087402,0.274426394366897
486,17.299108505249,0.508132094193492
94,27.7496585845947,0.855190221405769
94,16.0898933410645,0.403254606999942
94,2.42939710617065,0.0439503619441572
94,5.10920238494873,0.0733266104427473
94,19.2535419464111,0.545180393995645
94,17.6305160522461,0.469782319654178
94,31.3660678863525,0.924184421306853
94,19.4712200164795,0.552750069048797
94,23.6839027404785,0.727970222305009
94,1.60465109348297,0.0376460462337896
94,20.3097877502441,0.593190182866906
94,34.2157020568848,0.958589991457219
94,20.7804183959961,0.610523036605497
94,23.5408515930176,0.72347402159461
94,20.5945072174072,0.603608522227289
94,36.4362678527832,0.976330714831682
94,13.54079246521,0.297259886824205
94,25.6603965759277,0.796354223538253
94,10.6738014221191,0.195713193779827
94,35.2859840393066,0.967739759902882
94,42.317684173584,0.995863495346432
94,22.4068717956543,0.684424518424788
94,26.2876930236816,0.815042360633836
94,19.6999206542969,0.564379171029052
94,6.14724826812744,0.0866032488261705
94,33.1011428833008,0.947738089885475
94,29.1237335205078,0.884852299806663
94,21.0421180725098,0.622974301001368
124,21.0421180725098,0.745114012385285
128,13.54079246521,0.381821455638031
128,36.1320037841797,0.995820993394213
128,34.1753196716309,0.991999419507764
128,30.8863391876221,0.97660562539976
128,14.3029146194458,0.42549543399857
129,20.3112831115723,0.702317438338568
129,19.9111671447754,0.686828728353761
254,16.2539176940918,0.618582138468411
9,12.4816913604736,0.278028666797565
9,10.1421060562134,0.19825973730714
33,34.181095123291,0.936898470235785
405,0.0107818292453885,0.0696813564457354
201,16.2539176940918,0.397118021328076
247,9.15982437133789,0.314276280646559
247,19.6002998352051,0.718754074641116
35,23.1491870880127,0.712414172751209
418,0.0108063016086817,0.10255567149365
239,23.5850028991699,0.851156641504782
239,18.7477912902832,0.679332306276706
17,25.1785163879395,0.719361805413814
254,36.2594833374023,0.977756933649335
254,34.4502372741699,0.971181291497869
254,29.7172470092773,0.943658228041878
254,45.3620681762695,0.994568310832344
249,29.2254428863525,0.825848467687769
249,39.3768005371094,0.970328324399784
249,21.6150684356689,0.575186682646087
249,35.3505897521973,0.937081034096746
249,35.7957611083984,0.94149293437463
249,38.1629295349121,0.96280175422423
249,33.9133148193359,0.918136202604997
249,28.4264507293701,0.805580066112655
249,31.6379241943359,0.879199536421225
249,24.4850845336914,0.683179465567423
249,28.2205123901367,0.798231288933374
486,36.7496604919434,0.982732085398938
486,27.7144412994385,0.875388824416739
486,40.443115234375,0.993054214598576
486,19.9111671447754,0.618398588282978
244,19.9111671447754,0.585893930294066
244,4.55001449584961,0.0777038747486655
244,26.5558815002441,0.839683066673133
244,18.8683834075928,0.540013951631856
244,25.8147010803223,0.818300512181565
486,21.8014087677002,0.693062435594235
486,16.6113510131836,0.480775297246349
486,12.7498512268066,0.323215135808936
486,18.4572772979736,0.557314678683341
94,18.8833866119385,0.530978822894654
125,19.9111671447754,0.661577757265859
125,24.5659847259521,0.818022651019003
125,36.1524696350098,0.982379284915437
125,30.2901954650879,0.932354621774867
127,23.8365345001221,0.762979280115396
94,27.4744319915771,0.847260850295786
94,26.194185256958,0.813003012454476
94,15.2178955078125,0.366755091947305
123,24.0948429107666,0.79992403152211
123,13.1753482818604,0.358551983113842
123,25.8147010803223,0.850515191291512
246,24.2330379486084,0.694765315656004
246,20.806791305542,0.55145437558393
246,27.1326484680176,0.803320727855141
246,30.4864902496338,0.892827334608711
246,24.4433498382568,0.703396360724296
246,24.7332420349121,0.714684343996085
246,33.6171836853027,0.946558704453441
94,31.3111553192139,0.923323720028005
246,21.8137531280518,0.595908706677937
246,23.4076519012451,0.662063442630244
246,10.8880767822266,0.165680473372781
246,21.8260860443115,0.595908706677937
246,21.1068458557129,0.563076923076923
246,25.2183952331543,0.735256484406282
246,12.8696527481079,0.223462205810384
246,16.3980369567871,0.356547581972683
246,37.9907264709473,0.982695199537305
246,20.5275535583496,0.537810205988344
246,24.7229785919189,0.714684343996085
246,19.980920791626,0.512826444810251
246,4.90483331680298,0.0515175512746363
246,23.2733268737793,0.654405837077902
246,18.8983764648438,0.465517640254482
246,12.0796165466309,0.199692129732616
246,11.1152610778809,0.169495929172043
246,5.17424154281616,0.0571037060105886
127,27.0171222686768,0.858272858404804
125,38.3955764770508,0.990364281911906
125,25.9675559997559,0.854179791852861
125,18.6414394378662,0.606918377214188
125,9.66440868377686,0.249674007003355
125,32.9337692260742,0.961317939626585
125,28.8147926330566,0.909723137932887
125,21.7271423339844,0.72635146684639
125,26.9187316894531,0.873761348707505
125,11.8728370666504,0.324012619713908
125,29.5038795471191,0.921468653392525
125,20.050350189209,0.664476286756626
125,9.09027671813965,0.226842287762687
126,16.5583381652832,0.527328241296226
129,20.2430553436279,0.699746215575709
129,1.48451507091522,0.0739517260463358
129,16.8906269073486,0.554429060416198
129,20.2430553436279,0.699746215575709
129,0.0102877682074904,0.0628269883638173
129,18.7780323028564,0.636342101834634
129,27.2385711669922,0.905542018711352
129,32.214183807373,0.968924597923425
129,31.4139671325684,0.96250192464853
129,14.1969470977783,0.434074731275996
129,27.7240505218506,0.914699577169523
129,13.54079246521,0.405720216938845
129,20.7804183959961,0.717322698147277
130,15.6801414489746,0.533787825055973
130,20.1882495880127,0.718222189288039
129,14.7260837554932,0.457787477886731
247,31.5500602722168,0.957941291519279
247,13.8733692169189,0.504042043987197
245,19.2973365783691,0.686360903265059
245,29.7777061462402,0.952460184726303
245,31.461727142334,0.969264651063812
245,30.5442066192627,0.960115457509666
245,0.657514631748199,0.0767869563292396
245,15.566123008728,0.528506607671555
245,12.9645881652832,0.416612513228911
245,3.33582043647766,0.123912587068016
245,9.76196956634521,0.294945091984672
137,24.5163135528564,0.869060787324907
137,34.3533973693848,0.987712590969784
137,15.8679809570312,0.55085179576948
137,20.2430553436279,0.736551864858189
243,37.8350410461426,0.986003543768398
243,27.2106876373291,0.848446743448315
243,13.6231555938721,0.345767483067074
243,20.3735580444336,0.628668800548713
243,0.0109108174219728,0.0440541853619502
243,0.0109108174219728,0.0440541853619502
243,2.16156244277954,0.0602654968420451
243,9.09027671813965,0.189334400274356
248,15.7931690216064,0.493383472880758
248,23.8541221618652,0.79439974528651
245,21.9244022369385,0.784544061379292
475,16.6113510131836,0.569353666851164
247,21.016149520874,0.763664506142982
247,16.2539176940918,0.601465398673402
141,18.9879817962646,0.491295435516933
245,25.718433380127,0.887246115591763
248,11.7942485809326,0.333796865991446
242,16.5583381652832,0.623114350462055
139,31.4957580566406,0.943011840393037
245,17.1642913818359,0.59506606243332
248,22.2996101379395,0.741021779724462
487,15.9794054031372,0.444139359373652
242,21.9244022369385,0.834959961280576
242,9.36515808105469,0.304313868580122
239,25.6894397735596,0.900721478881357
243,26.5650520324707,0.831456660284073
243,20.6744632720947,0.638950015718328
243,9.2353458404541,0.193321139721643
242,25.1785163879395,0.914144802806857
239,18.8833866119385,0.691610377348089
239,11.3648767471313,0.350886512915555
239,17.9061584472656,0.649271855608
135,30.716157913208,0.929361649073227
237,10.048529624939,0.193916546168147
237,29.511547088623,0.88255410957332
239,16.5583381652832,0.587133259093912
476,34.088451385498,0.931691277604917
227,24.9245433807373,0.894345174035677
227,11.1433010101318,0.320228641161024
227,2.91899490356445,0.0728915358225074
227,18.0816822052002,0.677212808846182
227,10.4173717498779,0.295296348217344
227,15.0202569961548,0.523675477786283
227,17.4326210021973,0.64811795907443
219,15.2178955078125,0.354417610328843
221,15.0202569961548,0.460401153814064
221,4.90801477432251,0.131229475693315
221,17.2318649291992,0.55061623308019
222,27.2385711669922,0.912920519958479
132,10.8880767822266,0.382544639282569
222,25.2183952331543,0.871285308735177
222,12.9645881652832,0.400054260639804
222,9.66440868377686,0.277926535812022
219,26.2596969604492,0.769845234566468
219,24.1906433105469,0.699989704875398
219,31.6379241943359,0.900979556922711
227,10.5372037887573,0.299052756290159
221,15.3544416427612,0.478273647422995
221,5.65745306015015,0.145540594887333
219,13.0587387084961,0.274848043269925
221,17.8900928497314,0.578977391506511
219,28.261905670166,0.826970739044847
222,8.65732574462891,0.241650545751942
221,27.5436706542969,0.865972234591361
418,24.5163135528564,0.809070317868323
418,21.714729309082,0.720815412414425
219,19.1802577972412,0.508599883782553
219,39.5097122192383,0.982417447265124
219,31.2767429351807,0.893231266500701
219,21.0421180725098,0.583529735290927
219,34.742919921875,0.945925030764458
219,13.8733692169189,0.30647273139329
219,23.4521751403809,0.675065830066877
219,24.7229785919189,0.719877260004408
32,34.742919921875,0.85830253685953
32,13.7193269729614,0.150830542402895
42,13.1288461685181,0.23374230224622
219,15.566123008728,0.364755573704455
42,17.3827037811279,0.373685830006864
32,19.7988758087158,0.327313585094507
42,28.3031959533691,0.762584774493929
42,21.1068458557129,0.512388110198836
42,17.6305160522461,0.381230777370449
42,21.3121585845947,0.517313419536109
221,11.2269582748413,0.307562038129861
213,31.2767429351807,0.879828016864513
213,15.0210494995117,0.353195096925432
221,11.2269582748413,0.307562038129861
221,13.5856800079346,0.403100898733786
221,17.7771167755127,0.571526066279625
467,0.810230672359467,0.0742642984821863
209,13.7240533828735,0.516693137985803
468,34.0069541931152,0.956918831986271
468,15.7931690216064,0.475334110913005
468,32.821231842041,0.945165218552982
468,35.8009872436523,0.972264041393272
468,38.6816291809082,0.986928440404684
468,22.4068717956543,0.723000087349258
468,22.6660137176514,0.729425396026123
468,21.6525173187256,0.692962218876689
468,19.0028629302979,0.602352777963324
468,19.6430759429932,0.621934426397973
468,24.1906433105469,0.773403178485364
468,23.9338893890381,0.768986902749446
467,21.3630599975586,0.6992881304047
221,16.540620803833,0.521506051711644
213,26.1472301483154,0.757829613796583
153,31.9186325073242,0.92824615241819
207,13.6080598831177,0.355802980731185
151,31.8921031951904,0.955470734404691
150,14.8800497055054,0.527944378742655
474,47.7804107666016,0.977360060901601
474,42.5938034057617,0.92873455786065
474,18.270715713501,0.137185480714768
474,43.1864013671875,0.937721177012618
474,33.5092506408691,0.66343773686479
474,19.355525970459,0.156549151456404
474,34.1058616638184,0.686151986485393
474,24.0948429107666,0.284312057955602
480,26.2876930236816,0.519618909549837
89,33.7065849304199,0.652427801921428
89,34.6309700012207,0.68311861009665
89,43.2898864746094,0.913583934783237
89,32.214183807373,0.598947743719707
89,37.954231262207,0.791302504408491
89,26.1472301483154,0.395270628366594
89,31.3111553192139,0.56694643321738
89,42.1376991271973,0.892856798712624
480,26.8828048706055,0.541875478539013
480,32.6001777648926,0.74006984799629
480,23.7712993621826,0.431127781306141
480,28.4591636657715,0.600244658382644
480,10.1421060562134,0.087862142685204
480,31.3523578643799,0.699745413845298
480,38.5590438842773,0.890071683954136
70,10.7434034347534,0.180763310394784
70,27.8347320556641,0.825588554871423
78,16.8213443756104,0.126974851299176
78,37.1965599060059,0.823242547566872
470,35.0742111206055,0.706489183219049
470,29.7777061462402,0.484559913943842
214,17.9061584472656,0.137571711976841
470,22.5840225219727,0.232405632605722
470,29.6869335174561,0.482611255472578
470,33.0702781677246,0.624401170434575
470,30.1358947753906,0.499478085339023
470,18.6414394378662,0.140711556934736
470,40.070198059082,0.867337172807317
470,27.4744319915771,0.392169952058221
470,33.0702781677246,0.624401170434575
214,26.5558815002441,0.364837234027223
214,35.4576988220215,0.707825832163152
214,33.0826301574707,0.613794478237827
214,35.7800712585449,0.719147638208173
214,56.0723533630371,0.995997098697136
214,33.5332984924316,0.631759499285082
214,12.8696527481079,0.065463447907043
214,33.8486251831055,0.644610413627797
214,43.8928489685059,0.934290773952961
214,31.5771446228027,0.555135962545653
214,33.6827926635742,0.637787068066935
214,25.108491897583,0.31631166269312
214,25.3670692443848,0.324162953308558
214,30.4792613983154,0.508519775133016
214,45.3425025939941,0.952576827684706
214,48.8018684387207,0.978805438181594
214,44.4063568115234,0.941963535170291
214,38.4487800598145,0.811079070110016
214,50.8431129455566,0.98682084775045
214,39.0096092224121,0.829331499470816
214,32.530086517334,0.590358291689817
214,43.3317184448242,0.925972745045609
214,32.4276008605957,0.587168779931694
214,23.9446697235107,0.28190512483448
214,40.3155403137207,0.863928575431473
214,26.1472301483154,0.350432393398735
384,47.7263107299805,0.920364138333459
384,39.5633850097656,0.723986433270921
384,24.7332420349121,0.224051225187994
384,50.9431762695312,0.956334903599715
384,50.1257591247559,0.948999061875117
384,27.4917697906494,0.295765402047425
384,32.4211730957031,0.460911851178786
384,35.3988761901855,0.574166570319405
384,30.4647941589355,0.390931925033812
208,24.5370998382568,0.265101409339443
208,30.1727638244629,0.459699665104593
208,38.4487800598145,0.78459018006779
208,38.1629295349121,0.774796587945502
208,33.2729339599609,0.585301362448297
208,23.0468883514404,0.223198960290146
208,24.6509475708008,0.267105861103794
208,23.9338893890381,0.247906541893766
75,23.7167320251465,0.226699598857884
206,19.4856185913086,0.18333475354213
206,52.2232131958008,0.985204006538125
206,43.957649230957,0.921135805529518
211,21.1068458557129,0.223702532469223
208,32.2402000427246,0.541374200028366
392,24.4433498382568,0.344947386093465
392,38.1674385070801,0.82225462639523
392,29.9875907897949,0.542801670213976
392,34.9425048828125,0.722539765065233
392,31.4685401916504,0.59894853423018
392,39.0607719421387,0.846752181188971
392,36.5164413452148,0.774839017151646
392,48.2850074768066,0.973876640292017
392,11.8728370666504,0.0656111390924304
392,17.2318649291992,0.150502039025817
392,24.5163135528564,0.350201194712072
392,37.9907264709473,0.817910391178844
392,32.6509666442871,0.642389803246194
392,26.343542098999,0.409763765455166
392,23.6839027404785,0.319202586557052
392,38.8766555786133,0.84106565500658
392,21.714729309082,0.261335954551116
392,50.149341583252,0.982434862196516
384,39.6496963500977,0.726153664700665
384,37.5377731323242,0.652792143650276
384,32.1293449401855,0.451225653564215
384,46.2340240478516,0.896450877251519
384,43.7217483520508,0.844284460570433
384,24.5163135528564,0.220754208952769
384,44.7835159301758,0.868310234562259
384,33.0826301574707,0.485616582385444
384,47.0474510192871,0.909765422222153
384,31.7387256622314,0.435075007313339
384,45.0228996276855,0.87314906563848
384,48.3953704833984,0.929314734302703
214,33.664924621582,0.637787068066935
214,22.7708053588867,0.247435341135255
214,34.181095123291,0.656885710763161
214,26.0339813232422,0.347313332703544
214,35.7957611083984,0.719147638208173
214,24.7332420349121,0.304407034218401
214,32.4725151062012,0.589410404661298
214,49.0177001953125,0.979892626175452
214,29.380708694458,0.466790329630916
214,8.66046810150146,0.0298792564851004
214,37.9130744934082,0.794890536660972
214,30.3995342254639,0.505970727583352
214,30.9356460571289,0.525550519016183
214,34.1753196716309,0.656885710763161
214,22.6660137176514,0.245469916595548
214,39.5633850097656,0.84373073603748
214,26.8377876281738,0.372338671068791
214,33.9133148193359,0.648116955169107
214,11.8728370666504,0.0551311590640896
214,11.1991491317749,0.0479427489044059
214,41.7031707763672,0.896474564764541
214,49.7566184997559,0.983097348958525
214,28.4591636657715,0.433033062363601
214,24.062780380249,0.285378042004845
214,39.2090492248535,0.834074937514711
214,26.1472301483154,0.350432393398735
214,38.537052154541,0.813304683234408
214,38.594165802002,0.815294925762192
214,29.1237335205078,0.457401124334918
214,40.5338287353516,0.869394136870404
214,9.63165187835693,0.0357595184990081
214,32.1358871459961,0.576375356858651
214,16.7342414855957,0.117481950918025
214,20.050350189209,0.179699846448706
214,23.8906936645508,0.278730824101309
214,30.2462558746338,0.501670811003816
214,19.8270282745361,0.175407135091514
214,16.2539176940918,0.111103727982041
214,17.8740081787109,0.136962470398545
214,34.3362503051758,0.664543260955541
214,43.8835639953613,0.934290773952961
214,30.7446422576904,0.520675785809555
214,16.5436153411865,0.112642443242862
332,36.5563812255859,0.815466588398648
332,35.2643890380859,0.775148398798134
332,19.6857299804688,0.232819887602609
332,26.9187316894531,0.464757754836719
332,37.4295654296875,0.838516520008203
332,31.6379241943359,0.648787316065452
332,35.3988761901855,0.779804969642921
332,31.7387256622314,0.651113531900803
332,30.8014678955078,0.618377556645538
332,47.7804107666016,0.977141222975426
332,37.1629905700684,0.830903450001599
332,51.0002670288086,0.987725091108866
332,33.7065849304199,0.724430722455208
332,36.1268844604492,0.80214597361841
332,39.8694610595703,0.893459540514048
332,32.3438568115234,0.674885184955231
332,31.6379241943359,0.648787316065452
332,36.5912437438965,0.815466588398648
332,31.6917610168457,0.649994073455288
332,26.1189918518066,0.437423025472854
386,34.3762359619141,0.596255226322487
386,26.9903469085693,0.323185557171423
386,33.1011428833008,0.547315260861661
386,54.1498603820801,0.985673059443738
386,39.0224151611328,0.765786902381385
386,35.680347442627,0.644326031630613
386,37.4342880249023,0.711143428467551
386,37.5986061096191,0.716665151790584
332,30.1727638244629,0.59312332669184
291,36.5114440917969,0.828920196411362
291,31.5297183990479,0.675483206161009
291,30.1358947753906,0.624819045394053
291,32.3438568115234,0.703614085881995
284,32.6763038635254,0.698405085150281
284,26.4823360443115,0.483698842332144
290,31.0198345184326,0.607623987099579
290,32.3115348815918,0.650844441748432
290,38.8032646179199,0.838608250810068
290,16.2357921600342,0.147060756332681
290,37.4437217712402,0.804279583263827
291,31.8921031951904,0.688017571891648
291,41.2372970581055,0.919235839650231
291,36.0550308227539,0.816561048973513
291,13.8952140808105,0.12323895186086
291,34.5352058410645,0.772748132047843
291,48.8648223876953,0.981438333590598
291,21.0421180725098,0.298485404733397
291,32.9773254394531,0.723982169452777
291,53.461368560791,0.992802491437249
291,52.4886207580566,0.991043007747152
295,61.6010246276855,0.999080792182255
295,36.926025390625,0.83949906373032
295,16.4516849517822,0.164687490669294
295,38.3288192749023,0.869525808199078
295,55.6502723693848,0.995740932686689
295,8.84225845336914,0.0465767506536826
295,50.6802253723145,0.987994847317662
298,46.3047409057617,0.966734533671643
295,28.028751373291,0.547001164472085
295,32.4789237976074,0.710084840109025
295,29.6869335174561,0.611042863662926
295,27.3787479400635,0.518394820018683
295,31.1383686065674,0.663531549515656
295,28.3854675292969,0.560311549600966
295,42.5633773803711,0.938494120055792
295,38.594165802002,0.875761918777006
295,20.4737758636475,0.274506165730397
298,36.9746704101562,0.84630914768992
298,29.6489639282227,0.624981058383474
298,32.0637855529785,0.709631000219894
298,26.9187316894531,0.523301321526677
298,33.777759552002,0.762307493360465
509,27.5523052215576,0.665629734042984
509,24.0948429107666,0.546198858834045
291,22.6776924133301,0.353023141330241
298,30.4864902496338,0.654665562261236
298,27.6298122406006,0.551052356337096
298,34.9920196533203,0.796974354475406
298,37.5752372741699,0.859417315998574
510,17.0110282897949,0.182034912423574
298,43.9083023071289,0.949478008925632
298,50.2919006347656,0.983779140181634
298,47.8949546813965,0.974823885691759
298,52.8738708496094,0.989929326407633
315,29.6565647125244,0.525221240927773
315,51.2405242919922,0.98344515293504
175,17.5484008789062,0.229277180888781
175,22.3473720550537,0.389496997603468
175,26.5650520324707,0.543896024629525
166,30.5729885101318,0.643609604471976
165,37.2443885803223,0.837438943450242
165,31.705192565918,0.679900046184291
165,33.0269660949707,0.721121819477536
165,48.5824813842773,0.973619900229698
165,15.0401601791382,0.159291453459387
165,28.9104671478271,0.58273869784769
291,30.1727638244629,0.627576647573435
291,30.1727638244629,0.627576647573435
284,27.4136066436768,0.515418831016247
284,30.4792613983154,0.623551993689637
284,32.6509666442871,0.698405085150281
319,31.1383686065674,0.635783439738821
319,49.562915802002,0.97584483501914
319,40.8782653808594,0.891124114220351
319,10.7434034347534,0.080110658818585
327,30.194845199585,0.67597341501719
327,43.5422897338867,0.954601083773115
325,39.6127662658691,0.916557810201362
320,33.2301559448242,0.680382211339305
510,31.3042793273926,0.679809108285899
510,54.7841262817383,0.997109619271455
510,32.3115348815918,0.715472608895621
509,23.5408515930176,0.524177542307661
509,7.9293646812439,0.0569556846320644
509,9.69704627990723,0.0883066944262171
509,11.7942485809326,0.130113441509169
509,33.7599945068359,0.829068137814826
509,16.6113510131836,0.273018419055797
509,24.3174934387207,0.553608606540777
509,20.7804183959961,0.421761543301388
298,45.8911399841309,0.963905539155312
298,38.6816291809082,0.880858656233302
309,35.2859840393066,0.615324146169763
298,48.4847984313965,0.977399945539292
298,26.1472301483154,0.496223639821032
298,27.3787479400635,0.539255574531985
298,41.9942436218262,0.929496170090589
309,50.044849395752,0.95081383194317
309,36.9746704101562,0.673252341233441
309,21.9121475219727,0.209229472875824
309,49.2237548828125,0.942947500906628
309,31.9517345428467,0.502611088593553
309,48.038516998291,0.92934701452738
309,48.4401588439941,0.934078545982038
309,51.2909049987793,0.960933933485505
309,41.3367652893066,0.802524692279796
309,38.5238418579102,0.722108923352604
513,28.8786373138428,0.715190567316509
513,22.2996101379395,0.442426145197943
513,42.1516189575195,0.97552126938564
513,33.9660530090332,0.868008212733724
513,34.5352058410645,0.880063190208508
513,31.0338230133057,0.790336084200455
513,26.8377876281738,0.635918749750827
513,44.7369079589844,0.987441693577323
513,32.7835464477539,0.838994538133397
510,44.9569625854492,0.968256446392931
510,35.3827972412109,0.810416341410928
510,35.7957611083984,0.820412417244391
510,32.6699714660645,0.72732949918352
510,41.2779006958008,0.93024266539518
510,32.6319389343262,0.725308342440494
510,46.7368927001953,0.978965623457233
309,24.8559017181396,0.279592337393605
309,34.6309700012207,0.594091985408623
309,37.2730178833008,0.682567143801864
309,35.2535820007324,0.615324146169763
309,39.213264465332,0.743103227595623
309,63.1939163208008,0.997250250655972
309,51.4550399780273,0.962266143311219
309,38.9411277770996,0.734198007551678
309,47.512523651123,0.923071015636666
316,25.1785163879395,0.436333687336093
316,46.835319519043,0.971870713650986
175,33.5332984924316,0.771858254570913
175,16.5583381652832,0.201203202556301
319,55.3968811035156,0.992497817369622
319,60.903263092041,0.997775125162749
319,20.4872379302979,0.283003212745262
319,25.9485282897949,0.45372282002344
320,36.7496604919434,0.78870856385378
506,17.4326210021973,0.427941641820087
284,23.2733268737793,0.373321851568238
511,16.1812686920166,0.298669763513513
511,52.0891761779785,0.99601571680376
511,19.2535419464111,0.425010098413631
511,24.3595561981201,0.641717464747356
297,25.1785163879395,0.636202497228787
297,13.6749458312988,0.226298287076736
297,16.0898933410645,0.304101395018091
297,24.60964012146,0.616291594336268
297,31.1591987609863,0.81297973354527
297,14.0470237731934,0.234690356179282
297,21.1068458557129,0.488073327337753
297,4.9137282371521,0.0495576516846883
297,19.6857299804688,0.433867358249848
506,28.1623859405518,0.771678108868968
506,20.6744632720947,0.547587834380591
522,17.2318649291992,0.26135880165269
522,10.8402576446533,0.129500311967261
522,5.8114595413208,0.0530462251961463
522,8.98487663269043,0.0986140793035515
522,11.1152610778809,0.1345998712828
522,30.9988269805908,0.619812623128811
522,46.1787719726562,0.917144443298108
522,40.9688186645508,0.846257621089969
522,8.54942226409912,0.0914933651687325
522,28.2205123901367,0.541975072096371
522,26.4823360443115,0.495828481873965
522,24.0948429107666,0.431510167184974
522,19.6857299804688,0.320305384014503
522,40.6648635864258,0.840493841717146
522,28.4264507293701,0.549532049109051
522,9.66282844543457,0.111844438876525
522,21.4137916564941,0.360970193616216
522,21.6150684356689,0.366457869681204
522,46.4606246948242,0.920481264769316
522,47.438102722168,0.929899237031251
522,23.9446697235107,0.428728500051585
522,25.0884304046631,0.45752184999042
522,23.5850028991699,0.417097771030769
522,25.0984630584717,0.45752184999042
522,19.1802577972412,0.307040634349806
522,66.7316665649414,0.99814588276909
522,32.4211730957031,0.657253607274978
522,36.3247032165527,0.754255282563732
522,23.7167320251465,0.421421096847411
522,27.758186340332,0.532053039347178
522,25.7954921722412,0.477221477103568
522,29.1001720428467,0.568586125071851
522,16.540620803833,0.244857453069807
522,31.1383686065674,0.623725232992871
522,20.2430553436279,0.334118409998674
522,24.4850845336914,0.441664087409787
522,22.3473720550537,0.38582538676571
522,57.6521682739258,0.98600618039077
522,27.4917697906494,0.522486698403808
522,12.4816913604736,0.162044147052032
522,37.2920761108398,0.775262715736415
522,35.3505897521973,0.732582646759716
522,29.1315784454346,0.568586125071851
522,42.3966102600098,0.868742845632704
522,40.3312377929688,0.834941315764909
522,26.371395111084,0.492568301178598
522,44.8183746337891,0.901769124575651
522,7.9293646812439,0.0811164006347428
522,47.2148361206055,0.928107021965443
522,41.9872131347656,0.862500552697903
522,26.9187316894531,0.506830363503269
522,53.0308609008789,0.968530118351044
522,9.09027671813965,0.0999474322883658
522,58.7093048095703,0.98852844797516
522,8.28417682647705,0.0883815531547996
522,26.6382255554199,0.500555645624843
522,25.5729541778564,0.469225289490879
522,51.1736373901367,0.958375215552182
522,19.8270282745361,0.323431934639174
522,23.2733268737793,0.409354104948734
522,44.8878364562988,0.902380285634276
522,56.3040542602539,0.982102413693152
522,50.5075988769531,0.954212049305566
522,17.3493251800537,0.265253725183864
522,16.2357921600342,0.239842395122502
522,27.1326484680176,0.514356880720423
522,22.0221004486084,0.378000167037588
522,18.8683834075928,0.302406815133606
522,12.4809322357178,0.162044147052032
522,40.1020774841309,0.831509184610925
522,24.2330379486084,0.43430952065125
522,27.8516941070557,0.533562273086805
522,28.2205123901367,0.541975072096371
522,45.8480224609375,0.913310439357986
522,27.4136066436768,0.520546114656566
522,39.3475723266602,0.816009078984215
522,15.1194610595703,0.215630787975259
522,30.9637565612793,0.619812623128811
522,25.8147010803223,0.478839776562661
522,67.1233139038086,0.998320780949854
522,35.003002166748,0.722990758891067
522,37.7658653259277,0.785678000658325
522,23.2733268737793,0.409354104948734
522,30.194845199585,0.59792775133016
158,39.0053367614746,0.648461181840876
522,60.1061134338379,0.991300289368057
326,43.9914817810059,0.852850233224893
326,54.6610946655273,0.971137898558979
326,40.3155403137207,0.776418032354224
326,27.0171222686768,0.377224248721361
326,41.530143737793,0.804235552974972
326,17.6305160522461,0.149497295480243
326,60.6473045349121,0.991868382816645
157,50.2919006347656,0.824774005546068
157,40.0622177124023,0.559816071064877
157,46.367301940918,0.733232543201366
157,47.0251426696777,0.748883736232747
157,43.2866630554199,0.651028529351862
157,67.0753021240234,0.994634100487239
157,47.6838226318359,0.765185103949615
157,41.7675476074219,0.608532171896787
158,11.4467468261719,0.0598409471844799
158,52.911735534668,0.921864412824079
158,48.6794548034668,0.860953603651796
158,49.1391716003418,0.868041439320994
158,37.5986061096191,0.61081987090332
326,40.3547515869141,0.777987681725114
326,40.7490539550781,0.786077626801277
158,47.3099250793457,0.837113512356906
326,37.6592102050781,0.708806427505813
326,20.3112831115723,0.203223754212356
326,40.9198341369629,0.790914369376002
522,49.3537940979004,0.946267938117486
522,26.0339813232422,0.484143711280441
157,70.491081237793,0.998723150918861
157,45.9126472473145,0.721968070939542
522,16.1812686920166,0.238058040649088
522,39.7924919128418,0.824916112740546
522,56.8321380615234,0.983665689005488
522,55.5940322875977,0.97956835522017
522,55.5312156677246,0.979329589726206
522,34.3819389343262,0.708389708519408
522,5.1110897064209,0.0455540980707159
522,22.3473720550537,0.38582538676571
522,29.5038795471191,0.579577198386613
522,29.7172470092773,0.585299709649369
522,12.9645881652832,0.171452293573474
522,20.3112831115723,0.335773064697588
522,25.6507034301758,0.472938436822945
522,33.0702781677246,0.674313057917827
522,8.6971492767334,0.0936894181687767
522,26.1189918518066,0.48663060619906
522,34.3533973693848,0.708389708519408
522,36.4362678527832,0.756766741833581
522,46.2077407836914,0.917776238411767
522,41.0634689331055,0.847748185922662
522,3.33711075782776,0.0283944248748446
522,48.6728668212891,0.940770436312007
157,37.4861145019531,0.483996302621066
157,41.6852378845215,0.604748625233045
327,23.5850028991699,0.430603503162184
327,17.7446708679199,0.23597001938341
327,25.6603965759277,0.50814598395563
327,37.2204895019531,0.869729693402567
327,21.6525173187256,0.360614538971972
327,24.1906433105469,0.45162990421483
327,16.6992435455322,0.20961318071846
327,33.2301559448242,0.772287383805657
327,2.55515050888062,0.0163556360446526
327,22.4068717956543,0.392338954993704
327,22.4068717956543,0.392338954993704
319,22.3473720550537,0.336575685822543
319,23.8906936645508,0.385271631870953
319,34.3133583068848,0.739117719059183
319,19.9251441955566,0.267351099114166
317,35.6381759643555,0.874217439338762
318,28.9104671478271,0.528802139788049
318,20.3656425476074,0.260845153894742
327,32.542854309082,0.750553559048657
327,28.4264507293701,0.612266373321637
327,28.1623859405518,0.601175738196636
327,36.2747116088867,0.849205563180011
327,30.1727638244629,0.67597341501719
327,31.7387256622314,0.725917528544546
326,17.6958618164062,0.150239058988257
325,27.2385711669922,0.612357346377206
326,39.6127662658691,0.759563054065392
326,38.4177665710449,0.729548024325398
326,27.1237907409668,0.382152669931908
326,25.0079288482666,0.318858295388565
326,29.4038734436035,0.451633963322989
326,37.105281829834,0.692584865246296
326,42.6746444702148,0.828122004817296
323,23.3518218994141,0.555077923529631
323,29.9278945922852,0.753384334497561
323,25.1785163879395,0.613963284652781
320,22.989767074585,0.315644705470814
323,31.0198345184326,0.782833878840531
323,31.6917610168457,0.798208749164089
323,35.5056686401367,0.877485424269939
323,27.6212196350098,0.688805956977818
320,27.2385711669922,0.46483600445545
319,34.4502372741699,0.743177519881975
319,26.8107166290283,0.483571238239251
319,32.0637855529785,0.667152658476297
319,44.1321067810059,0.9359725649319
319,31.1383686065674,0.635783439738821
319,27.2385711669922,0.500040078076426
319,30.7446422576904,0.622642163436229
319,19.0474147796631,0.24386317994623
319,50.8431129455566,0.980944499446489
319,49.0005645751953,0.973240843242728
319,48.923168182373,0.972679750172769
517,17.299108505249,0.918316878409756
426,15.6801414489746,0.702028643409973
426,6.30297660827637,0.339052633968088
170,33.1011428833008,0.865559637793103
170,28.548791885376,0.757450158675191
166,20.2430553436279,0.297836706429406
309,22.8055820465088,0.228013738080509
309,28.8227863311768,0.395380463766879
309,22.2996101379395,0.214918830129914
309,36.5763130187988,0.660448620858843
298,28.3279209136963,0.577708480261411
298,27.7496585845947,0.556145230073704
173,35.3129348754883,0.718798447791485
173,41.0999183654785,0.878519952268649
173,38.0589256286621,0.806321585282207
173,29.7172470092773,0.50307716881677
173,36.7496604919434,0.7657311447068
162,37.0908241271973,0.849591975645696
173,24.1906433105469,0.299185372407896
173,31.9517345428467,0.593249960067275
173,43.8556861877441,0.926692912645989
162,16.9423580169678,0.239259597236455
162,32.9835395812988,0.746850371123893
162,28.129077911377,0.594097422203606
162,22.0738792419434,0.389893262923264
162,43.2350006103516,0.943686904574909
162,27.4136066436768,0.569744364576555
162,19.5287284851074,0.311307747351519
162,14.3029146194458,0.178063423913992
162,35.2643890380859,0.807996678958509
162,34.2617301940918,0.782928051580861
162,17.6958618164062,0.257778392785461
162,38.9411277770996,0.88502389803505
162,13.5182847976685,0.161035606451597
162,32.6319389343262,0.737575390384438
162,31.5500602722168,0.706658787919587
173,38.7989349365234,0.824380572964136
173,33.0517272949219,0.636574617820331
162,20.4737758636475,0.341038797842819
165,49.4141807556152,0.976975143064251
165,38.785945892334,0.869702187789608
165,31.4685401916504,0.673519885242743
165,18.8683834075928,0.252112701903343
165,46.0596389770508,0.959828842854128
165,40.382137298584,0.898026003896608
162,50.5742683410645,0.985974084905966
162,28.7747631072998,0.613505070073477
162,22.5840225219727,0.407652856419808
162,32.6001777648926,0.737575390384438
162,34.742919921875,0.795378217258944
162,33.5092506408691,0.762580439265082
162,22.0585784912109,0.389893262923264
162,43.6086616516113,0.947623784840393
162,11.4467468261719,0.123835952518082
162,9.65869617462158,0.0967465262454529
162,13.8733692169189,0.169136254952266
164,13.5182847976685,0.160760128402385
164,11.8728370666504,0.126268059263958
164,22.5840225219727,0.448576902142468
163,36.4362678527832,0.837596077391996
163,39.2637672424316,0.88837794858203
162,21.4480323791504,0.367415147639243
162,0.0108063016086817,0.0183679524482708
162,24.3595561981201,0.467602392546107
162,32.3438568115234,0.728916248419887
162,28.4264507293701,0.604983058200504
162,35.8843803405762,0.823276711071884
162,23.3965015411377,0.433404640980954
162,25.7640838623047,0.515792400000997
162,29.6869335174561,0.647090722775314
162,37.2920761108398,0.853687178835092
162,11.8728370666504,0.129681434330892
162,12.7739133834839,0.145210793883499
162,20.7804183959961,0.347210898601024
162,25.996057510376,0.522604025640834
162,25.2681045532227,0.498378125007791
163,23.0012092590332,0.479441646788586
163,32.7015991210938,0.751356126866331
163,34.6084861755371,0.798149129781783
163,32.1293449401855,0.736319462850075
163,26.3249473571777,0.574339605972259
163,5.1110897064209,0.070019436345967
163,34.9920196533203,0.806091527520099
163,13.8733692169189,0.239778248961922
163,34.6365852355957,0.798149129781783
164,31.3523578643799,0.771442898225253
164,29.9801406860352,0.728713533251332
164,33.3702964782715,0.825782478817464
163,34.6365852355957,0.798149129781783
164,24.0948429107666,0.506812269370717
164,27.6298122406006,0.645101980465351
174,38.594165802002,0.899689459781009
426,9.66440868377686,0.501495721645975
168,25.5046157836914,0.951841349147405
170,18.0340270996094,0.424494687830573
170,12.0025415420532,0.244653335966647
170,20.7804183959961,0.51265816791704
172,26.8107166290283,0.641607899582667
169,30.1727638244629,0.74630063743896
166,33.3216857910156,0.732309654292903
170,37.013484954834,0.92675780457385
170,42.5227088928223,0.972549056741599
170,39.4475517272949,0.951529666714463
170,22.4068717956543,0.571296970156078
167,31.792236328125,0.765060644642498
167,23.9338893890381,0.470694663980985
116,54.2685394287109,0.999265068391062
103,44.4302177429199,0.988143847688793
428,20.2430553436279,0.818586647918885
276,40.9988861083984,0.993146282805343
276,26.5833759307861,0.845740727745952
522,8.54942226409912,0.0914933651687325
276,17.2318649291992,0.54393475931053
276,18.2079830169678,0.582025319281951
276,33.0826301574707,0.952698586356039
276,29.380708694458,0.903463459600148
276,3.85103178024292,0.124870819990048
276,10.8880767822266,0.312788661503719
156,26.9187316894531,0.874616889959356
156,15.9794054031372,0.553081439108836
104,27.9278087615967,0.851467919091368
295,28.0371341705322,0.547001164472085
295,44.4897041320801,0.957699378521675
295,35.1178779602051,0.792231307663762
291,42.2348823547363,0.93234487966258
291,31.1383686065674,0.66167433594353
291,31.898738861084,0.688017571891648
291,25.2183952331543,0.443142706955749
284,27.7496585845947,0.528770760017287
291,26.1472301483154,0.476638603927393
291,35.9310989379883,0.813715837647736
284,32.1162528991699,0.680621710856718
284,35.9310989379883,0.794052980144656
284,33.3702964782715,0.720115849719729
284,41.4793014526367,0.907156659746277
284,48.8778076171875,0.973465696153424
284,32.2921104431152,0.684553708582481
284,49.2616386413574,0.975191646877669
511,36.7693519592285,0.94150723413631
511,26.2222938537598,0.709946019388954
511,30.9707775115967,0.84931330787309
511,39.1795043945312,0.962144719447709
511,25.6894397735596,0.689877717391304
511,28.4591636657715,0.783476241186839
511,30.7375259399414,0.843685737367803
511,22.5840225219727,0.569334789952996
511,24.0948429107666,0.63018232226792
511,33.9133148193359,0.905364093713279
511,36.4362678527832,0.938248200646298
511,38.1494026184082,0.954598450352526
511,27.4744319915771,0.752139027614571
509,43.886661529541,0.955268778876818
97,13.8733692169189,0.244952706989922
97,30.113733291626,0.829860260591126
97,23.6839027404785,0.641473239976981
97,24.2330379486084,0.662780917528664
97,25.0884304046631,0.69291268869247
97,38.7989349365234,0.945588690994407
97,21.4643592834473,0.552553527424043
97,35.5056686401367,0.914450559990556
97,35.7538871765137,0.917419469078782
97,22.3115634918213,0.591527099411235
97,23.307014465332,0.629975357464327
97,40.0382537841797,0.955197804305804
97,24.5163135528564,0.676474494237778
97,40.8706932067871,0.961079549646594
97,33.0517272949219,0.882090631409642
97,45.4317245483398,0.982697103395358
98,35.2535820007324,0.956571288189492
98,31.3523578643799,0.910829199052812
97,35.5853042602539,0.915268042910475
97,34.7707862854004,0.905617612772802
98,14.2817945480347,0.327337204885161
290,34.8263778686523,0.730092051985866
290,37.2204895019531,0.798284324876278
290,30.9777927398682,0.605652527764719
290,43.5327835083008,0.924720583551963
290,33.0702781677246,0.674608109269397
283,23.1491870880127,0.506340298615257
283,11.1152610778809,0.128962475046747
283,27.2385711669922,0.658214063647864
283,28.129077911377,0.686841045096975
283,36.9308967590332,0.902263368680719
283,35.5534973144531,0.880318047479171
283,5.41416454315186,0.0512945223024814
283,9.66440868377686,0.105616724801587
283,17.6958618164062,0.306684932805361
283,33.1749877929688,0.831911275315774
283,17.6305160522461,0.305261934397629
283,22.6660137176514,0.490346518732008
283,21.2226734161377,0.433871198895907
283,58.7221908569336,0.998457383962436
283,50.9634628295898,0.990983539034279
283,37.4861145019531,0.910351100312924
283,11.3099327087402,0.134328341366146
283,41.7282409667969,0.954391828987414
283,30.7090282440186,0.7687904062147
283,46.9380493164062,0.981162480237701
283,17.299108505249,0.294533587163448
283,17.7446708679199,0.307829199566217
283,19.4712200164795,0.369572208987798
283,21.4643592834473,0.442024381684058
283,30.113733291626,0.750532919110271
283,30.5657978057861,0.763563341484635
283,42.0538902282715,0.956995205138593
283,44.4897041320801,0.971550188059227
283,53.8376159667969,0.994958004055715
283,25.0897560119629,0.579546288073107
283,25.0280914306641,0.576120258599774
283,26.5650520324707,0.633967795774338
283,19.6430759429932,0.3754109034855
283,39.7924919128418,0.937383556186996
283,25.3769340515137,0.590121163631275
283,31.6581325531006,0.793722782757457
283,32.6001777648926,0.818287278665067
283,8.66046810150146,0.088199946510607
283,27.7290344238281,0.675031625321472
283,14.8800497055054,0.219044706524916
283,39.8694610595703,0.938519923670411
283,14.6154308319092,0.214781353642752
283,16.6817111968994,0.27662592520287
283,22.4068717956543,0.483172846346641
283,21.6150684356689,0.448429567221158
283,14.5742158889771,0.2133922092812
283,28.4346351623535,0.697401250568466
283,36.5364227294922,0.896353580686041
283,25.9485282897949,0.61079808656931
283,25.6894397735596,0.600333800895327
283,37.4295654296875,0.909653706961633
283,43.0821876525879,0.963719747177983
277,28.8467464447021,0.748832669088342
277,28.028751373291,0.727261864494022
277,26.9903469085693,0.695194273276762
277,22.1916065216064,0.545244643146021
277,23.0012092590332,0.575016177184288
277,37.1629905700684,0.922025971734047
277,46.2733535766602,0.985782460990926
119,22.5957622528076,0.380051397036992
277,34.2214622497559,0.87541362118917
277,46.2733535766602,0.985782460990926
277,41.9696159362793,0.967412165242584
277,50.070556640625,0.993192714384458
277,27.5436706542969,0.712691368736856
277,50.3693504333496,0.993589790726061
277,38.6990623474121,0.940262070385458
277,33.8250350952148,0.868113666779417
277,17.7771167755127,0.399096651322852
277,21.3630599975586,0.518267350030148
277,35.6064720153809,0.899311734341221
277,18.8683834075928,0.439780431489625
277,29.3884334564209,0.764781902142742
277,35.9310989379883,0.904797270467815
277,26.0245094299316,0.669827345324058
277,37.2443885803223,0.922913878553466
277,8.95981407165527,0.15444063708693
277,31.6379241943359,0.821554627410033
277,22.5840225219727,0.560381340353251
277,40.2722969055176,0.954782931599924
277,30.3486003875732,0.789281144756386
277,33.3702964782715,0.859127976234246
277,20.2243003845215,0.483453314116799
277,38.5766143798828,0.939107607688574
277,45.2976837158203,0.982819094960072
277,26.3249473571777,0.678140212068179
277,41.9696159362793,0.967412165242584
277,21.8014087677002,0.535968498610233
277,37.5377731323242,0.926744929923379
277,18.8983764648438,0.439780431489625
277,25.8151206970215,0.663685530243981
277,40.1020774841309,0.953808623909878
277,29.0055923461914,0.754724473138521
277,15.2765941619873,0.32084319896466
277,25.8147010803223,0.663685530243981
277,15.2178955078125,0.319356001000044
277,25.766637802124,0.661904201655955
277,47.6672630310059,0.989131873465006
277,35.8427352905273,0.903481035928056
277,9.69704627990723,0.171178507875347
277,18.270715713501,0.419516669853082
277,37.954231262207,0.932491506978249
277,37.1629905700684,0.922025971734047
277,36.4111328125,0.912069650131623
277,20.9510326385498,0.506540729738077
277,37.880989074707,0.930996955748048
277,32.8275032043457,0.848191831992588
277,51.9825897216797,0.99527001191229
277,31.4139671325684,0.816732723502507
277,39.385139465332,0.947214582996309
277,26.4084606170654,0.680684441960675
277,38.3288192749023,0.935767386796476
277,30.2462558746338,0.787952042001853
277,27.163366317749,0.702067738282571
277,16.7776184082031,0.36761364471962
277,18.4108638763428,0.422617909613659
277,19.8691577911377,0.469912275541568
277,29.1001720428467,0.757970939894407
277,16.1812686920166,0.3478370369281
277,30.8863391876221,0.802809315116843
277,15.736777305603,0.332086342044502
277,33.539306640625,0.86188177419592
95,25.996057510376,0.574049868387841
277,40.1656341552734,0.954152389075989
95,28.9104671478271,0.670721703385858
95,12.1524095535278,0.154026791187394
96,30.5657978057861,0.644769147577574
96,18.270715713501,0.241984882128928
503,30.1727638244629,0.651929729201028
503,35.0742111206055,0.779109452242273
503,26.9903469085693,0.552655687569858
96,34.2157020568848,0.752430479653002
96,44.2502784729004,0.93643591012115
96,44.6432342529297,0.939816146438556
503,38.1494026184082,0.841301603111399
95,37.7103080749512,0.895417913676847
503,28.6298503875732,0.605985218015236
503,34.399040222168,0.76336206156348
503,27.0705432891846,0.556751009644353
268,36.4563522338867,0.961999676549787
503,29.4501056671143,0.63085132674249
268,25.7954921722412,0.814775437800016
268,15.2178955078125,0.405401328466592
268,27.6984024047852,0.858196090603771
268,24.2858753204346,0.771847212562632
497,12.4569892883301,0.609593922016418
505,24.5578594207764,0.748303601282379
505,21.1068458557129,0.641169875892453
505,19.9111671447754,0.601793757252719
505,27.0171222686768,0.809639478394273
505,16.6113510131836,0.485268375194225
505,12.7498512268066,0.352693586137718
505,18.2079830169678,0.541008595086836
505,24.2330379486084,0.737436815294141
505,8.84225845336914,0.25440080247035
505,12.7739133834839,0.354424404539465
504,32.3438568115234,0.87733038590068
504,4.04469108581543,0.141381781757579
504,30.2168979644775,0.838308565112644
504,19.5287284851074,0.526246254544198
504,13.6080598831177,0.333175023962282
277,22.0585784912109,0.542614012382899
277,28.261905670166,0.733640822389223
277,15.1194610595703,0.315002867773578
277,17.2823276519775,0.384540862096857
277,19.9111671447754,0.473053958262865
277,34.399040222168,0.878888039178199
277,18.8833866119385,0.439780431489625
283,27.1326484680176,0.654361473192674
283,29.6185245513916,0.735439656855388
283,26.4177131652832,0.62886486254693
283,44.7980499267578,0.97298672808543
276,10.7725086212158,0.307989065948787
276,17.8900928497314,0.571197323262609
276,15.5851955413818,0.48062539072966
276,11.3648767471313,0.329125945725258
276,26.2596969604492,0.838068870488269
276,14.0457925796509,0.42291222776509
316,26.9903469085693,0.501757112823673
316,22.3473720550537,0.332999972133894
319,14.1969470977783,0.134593012549854
319,20.3112831115723,0.277747568777229
316,22.5957622528076,0.342768590563298
316,24.0948429107666,0.395355029677403
317,29.3110198974609,0.70227232429041
318,42.751708984375,0.885142353610892
318,59.7019996643066,0.991063421633382
318,34.227222442627,0.706184642497875
318,64.1397018432617,0.997317466877734
318,56.884693145752,0.984076358617248
318,40.5105895996094,0.85112720977565
318,47.512523651123,0.9359389255831
319,21.714729309082,0.317097740679681
319,18.7477912902832,0.23294244571587
319,10.048529624939,0.0720300520581717
316,13.4957332611084,0.102479154604255
316,35.2265319824219,0.79149959903769
316,34.1695442199707,0.76191198645088
316,55.233814239502,0.995405188669022
316,43.4182281494141,0.944998498326486
319,18.270715713501,0.224400399480935
319,10.4474697113037,0.077686476790461
319,53.2946739196777,0.988295035301203
319,26.9814128875732,0.48811414236166
319,33.1749877929688,0.704208631301194
319,34.8541030883789,0.75433438980587
319,41.3220710754395,0.898385828392176
316,46.3047409057617,0.969068621835262
316,35.6064720153809,0.803828803026878
316,46.6861419677734,0.971031634223294
316,37.3680801391602,0.846857167627015
316,21.1068458557129,0.293275289265666
316,24.4850845336914,0.40927260173451
316,28.9501686096191,0.579878194152452
316,36.6607437133789,0.83076603926644
316,51.7839126586914,0.989989875314655
316,32.4276008605957,0.705411907496912
316,21.4643592834473,0.302139807352317
316,25.5729541778564,0.44770925123772
316,21.8014087677002,0.316921228709521
316,23.3518218994141,0.369795617590325
316,43.2898864746094,0.943787870812731
316,54.8484954833984,0.995027448114858
315,41.4428825378418,0.88943349731543
315,25.0884304046631,0.352871410455882
315,33.5092506408691,0.668098137439181
315,32.6509666442871,0.637934949771115
315,13.54079246521,0.0853430133733845
315,18.9879817962646,0.179550278349866
315,39.0947875976562,0.839014623485714
315,19.4712200164795,0.189222823789695
315,44.7485733032227,0.938706819796566
315,33.3945465087891,0.663166308424243
315,33.539306640625,0.668098137439181
516,25.1785163879395,0.652259996136759
516,34.399040222168,0.915117903151513
516,29.6869335174561,0.809597182805605
516,31.1383686065674,0.848303888500914
516,43.7217483520508,0.987507615042867
516,7.552809715271,0.0748205821607406
516,0.0110214445739985,0.0140822573215851
516,45.4650382995605,0.991246043892364
516,25.718433380127,0.672455089820359
516,20.911828994751,0.476053104708697
516,36.5414161682129,0.943995631565653
516,39.0053367614746,0.96656438983076
516,32.2402000427246,0.873465475995899
516,30.0173568725586,0.818333308568966
516,31.1869316101074,0.849244439161379
516,22.3473720550537,0.535067086670332
315,20.2019691467285,0.209080546087363
315,35.6381759643555,0.740326330368465
315,29.9801406860352,0.53598425232258
315,49.4908256530762,0.976189619663462
315,35.5056686401367,0.736836839312534
315,27.4223098754883,0.436185257799642
315,16.2539176940918,0.12687515176588
315,36.0550308227539,0.754627173062568
315,51.7631759643555,0.985239362898076
315,30.3995342254639,0.55081346511858
315,32.214183807373,0.620299754476531
315,43.5074043273926,0.923253680603646
516,29.2254428863525,0.794695472578416
516,27.4744319915771,0.736455624730687
315,42.6443824768066,0.909701549585848
315,46.8504028320312,0.959431293899686
315,35.3129348754883,0.729889334568445
315,43.9822616577148,0.929406381811477
315,49.7849235534668,0.977642075347825
315,29.1001720428467,0.502369796116592
315,13.669864654541,0.0875250694750474
315,40.6916999816895,0.873561034616111
315,36.3758773803711,0.763739871032727
315,24.8151187896729,0.343440566232879
315,22.0464286804199,0.25666308424243
315,30.9777927398682,0.574065122177155
315,36.7693519592285,0.775664172460001
315,13.5182847976685,0.0853430133733845
315,27.3787479400635,0.433244372296319
315,44.1655349731445,0.931769432777833
315,31.2767429351807,0.582975465640205
315,29.0055923461914,0.497841551924167
315,49.9295234680176,0.97829972749593
315,39.2259063720703,0.841685702979558
315,26.194185256958,0.391750456421833
315,27.2385711669922,0.431894218057217
315,31.1383686065674,0.579783885386407
315,22.3830986022949,0.266832522416383
315,33.1011428833008,0.655338561574228
315,50.9117584228516,0.982354686980061
315,46.7090034484863,0.958442005198263
315,40.3233909606934,0.866725949042638
315,32.1358871459961,0.617670270075816
315,41.0550994873047,0.882192578536033
315,37.7843437194824,0.804691926504843
315,34.742919921875,0.711271595722675
315,24.0948429107666,0.320314818645394
315,37.3728179931641,0.792987966651977
315,29.9875907897949,0.53598425232258
315,49.4908256530762,0.976189619663462
315,40.7261390686035,0.875051712818483
315,39.2174797058105,0.841685702979558
315,31.3866138458252,0.588794281911306
315,39.6947174072266,0.852745500984792
315,26.4454402923584,0.401237510230145
315,38.7989349365234,0.830589930839726
315,35.6961326599121,0.741648379814913
315,14.5742158889771,0.0997259220620374
516,22.3473720550537,0.535067086670332
516,18.9879817962646,0.396508224246297
516,35.7538871765137,0.934681505475402
516,29.1629257202148,0.792893121944696
516,16.1812686920166,0.28743629366577
516,30.0173568725586,0.818333308568966
516,37.471996307373,0.953913760568194
516,4.90449571609497,0.0421992243800241
516,0.0110214445739985,0.0140822573215851
516,27.6298122406006,0.742517198852915
516,28.028751373291,0.756796332892528
516,31.8522281646729,0.866397230353189
516,49.7018585205078,0.996148645636766
516,14.5535573959351,0.23652991783183
516,29.496208190918,0.80277113267262
516,22.1916065216064,0.526930506233191
516,32.4789237976074,0.879302684952675
516,26.8107166290283,0.712701148571344
516,25.1785163879395,0.652259996136759
516,23.4521751403809,0.581053030415596
516,23.2395668029785,0.569140874578387
516,18.8082122802734,0.386979391093743
516,14.3660564422607,0.23099805352075
516,32.821231842041,0.886879838338212
516,21.4137916564941,0.493438433307083
516,42.4410362243652,0.983583453440514
516,36.2696380615234,0.940635354600972
516,24.3490505218506,0.616356369147561
516,31.5500602722168,0.859901041589278
516,25.0884304046631,0.647170175777477
516,18.8833866119385,0.393821785708979
516,19.1802577972412,0.401649306845366
516,40.7031898498535,0.976441657627673
516,17.8740081787109,0.352508878025587
284,29.8679828643799,0.60371369675055
284,30.3704490661621,0.621348250413058
95,33.5212783813477,0.805290628493131
96,26.8107166290283,0.519171163293717
503,36.7348747253418,0.814109709833178
503,45.7423706054688,0.941223728527558
503,27.7240505218506,0.578669382446337
503,39.6947174072266,0.867874531576538
503,31.792236328125,0.69571197006271
503,32.2921104431152,0.709500923220737
503,20.3112831115723,0.339795256295484
503,33.0517272949219,0.730598738327212
503,27.4744319915771,0.569066094839745
503,19.8270282745361,0.323532683806044
118,26.5650520324707,0.468117212991712
118,37.2730178833008,0.82785428171885
118,22.5840225219727,0.33613013833914
118,34.0069541931152,0.730060913464957
118,39.3475723266602,0.874159575896913
170,28.548791885376,0.757450158675191
118,18.0340270996094,0.212217455539491
284,19.6002998352051,0.262342667105296
284,22.6783065795898,0.355398410798388
284,36.5364227294922,0.809174630643781
284,41.541015625,0.908257379522097
284,31.0198345184326,0.644269392065418
284,24.9472904205322,0.428027486202991
284,15.7931690216064,0.166923762369851
284,25.8147010803223,0.462025398106707
284,25.0458106994629,0.431429166447813
119,40.1526145935059,0.903482098063908
119,30.1727638244629,0.650827778972264
119,32.8775978088379,0.737588434642832
506,20.2430553436279,0.533331105821863
506,26.3342475891113,0.726492383548649
506,20.9510326385498,0.558188168376282
510,43.4565124511719,0.955661137670733
510,51.0002670288086,0.993223428540083
510,35.8218765258789,0.823091821277422
510,20.8462657928467,0.294029781470339
510,28.6298503875732,0.580979185039221
510,32.5747261047363,0.722295595228551
297,33.4369010925293,0.860759626043126
297,14.0470237731934,0.234690356179282
297,16.0898933410645,0.304101395018091
297,13.6749458312988,0.226298287076736
297,26.371395111084,0.674879216949365
297,28.0873489379883,0.728865580490662
297,7.13041019439697,0.0751416978645975
297,14.8800497055054,0.260891389371092
297,30.2168979644775,0.790396963169013
297,31.3317699432373,0.816137870453642
297,20.4737758636475,0.465542843996403
297,25.0079288482666,0.628599962353335
297,32.9337692260742,0.850574111643277
297,16.6817111968994,0.325539079329889
511,37.7288513183594,0.95131187573443
511,20.898738861084,0.494523905699177
511,25.2681045532227,0.676593713278496
511,23.2395668029785,0.591528349001175
268,13.1288461685181,0.311984410570005
268,12.0796165466309,0.268528946980998
268,10.5372037887573,0.211446511415399
279,14.1969470977783,0.489735351107405
503,26.9187316894531,0.551384159129955
503,21.714729309082,0.38327286791261
503,34.9204483032227,0.775746584307263
503,36.6508331298828,0.81322867427294
503,43.5707740783691,0.920094554528261
503,24.4850845336914,0.474147952749615
268,18.4572772979736,0.551482613100604
268,25.718433380127,0.812419907997995
268,20.1470127105713,0.620558089410051
268,14.1969470977783,0.357990489403379
268,24.5163135528564,0.781779889954405
279,27.2385711669922,0.893293720067439
268,16.0898933410645,0.44456201142519
279,25.718433380127,0.864297726538364
279,12.4816913604736,0.42017397276197
103,27.6555671691895,0.687853566682325
268,9.66440868377686,0.183894500113498
497,31.0338230133057,0.967923935427036
497,22.2036437988281,0.890411689120566
319,16.2357921600342,0.175481316034047
319,33.2301559448242,0.705131510250239
319,25.0280914306641,0.421835835866196
319,28.8866004943848,0.555885086406166
319,27.4136066436768,0.50408904698667
319,30.7446422576904,0.622642163436229
319,29.8679828643799,0.592483952521561
319,24.4433498382568,0.402786834460213
319,20.4062843322754,0.280273570783299
319,26.5558815002441,0.476001897751078
319,33.5332984924316,0.713794873905706
327,45.1850090026855,0.965994142531728
327,35.569408416748,0.833980036503063
327,27.1415023803711,0.565173177322826
327,25.1785163879395,0.491551592410759
327,29.6565647125244,0.659172102038795
327,35.9207305908203,0.842541631885001
327,30.113733291626,0.673308196211039
327,38.3288192749023,0.889061814683286
327,14.1329212188721,0.145543584374425
327,44.4451141357422,0.961190735579168
327,44.8154716491699,0.963794054811189
327,29.2877254486084,0.643198474794493
327,35.0796775817871,0.821819423025227
522,22.5462474822998,0.390684215439186
522,18.6414394378662,0.294512815222037
522,65.9435043334961,0.997743027408903
319,28.4264507293701,0.541324829559856
319,32.9337692260742,0.694414415975771
319,36.8527755737305,0.808091005396459
317,23.0012092590332,0.478388368318398
319,28.9501686096191,0.559429288191699
319,18.8833866119385,0.240711093394916
319,41.8848648071289,0.906897545271979
319,37.3870239257812,0.820140424914265
319,46.9580039978027,0.961297576467887
162,19.4712200164795,0.308452948172305
175,18.0816822052002,0.247114288535243
175,27.4917697906494,0.575596215813519
175,39.1117668151855,0.894660311818402
175,33.777759552002,0.778379154661568
162,21.3630599975586,0.366406618147547
162,32.9773254394531,0.746850371123893
162,42.162052154541,0.932229062104972
162,57.1720008850098,0.996700151341756
162,27.1187210083008,0.561870604045587
162,17.3827037811279,0.250881995816286
162,21.2226734161377,0.36208078707686
162,11.1152610778809,0.116427187661284
162,23.8906936645508,0.450231749854767
162,33.0269660949707,0.747438783880482
162,32.3115348815918,0.728916248419887
162,30.8298053741455,0.683340439165351
162,34.0361061096191,0.775460694775842
162,21.6525173187256,0.375115625599944
162,5.87776660919189,0.0534769958038192
162,21.6025657653809,0.374467374257939
162,27.4917697906494,0.572081809319361
162,17.4326210021973,0.253016238696117
162,26.6382255554199,0.544819100476465
162,24.7844638824463,0.480037598577836
162,32.4404449462891,0.731071684132054
162,11.5279731750488,0.125597450876261
162,15.2178955078125,0.198084417284375
173,24.4850845336914,0.310751768784824
173,26.343542098999,0.374963590750641
173,20.8462657928467,0.209379022634808
173,32.5747261047363,0.6153961796127
173,17.9061584472656,0.145655789305546
173,38.6335830688477,0.820077234588317
166,49.253231048584,0.980262766220785
162,29.6869335174561,0.647090722775314
162,51.5186882019043,0.988512238237355
165,39.5592613220215,0.884276237111983
165,49.2363929748535,0.976192151117446
165,51.871654510498,0.985236319815508
165,41.530143737793,0.914887857813556
162,33.539306640625,0.762580439265082
165,17.3493251800537,0.211325244455591
165,38.2348785400391,0.858743359096623
165,33.3216857910156,0.732228988441693
165,28.8467464447021,0.578718217714581
165,29.6185245513916,0.608242519521274
165,35.3774337768555,0.792068230407615
165,27.4136066436768,0.527054512755734
165,31.4139671325684,0.670955280760726
165,19.2973365783691,0.260786784564048
165,23.6839027404785,0.394390902612318
165,33.1011428833008,0.727018727576915
165,37.1629905700684,0.835905074460699
165,31.9979648590088,0.688922804946307
165,45.5975189208984,0.956375726026224
165,42.162052154541,0.923008340699371
165,21.6025657653809,0.327741771702793
165,33.1995277404785,0.728341555768296
165,35.2643890380859,0.788012576808146
164,19.8270282745361,0.343939244585971
164,4.69376277923584,0.0336820540952903
164,17.7771167755127,0.274466525806908
164,20.5275535583496,0.370896888085064
164,41.3551139831543,0.955054879590621
165,44.2230911254883,0.94466296172821
164,26.5833759307861,0.604811232208598
164,14.0470237731934,0.171281752375401
164,15.1194610595703,0.198573687797059
164,43.9083023071289,0.972622348700762
165,38.6947059631348,0.868464999342409
167,32.2921104431152,0.781970980444714
167,33.8486251831055,0.829418465771352
170,33.2668304443359,0.867650957867882
170,9.36515808105469,0.181068954042362
170,29.2254428863525,0.774989651618
170,28.3031959533691,0.751642890188111
170,23.3965015411377,0.600142577707556
170,29.7701606750488,0.789181138619621
170,11.4467468261719,0.23146083982869
170,17.8740081787109,0.420170687430165
170,12.1561450958252,0.250968554446017
170,37.9496650695801,0.937034491901207
172,37.7658653259277,0.923030532079993
170,23.8365345001221,0.615188989862644
170,15.311897277832,0.338469873357448
170,39.0053367614746,0.948111318830268
170,34.9425048828125,0.897078239178839
170,25.0280914306641,0.651745156551405
170,55.2234649658203,0.997752439647966
170,49.1296348571777,0.992295528146246
170,10.2039737701416,0.199023058630009
170,24.1906433105469,0.624647275737711
170,17.2318649291992,0.397172253891127
170,27.9278087615967,0.740023618660094
170,24.2330379486084,0.627015229030661
170,27.1326484680176,0.718111427048642
167,8.66046810150146,0.0749060865383478
170,30.9707775115967,0.819066318924959
170,10.8880767822266,0.21583140118445
170,32.4725151062012,0.851648842198673
170,29.8003215789795,0.791143273010608
170,12.1815347671509,0.250968554446017
170,24.0948429107666,0.623690219493917
170,22.5957622528076,0.57490131837034
170,32.821231842041,0.859161902803668
170,18.6414394378662,0.443330772165152
170,30.1727638244629,0.799971863222797
168,17.5484008789062,0.827335538901267
170,16.9423580169678,0.389750502539074
170,15.6801414489746,0.348025555768986
170,7.29771852493286,0.136739326286514
283,15.5278930664062,0.236925285248551
283,18.2550582885742,0.330219137240918
283,13.8733692169189,0.195148263795242
283,40.382137298584,0.943275288690379
283,42.8316993713379,0.962138763221416
283,42.4853286743164,0.95972496972884
283,16.0898933410645,0.256709589835661
283,0.799885630607605,0.0225434093507132
283,33.7065849304199,0.843225297548854
283,36.4111328125,0.894704888637115
283,26.1472301483154,0.618916286843076
283,49.4887580871582,0.98799084135204
285,34.7707862854004,0.919293593384695
285,9.66440868377686,0.187985438797446
285,39.4267768859863,0.96457375531531
285,23.7494945526123,0.662267970061665
285,39.2511558532715,0.963538152547426
285,3.61776041984558,0.0723627434058778
285,29.1629257202148,0.818102650201629
286,19.6857299804688,0.687029589276676
285,6.50463438034058,0.116148342251024
285,24.5163135528564,0.690821578195854
285,15.7993822097778,0.375641367623292
504,17.8740081787109,0.46991978032416
505,8.08908367156982,0.241498338020967
285,23.9338893890381,0.671404026298034
285,13.3366441726685,0.290455194489338
285,14.7382593154907,0.338520500227519
285,22.3115634918213,0.615046052941269
285,23.4076519012451,0.651951169760399
285,25.6410064697266,0.720877594891026
285,20.1607704162598,0.53583813214919
285,26.0245094299316,0.736647000674711
170,25.6894397735596,0.672535258898932
170,53.0230598449707,0.996401062704431
170,35.4202919006348,0.904756332803965
170,45.4539413452148,0.984398968678897
170,22.6776924133301,0.577592574055186
426,25.0079288482666,0.876901427631131
426,51.3106422424316,0.998442996890533
515,27.6984024047852,0.978197734523859
515,7.64140510559082,0.511187418686838
515,7.5993332862854,0.506609229222797
515,8.28417682647705,0.540066513768764
515,2.91623544692993,0.257503872812696
515,1.14578461647034,0.185900576070948
512,20.6345386505127,0.932676415296686
512,23.307014465332,0.962792868948637
512,8.87814235687256,0.5883117374683
512,11.1376724243164,0.681963562497634
512,0.0108194211497903,0.210080243253132
170,25.9675559997559,0.68388736631649
170,22.1554393768311,0.559535662012375
170,15.3544416427612,0.341490518717721
167,27.0705432891846,0.590340217035685
170,9.76236438751221,0.191137997364883
170,38.6947059631348,0.944841771210125
170,26.2876930236816,0.691455888838086
170,31.5297183990479,0.831345046168664
170,20.4737758636475,0.505787653906819
170,27.2121543884277,0.7213498618863
170,25.0180130004883,0.651745156551405
170,8.08687019348145,0.151349483121992
170,26.0245094299316,0.685661471282902
170,44.0802955627441,0.979689440321625
170,44.8154716491699,0.98243277609889
170,16.6113510131836,0.379450142442435
170,35.3774337768555,0.904134753519126
170,17.299108505249,0.400295030341727
170,32.214183807373,0.846092505065973
167,32.7520790100098,0.798171791667816
165,11.794942855835,0.103812192041009
165,26.0245094299316,0.479587155261798
165,39.7803039550781,0.887842520744699
165,22.7243175506592,0.364429226397839
165,31.0547847747803,0.65901159500965
165,26.2876930236816,0.486445981202076
165,31.407133102417,0.670955280760726
165,33.1811256408691,0.728341555768296
166,29.4731731414795,0.606723318387055
166,22.2036437988281,0.357148676298712
166,22.3830986022949,0.364128306119827
166,23.2733268737793,0.392557568237436
166,22.3473720550537,0.362480142130644
166,30.4647941589355,0.639808800443688
166,20.1470127105713,0.291480621539561
166,31.3111553192139,0.668538868156281
298,23.8798770904541,0.413045732183202
166,20.911828994751,0.318380788549334
166,38.3955764770508,0.862232604193105
166,60.8192024230957,0.998585273686091
166,24.1906433105469,0.422219819955318
166,0.806678414344788,0.0118332534318472
166,20.806791305542,0.315889742215872
166,18.9879817962646,0.261172891149109
170,5.11186599731445,0.099989042889647
166,17.7771167755127,0.226293542393222
166,40.8782653808594,0.90721557420968
170,40.3155403137207,0.958810057815666
170,51.5942916870117,0.995233656996453
170,45.1878395080566,0.983617090927783
170,63.9034805297852,0.999739599537908
170,37.4342880249023,0.931661449639227
170,28.4264507293701,0.754165054663806
170,21.0421180725098,0.522684600254854
170,20.806791305542,0.516982844682284
170,27.3787479400635,0.722474656609572
170,18.1607513427734,0.428061159613985
170,29.380708694458,0.779440132242853
170,24.3595561981201,0.633170825408592
170,44.3195190429688,0.980668140240191
170,28.9104671478271,0.766886800875487
170,30.9356460571289,0.816400765103903
167,36.2187995910645,0.886736226354108
167,26.3342475891113,0.562574155173025
170,23.092435836792,0.590483411476017
167,7.42854976654053,0.0616892203507416
167,22.7243175506592,0.423775380285465
167,24.5163135528564,0.493923710340532
167,13.8733692169189,0.164668829402699
167,16.8213443756104,0.235928747965044
167,37.6545562744141,0.91474668001624
166,22.7708053588867,0.376279598800538
166,21.0421180725098,0.321376310932717
166,11.7942485809326,0.0991702779005023
166,39.8573341369629,0.890715133968158
291,34.227222442627,0.764135318584403
291,41.5952606201172,0.923994893638324
291,42.1794242858887,0.931710756317245
291,25.0280914306641,0.433642329402047
291,30.4792613983154,0.636835057008523
291,20.3656425476074,0.278635675278785
291,26.6655826568604,0.497074480290028
291,36.5912437438965,0.830167583781461
284,42.7917556762695,0.924894420286049
284,45.8074836730957,0.954817964262776
284,37.7473678588867,0.837502153982818
284,35.7957611083984,0.789040535422535
291,43.5074043273926,0.946829591866534
291,32.1358871459961,0.696618912728775
291,31.5297183990479,0.675483206161009
291,34.227222442627,0.764135318584403
291,44.5400772094727,0.955897138518404
291,22.3473720550537,0.341045719458826
291,31.4685401916504,0.674896016286958
291,26.1095676422119,0.476638603927393
291,34.9204483032227,0.785555754877952
291,21.0421180725098,0.298485404733397
291,13.54079246521,0.116374149461204
291,34.8263778686523,0.781442296861507
291,32.2921104431152,0.700836667348071
166,40.2722969055176,0.896969383630536
166,31.0338230133057,0.659857806688538
295,26.8377876281738,0.498664909294876
295,32.3115348815918,0.705497331951322
295,30.9356460571289,0.654241365631438
295,34.1290473937988,0.761229904325609
295,50.9726753234863,0.988775427506281
295,36.4111328125,0.827483247384203
295,18.6414394378662,0.218931415580039
298,36.4111328125,0.833741029079512
295,23.6839027404785,0.379144432927688
295,21.1197605133057,0.29367090227392
295,14.8800497055054,0.131666389411408
295,38.5546493530273,0.875761918777006
295,42.5227088928223,0.937815911039451
295,18.2079830169678,0.207587410051996
295,27.4744319915771,0.524142534795535
295,17.4326210021973,0.189237377421185
295,29.6869335174561,0.611042863662926
295,35.680347442627,0.806962092807999
295,9.66440868377686,0.0566347183299849
295,27.4917697906494,0.524142534795535
295,39.1117668151855,0.886427715288708
295,29.9875907897949,0.621975251769102
295,6.89056539535522,0.0323343613105216
295,34.2157020568848,0.765845138009137
295,25.2183952331543,0.438982515856868
295,24.6509475708008,0.417036695799796
295,32.3438568115234,0.705497331951322
295,37.584587097168,0.854880332365073
295,30.6375675201416,0.644339087446308
295,30.5801773071289,0.64299120034465
166,19.5287284851074,0.27598443331046
169,22.6574401855469,0.499036117063079
169,58.6496963500977,0.997588613419131
169,29.1629257202148,0.715442949548956
169,25.919942855835,0.611699590937485
172,15.7931690216064,0.335137221476186
283,28.261905670166,0.691833388440197
283,24.8559017181396,0.571502566700934
283,13.7193269729614,0.190932306577728
283,9.36515808105469,0.100280198655543
283,22.4424629211426,0.483172846346641
283,22.989767074585,0.498356386058001
283,11.6352968215942,0.141574235716696
283,37.4106712341309,0.909653706961633
283,18.0816822052002,0.322403366446352
283,37.7658653259277,0.914161937444493
283,22.3473720550537,0.477054291733858
283,41.1260070800781,0.949578912088941
283,53.9911727905273,0.995126145818405
283,38.9411277770996,0.928403206203867
283,40.2407722473145,0.941742828866668
283,45.353687286377,0.975605902791492
283,43.9822616577148,0.968994207572699
283,31.8522281646729,0.799466685925857
283,27.4136066436768,0.662044084738935
283,39.2637672424316,0.932175675416433
283,9.7536792755127,0.107691977832371
283,41.2594566345215,0.950759289832389
283,24.3595561981201,0.554556359651845
283,8.07680702209473,0.0800377359768077
283,59.5776824951172,0.998765455782666
283,29.380708694458,0.727915030857963
283,27.1415023803711,0.654361473192674
283,33.1257934570312,0.830884369248339
283,40.0382537841797,0.939799606615983
283,18.2079830169678,0.325221151556665
283,35.7591285705566,0.883502584756426
283,30.5153732299805,0.761330102905016
283,46.2208862304688,0.978833321860573
283,16.0898933410645,0.256709589835661
283,18.2550582885742,0.330219137240918
283,24.4850845336914,0.557516331756111
283,42.8183975219727,0.962138763221416
283,32.0506439208984,0.804086634761109
283,13.5856800079346,0.185923036211416
283,18.270715713501,0.330219137240918
283,22.5840225219727,0.48736736266824
283,5.87825012207031,0.0558038812535476
283,9.15982437133789,0.0966533018415473
283,25.8147010803223,0.608536636284541
283,47.9646110534668,0.98432331968263
283,21.4643592834473,0.442024381684058
277,33.4369010925293,0.860129858670236
277,33.1011428833008,0.854975219494978
284,37.1629905700684,0.82421841523997
284,23.0468883514404,0.367380084205754
284,19.8270282745361,0.268691733036982
284,27.4744319915771,0.517988866558115
284,23.9338893890381,0.397728895806207
284,30.3704490661621,0.621348250413058
284,31.898738861084,0.672427361248951
284,17.3493251800537,0.203366847923745
284,32.9275360107422,0.705464159108145
284,32.2921104431152,0.684553708582481
284,32.7331657409668,0.699493825556419
284,38.4177665710449,0.85338172998685
284,29.380708694458,0.586265744808095
284,38.8766555786133,0.862109161545486
284,21.6150684356689,0.320550424392208
284,18.7780323028564,0.238716585621623
284,12.6043825149536,0.10727801997606
506,16.5583381652832,0.391259113961452
291,21.714729309082,0.319418775891632
291,5.10885572433472,0.0251469539134171
507,39.6455955505371,0.933256523578494
291,48.5270652770996,0.98002302868991
291,41.3220710754395,0.920782558270512
291,49.3975486755371,0.983207203974952
291,41.5555000305176,0.923994893638324
284,44.1412315368652,0.939787080526244
284,45.1878395080566,0.949781560801291
284,37.7843437194824,0.83836512934494
284,61.2737808227539,0.997676923771585
506,36.5912437438965,0.917918167780095
284,26.2596969604492,0.475567154042715
284,51.989387512207,0.984584394198668
284,32.4789237976074,0.691421573370414
284,62.2119750976562,0.998145040679175
284,57.3176727294922,0.994554454989361
284,59.9875869750977,0.996894578782325
284,57.1796035766602,0.994369696249259
284,4.71406507492065,0.0246056253277049
284,36.9698143005371,0.820088297169459
284,27.8516941070557,0.532270118199519
284,53.9435806274414,0.989287218288996
284,24.8864231109619,0.427198605969965
284,52.3887329101562,0.985656087040257
284,56.4686317443848,0.993502574182247
284,43.1864013671875,0.929556698817452
284,36.2544021606445,0.801837727458282
284,33.2301559448242,0.715845665172931
284,22.9668617248535,0.362169979883874
284,48.7473602294922,0.972701780963676
291,38.2438507080078,0.866972811961569
291,42.8316993713379,0.939419318233967
291,25.5729541778564,0.45285376364721
291,18.7780323028564,0.231295447244692
291,27.0171222686768,0.507924455884623
284,49.187873840332,0.974711089855409
284,51.5942916870117,0.983511779867103
291,32.6319389343262,0.713263607577774
506,31.9517345428467,0.851020101980716
506,23.9446697235107,0.658795689372215
506,23.3965015411377,0.639696088817434
506,41.7568397521973,0.964197339172034
503,29.2254428863525,0.623078054524155
503,36.4111328125,0.808692087778021
503,43.6086616516113,0.92074413159386
503,54.590202331543,0.986507463043171
503,34.227222442627,0.758969576647481
503,38.5766143798828,0.84941459666864
279,31.6581325531006,0.950147856586043
116,36.2187995910645,0.950660979832376
98,30.1285095214844,0.889694893509578
100,19.4712200164795,0.560273965312628
100,21.2226734161377,0.640035762371812
100,18.3331737518311,0.511528575305869
100,27.9024772644043,0.8704987041462
100,30.194845199585,0.915226149105675
100,47.9298286437988,0.997447673583209
100,52.3574562072754,0.998869653605241
100,18.0816822052002,0.498154938347161
100,26.5650520324707,0.835790045075489
100,28.261905670166,0.877990708169467
100,27.1326484680176,0.851552097580186
100,16.3980369567871,0.419308487709346
100,11.3099327087402,0.210129478944371
100,25.2681045532227,0.79735826765368
100,24.3910293579102,0.767371093147142
100,25.766637802124,0.813768513147461
100,0.701855838298798,0.0217873735411666
100,19.4405136108398,0.554433842273039
100,19.2679309844971,0.552351961342579
100,10.5372037887573,0.185987749258942
100,17.8740081787109,0.488597018737993
100,37.1629905700684,0.980264705412784
100,26.6655826568604,0.83904058922765
100,9.92059803009033,0.167236984252848
100,22.6660137176514,0.703563997083664
100,16.0898933410645,0.405357969633915
100,28.8786373138428,0.890418132373993
100,21.7271423339844,0.661943408175321
100,20.3112831115723,0.602409702672067
100,15.1194610595703,0.360112183154433
100,28.3031959533691,0.879713901025507
100,29.380708694458,0.901014863735784
100,26.7292366027832,0.839381183244903
100,51.1100387573242,0.998574826909056
100,41.7031707763672,0.991958788123912
100,41.9308319091797,0.992194010867078
100,32.214183807373,0.943202754554115
100,35.4416770935059,0.971394359975946
100,23.8473796844482,0.747625154996887
100,26.5650520324707,0.835790045075489
100,31.461727142334,0.93466768135301
100,32.2726631164551,0.943895650507964
100,32.9275360107422,0.950925723895331
100,32.5810928344727,0.946945031318684
100,22.5840225219727,0.700049492568132
100,32.9773254394531,0.951448322840554
100,37.0425300598145,0.979718690628875
100,45.5452270507812,0.995959703470334
100,33.3460083007812,0.95510545110081
100,26.2596969604492,0.826872867961279
101,33.5332984924316,0.987428918960012
101,15.1982698440552,0.481994830469819
276,21.8260860443115,0.711647092971332
283,18.0340270996094,0.319833844341353
283,14.3029146194458,0.206270446433307
283,28.2205123901367,0.688466039313575
277,20.3656425476074,0.487681441828316
277,30.6304054260254,0.79635682456579
277,37.4295654296875,0.925811065194053
277,39.8775405883789,0.951628380663853
277,19.4856185913086,0.455845478476992
277,18.0340270996094,0.40954931835228
277,8.65661811828613,0.148236319249379
277,43.0298042297363,0.973395885112578
277,34.9369926452637,0.888254261217407
277,24.5163135528564,0.623698471991411
277,34.3533973693848,0.878888039178199
277,15.3544416427612,0.324078635822169
119,29.9801406860352,0.643722292184988
119,6.50463438034058,0.0425407746413982
119,28.0622615814209,0.575953967912686
119,48.9339447021484,0.97960500046073
95,35.2697906494141,0.84712256156925
95,38.0589256286621,0.901079039411531
284,43.1864013671875,0.929556698817452
284,40.4172744750977,0.890910791476955
98,35.5269432067871,0.958602601810212
98,29.9801406860352,0.887515723914225
98,32.530086517334,0.926981895604583
509,21.4643592834473,0.446866654245078
507,35.806209564209,0.897241149626003
525,13.5856800079346,0.445315724586823
485,24.3490505218506,0.434218865336008
485,33.1011428833008,0.755287748193768
485,30.8298053741455,0.677006054324891
485,37.8947486877441,0.879019751116546
485,22.8749027252197,0.382806500197586
485,15.8866176605225,0.184565106360769
485,29.6185245513916,0.632402008663948
485,18.4108638763428,0.246293403619174
485,15.5851955413818,0.176424947248339
485,21.5021743774414,0.337030454298049
485,15.2178955078125,0.170749483667489
485,34.3362503051758,0.790729221810482
485,28.7747631072998,0.597684705373586
481,30.7375259399414,0.609390770535397
481,38.0362243652344,0.858810069177201
485,23.2733268737793,0.3966151328298
485,34.7261772155762,0.802536832961773
332,12.0025415420532,0.0907310722154177
332,36.8918838500977,0.822784271891057
332,20.3656425476074,0.251568464761518
332,12.1815347671509,0.0937169218843778
332,38.8895721435547,0.872823123684166
332,36.5364227294922,0.813986269230697
332,24.2798690795898,0.36969823539483
332,25.2978572845459,0.406141405475375
332,23.5850028991699,0.346069948279138
332,27.9951725006104,0.506411016223681
332,23.9446697235107,0.36061500601121
332,17.9061584472656,0.190741043862075
332,24.5163135528564,0.381140794006476
332,25.3769340515137,0.408429616166861
332,29.2877254486084,0.556870934907725
332,55.0250053405762,0.994156238770138
332,30.9988269805908,0.623783317999575
332,34.6084861755371,0.755335301322466
332,36.3354873657227,0.8079750595947
332,24.8864231109619,0.390721476857313
332,24.5163135528564,0.381140794006476
350,33.8486251831055,0.634333472029988
350,8.87814235687256,0.0375258821539385
526,35.9207305908203,0.985555113844967
526,26.1472301483154,0.905494832223595
41,25.5046157836914,0.818233291743517
41,25.0280914306641,0.806709070196376
41,24.8559017181396,0.803664424433113
235,8.98487663269043,0.293096417127876
525,19.6430759429932,0.7081453368505
525,15.3544416427612,0.531303920356317
525,9.15982437133789,0.254499196238172
525,9.76196956634521,0.281185908375532
482,6.82953596115112,0.258358222623996
482,15.5851955413818,0.756185394934697
482,25.9675559997559,0.98458193377233
479,15.5851955413818,0.726029591545019
479,22.8749027252197,0.946993958661717
236,28.2205123901367,0.944636668865444
41,39.6947174072266,0.984678447434089
526,9.66440868377686,0.321184392322595
526,29.8003215789795,0.950639079228156
526,30.1358947753906,0.953201000640718
526,32.4725151062012,0.970402540833294
526,17.1642913818359,0.654372388623625
350,45.7287712097168,0.94419332255862
350,38.4177665710449,0.798213652936521
386,23.2733268737793,0.225271541537902
386,45.3425025939941,0.917736547900382
332,43.1083106994629,0.942738665718419
386,30.5801773071289,0.445816669696419
332,26.3342475891113,0.444498002848504
332,33.4731178283691,0.714573843806384
332,28.8147926330566,0.538266476264659
332,29.7146511077881,0.57505244521709
332,42.5227088928223,0.935372064714105
332,31.3111553192139,0.63618164953613
332,29.6565647125244,0.574345775314342
332,18.7780323028564,0.209306368495617
332,32.4404449462891,0.677415725474923
332,28.548791885376,0.529028215997155
332,22.6660137176514,0.318597873593386
481,28.3031959533691,0.511332893966697
332,19.2973365783691,0.222150978256166
332,23.7167320251465,0.351387281823193
481,31.4139671325684,0.637085847017453
481,53.5915832519531,0.994561685693085
481,29.9801406860352,0.578869383673074
481,45.4539413452148,0.96882878066541
481,40.9198341369629,0.91827665350103
481,49.967414855957,0.988292645832085
481,25.4163265228271,0.396864443102789
481,9.09027671813965,0.0395637365828029
481,19.980920791626,0.219783942224824
481,44.1290626525879,0.958522483742666
485,43.8835639953613,0.961295565878064
485,18.8683834075928,0.260684075336082
485,35.4565277099609,0.822234825043432
485,20.8331184387207,0.31731848209426
485,31.6379241943359,0.704865641706246
485,15.6422462463379,0.177301034901841
485,45.3229103088379,0.971135241837473
485,19.9111671447754,0.289506427128147
485,41.1408920288086,0.932866521521932
485,23.0468883514404,0.390241129146504
470,31.7387256622314,0.566713442733257
330,27.0705432891846,0.32312240162998
470,32.1162528991699,0.585167707692376
470,35.3129348754883,0.714846900606023
470,29.2254428863525,0.46175149071045
470,36.5812911987305,0.762700144754957
480,34.3362503051758,0.790611047570348
480,65.6909332275391,0.99916157925014
480,50.6952896118164,0.987905117698498
470,19.8691577911377,0.165538581401423
470,42.8150672912598,0.922508731778361
470,41.4647445678711,0.898088083612588
470,33.1442604064941,0.628486181877742
470,53.4779090881348,0.992571901602043
470,38.8421592712402,0.833765532383941
470,51.7059783935547,0.989069451391994
470,29.9875907897949,0.494501525017818
470,39.0820388793945,0.841718644172838
470,39.3642807006836,0.849188354087446
330,30.2462558746338,0.427991143459468
470,38.8032646179199,0.833765532383941
330,38.5766143798828,0.726616730853031
330,35.5056686401367,0.619486744632489
330,30.4647941589355,0.43410474743549
330,41.0251426696777,0.800121306339728
330,50.070556640625,0.956329717697771
330,39.8573341369629,0.767302641651651
330,45.9796524047852,0.907517459868801
330,39.8411483764648,0.764766985831891
330,23.2733268737793,0.220815225712233
330,45.2555351257324,0.896250103051502
330,37.7658653259277,0.699702033942221
330,40.9688186645508,0.799235652286566
385,31.1383686065674,0.420224454287715
385,26.371395111084,0.2633698643431
385,19.6857299804688,0.121214326810434
385,15.7931690216064,0.0697173872356354
330,44.7485733032227,0.886327715554299
355,34.9920196533203,0.669154939506031
355,42.8150672912598,0.89738935410027
355,29.9950370788574,0.481793374417043
355,26.9903469085693,0.375938203768769
355,46.9155654907227,0.954307667763634
355,50.3886413574219,0.978133313051189
388,12.2068653106689,0.241583563333834
388,37.5752372741699,0.903091048565034
388,31.461727142334,0.786770318468315
388,42.7550506591797,0.960306843075074
388,30.9777927398682,0.774927757435804
391,33.7065849304199,0.866628271453325
391,14.1329212188721,0.199929539369877
391,14.5742158889771,0.215279712460663
472,16.2357921600342,0.646391086494355
472,6.44799518585205,0.131652221003895
472,10.5372037887573,0.321726938100357
480,43.61181640625,0.956376961584962
470,31.3660678863525,0.552483189389949
470,28.9501686096191,0.450734177663469
470,26.0245094299316,0.340953257871881
470,28.548791885376,0.435198916329864
470,17.5484008789062,0.121446310076627
470,17.299108505249,0.117424158584146
470,29.6869335174561,0.482611255472578
470,41.4136810302734,0.89769321688011
470,34.7707862854004,0.694147384450573
470,19.5287284851074,0.15872757294189
470,36.2544021606445,0.750755868773213
470,45.9153366088867,0.960249492029624
470,41.9272994995117,0.906644119717219
470,35.2697906494141,0.712885847214906
470,36.6953811645508,0.765022421524664
470,40.456226348877,0.876053457518626
330,25.6603965759277,0.282509510181488
330,42.5904273986816,0.840334946825425
330,54.8015937805176,0.982848696840147
330,9.79425716400146,0.0352648129173586
330,41.609691619873,0.815823999811563
330,56.6615715026855,0.988166154353484
330,55.7902717590332,0.985830712880849
330,61.8670043945312,0.995986291205879
330,13.4957332611084,0.062612915003121
355,22.4424629211426,0.248720926349845
355,26.4823360443115,0.361832219670465
355,36.6607437133789,0.729026531270985
355,20.911828994751,0.211535036786121
355,37.8947486877441,0.769629467482405
355,31.8122577667236,0.548659523394341
355,23.2733268737793,0.268257640123028
388,28.261905670166,0.709612887409153
388,40.3782272338867,0.938560210045157
388,29.2254428863525,0.732968706751339
388,23.0354804992676,0.572521095461411
388,25.0582885742188,0.627490292529004
472,15.6801414489746,0.61173650896632
472,25.0280914306641,0.931853825799516
475,32.2726631164551,0.984492509947202
475,25.8147010803223,0.917721311255294
475,30.194845199585,0.972493954100396
480,23.7712993621826,0.431127781306141
480,40.082160949707,0.915458221079244
70,22.2996101379395,0.655681818181818
70,37.2443885803223,0.965664614270192
474,24.5578594207764,0.300974128378858
474,39.8573341369629,0.876345639706259
470,39.8451957702637,0.859831163484566
474,25.5729541778564,0.332333168749288
470,43.5707740783691,0.933731446354344
470,29.3110198974609,0.465354870982165
474,34.0593910217285,0.684944853335799
474,13.5182847976685,0.0684631097797601
470,33.0702781677246,0.624401170434575
470,10.5372037887573,0.0421931925329461
474,57.1448097229004,0.996935103795286
474,27.9615249633789,0.426867712408371
474,34.6309700012207,0.708640001849506
474,23.2733268737793,0.257669258727771
470,21.9121475219727,0.21481104387359
470,28.2205123901367,0.419705266512911
474,31.9979648590088,0.598467221628656
474,34.981029510498,0.722536069501806
470,25.0582885742188,0.307392241665523
470,36.6508331298828,0.765022421524664
330,48.8105697631836,0.944395764877693
330,29.0608291625977,0.386732855174363
474,25.0180130004883,0.314161769052805
474,44.1290626525879,0.949473798935543
330,30.3704490661621,0.431778727814484
330,33.6351051330566,0.549104335229481
330,41.9378890991211,0.823874972028878
330,22.2996101379395,0.197125157521582
330,44.6989250183105,0.884740133554747
330,30.113733291626,0.422729039324453
330,30.194845199585,0.425262339681306
330,42.5904273986816,0.840334946825425
330,15.9794054031372,0.0919396059310556
330,44.6989250183105,0.884740133554747
330,28.3031959533691,0.363271266885725
354,31.461727142334,0.380810633717121
355,17.8740081787109,0.149777762112707
355,25.5729541778564,0.331601003224119
355,26.0339813232422,0.348394989815643
472,22.1554393768311,0.875513328168104
472,6.88967514038086,0.153329025996831
472,12.9645881652832,0.458873425967877
472,9.3989143371582,0.262623489639605
472,12.7739133834839,0.445516035892088
472,20.5945072174072,0.830282541614501
475,22.0464286804199,0.814402444318794
475,12.9645881652832,0.377233551497936
475,24.60964012146,0.89125511533085
475,39.9380035400391,0.998281338348086
70,26.0245094299316,0.779722021006882
474,15.1982698440552,0.0876632973725451
474,35.5056686401367,0.742139185259435
474,23.5408515930176,0.265250583337599
474,25.1785163879395,0.321921438915925
474,40.1458015441895,0.882212868270563
474,7.5993332862854,0.0251615428185486
474,36.5364227294922,0.779272978877647
474,35.2859840393066,0.732450744508865
474,43.4915199279785,0.941354135875964
331,55.9795150756836,0.991267437490328
474,28.0873489379883,0.431668172142802
474,40.8441696166992,0.897846150797517
474,41.8103141784668,0.917074411254246
474,31.1383686065674,0.561680210447399
474,56.5356216430664,0.996485937972181
474,34.181095123291,0.689317614731318
474,21.714729309082,0.212914508221221
330,45.1850090026855,0.894673120635033
330,54.9138412475586,0.983163151138277
330,22.5840225219727,0.206160713234168
330,37.4295654296875,0.688684356193101
355,49.8634490966797,0.97542026705648
475,16.5583381652832,0.56468478521951
475,18.4572772979736,0.662831256368522
475,12.6043825149536,0.359891032077208
475,38.1809501647949,0.99710125035619
475,32.1358871459961,0.983871136181558
475,22.8749027252197,0.841661581795315
475,11.1152610778809,0.286668138668544
475,19.9111671447754,0.732189398901071
475,23.8473796844482,0.871058603080164
480,20.8462657928467,0.334041650403707
481,32.4211730957031,0.675472050290581
474,20.911828994751,0.193689550454368
474,41.6852378845215,0.913813005001924
474,19.9251441955566,0.170507970216343
474,31.6917610168457,0.585253159435702
481,33.653003692627,0.72263560068025
474,11.1433010101318,0.0458347300959266
474,29.496208190918,0.489551114905535
474,34.9425048828125,0.720934264912058
474,42.5633773803711,0.92873455786065
388,30.113733291626,0.754620123528063
391,26.2876930236816,0.637695354387403
8,20.1589813232422,0.441506725850608
8,31.1383686065674,0.823595931869199
8,37.5752372741699,0.941829305716309
383,45.8345222473145,0.921151889898971
391,34.0069541931152,0.872220146992868
391,32.3438568115234,0.833550503656082
391,27.5523052215576,0.68499684134823
391,18.2550582885742,0.334920363247036
469,14.1969470977783,0.240106979438524
411,23.0468883514404,0.477633218662913
411,33.2668304443359,0.849706804002307
383,33.5212783813477,0.569114582714179
383,35.3988761901855,0.63954955582237
383,12.9645881652832,0.060113001642209
383,25.2681045532227,0.287152219359725
382,36.9843826293945,0.778148067399632
404,18.9879817962646,0.600637329457441
410,11.3648767471313,0.100554771800053
406,12.1815347671509,0.190969210396723
406,7.92712593078613,0.0857490649313271
406,33.895694732666,0.900247019200429
406,6.45483016967773,0.0617732836390377
406,34.3533973693848,0.909170604319073
406,32.6319389343262,0.875905528028296
406,18.6414394378662,0.41527875146383
406,16.0898933410645,0.320454272402371
406,28.8147926330566,0.779755515683937
406,23.7057952880859,0.611567258271711
406,33.1011428833008,0.886880785180432
406,11.3099327087402,0.163680916149458
406,17.7446708679199,0.379226622623051
406,21.714729309082,0.534879084695504
406,36.2899284362793,0.936172403822922
406,25.108491897583,0.661301161425925
406,28.0371341705322,0.757753511540985
406,27.061653137207,0.727308494107054
406,24.1906433105469,0.627131712327592
406,17.8740081787109,0.387936326873339
405,21.5021743774414,0.703457803729007
405,8.20672702789307,0.221301743968727
406,16.6817111968994,0.343647144096294
406,23.8365345001221,0.6161340108868
406,11.9767255783081,0.182027141746245
406,27.6298122406006,0.745121337785224
406,40.9085083007812,0.976970839588028
406,23.0468883514404,0.587048853294888
406,34.742919921875,0.914558553848469
406,34.2617301940918,0.906720216098892
406,29.6185245513916,0.803609833767036
406,35.2643890380859,0.922440459923082
406,28.7747631072998,0.77710180861359
406,20.2430553436279,0.480132183657653
406,32.2726631164551,0.868060589017349
406,35.9310989379883,0.932318587435687
406,25.718433380127,0.682936135436759
406,7.64140510559082,0.083838659891132
406,1.61234855651855,0.0178088829213486
406,10.7725086212158,0.148833359078253
406,22.8749027252197,0.579185430752108
406,9.12221145629883,0.108861401236548
406,5.87825012207031,0.0562559493868088
406,24.8559017181396,0.652638986257494
406,40.8441696166992,0.976473104480804
406,29.5038795471191,0.800604939591857
406,24.2012519836426,0.629743171325177
406,36.8135719299316,0.942377589509804
406,12.8457937240601,0.206230006429629
406,37.4106712341309,0.94993471352506
406,20.6744632720947,0.495855067986391
406,27.3787479400635,0.735339588688607
406,35.5056686401367,0.926189976380687
406,41.0663146972656,0.977743187168204
406,26.4823360443115,0.708675773766851
406,30.1063404083252,0.816999832327961
406,33.1995277404785,0.887679537806084
406,21.5273342132568,0.52710807981189
406,9.3989143371582,0.117266127211588
406,10.4173717498779,0.14261365061636
406,6.45483016967773,0.0617732836390377
406,18.7629203796387,0.420035620406347
406,24.7024307250977,0.647809503439917
406,23.2733268737793,0.593800623423124
406,18.5342979431152,0.410836102562478
406,20.6744632720947,0.495855067986391
404,28.028751373291,0.870959761373955
404,20.9510326385498,0.66988119301777
404,16.0898933410645,0.493860748995651
404,32.6319389343262,0.943468989578384
404,51.7059783935547,0.999346364804345
404,8.08908367156982,0.230263731258944
404,4.04618263244629,0.131583090387205
404,24.9472904205322,0.793738737092462
404,16.8906269073486,0.522341672687607
404,21.8014087677002,0.700558471533836
404,14.799222946167,0.444886604836057
404,4.04469108581543,0.131583090387205
404,26.4823360443115,0.835659946640877
404,41.6852378845215,0.992831097854109
404,16.3980369567871,0.505229081565238
404,29.9950370788574,0.907445959128824
404,8.98487663269043,0.255435714627091
404,22.3473720550537,0.716483273967327
404,15.2765941619873,0.463953073209953
404,17.6305160522461,0.549185697056252
404,6.50463438034058,0.192132903011782
404,41.3036804199219,0.992226661006514
404,34.8541030883789,0.964404995178562
404,10.8880767822266,0.313205117752732
404,27.2385711669922,0.854018661636253
404,21.6150684356689,0.691081464030385
404,22.3473720550537,0.716483273967327
404,33.1811256408691,0.949723505283903
404,45.8020668029785,0.997504940919812
404,15.8679809570312,0.486043834322454
404,34.9920196533203,0.965369282800539
404,34.0593910217285,0.957636708152588
404,12.6784133911133,0.369104983652092
404,34.3190841674805,0.960107168058746
404,0.0109108174219728,0.0616321762818981
404,24.8151187896729,0.791375107884949
404,23.0012092590332,0.739574870046078
404,27.758186340332,0.865930284535132
404,13.4957332611084,0.394730997489479
404,30.8863391876221,0.920976910512422
404,24.1906433105469,0.772605938100044
404,23.307014465332,0.747724224985451
404,21.3630599975586,0.682341026080747
404,32.6319389343262,0.943468989578384
404,23.9338893890381,0.768304596812509
404,32.1358871459961,0.937617900326958
404,30.6947612762451,0.917181609376362
404,17.5484008789062,0.546096040798081
404,15.3544416427612,0.467844662541502
404,16.4516849517822,0.506079510153133
404,25.718433380127,0.816368571532992
404,25.3769340515137,0.806907026367503
404,24.8151187896729,0.791375107884949
404,33.5332984924316,0.95275201502377
404,25.996057510376,0.823876239446954
404,23.4521751403809,0.751589809475883
405,31.5500602722168,0.943304138200177
404,25.5729541778564,0.811007357261536
404,32.2661743164062,0.939111421607352
404,27.1326484680176,0.851466673039024
405,26.371395111084,0.848804448594006
405,16.2539176940918,0.510834144309254
404,31.8389167785645,0.933341861046997
405,33.3945465087891,0.962388830432756
405,32.3115348815918,0.952061031495505
405,18.0340270996094,0.576359352075522
406,24.3595561981201,0.636584718608032
405,23.1718292236328,0.757665574936645
405,25.0079288482666,0.812492487152001
406,24.4433498382568,0.637606593867956
405,18.0816822052002,0.579272278784705
405,24.7332420349121,0.805169827414444
406,29.5038795471191,0.800604939591857
405,29.0765781402588,0.905101820702692
405,28.8786373138428,0.900972018449085
405,23.0354804992676,0.755546334306504
406,26.6382255554199,0.714322492741913
406,11.7942485809326,0.175299136158937
405,13.6080598831177,0.404462096549771
405,29.8679828643799,0.91910494604746
405,19.2535419464111,0.623081445035592
405,39.385139465332,0.992833772165989
405,24.8559017181396,0.80907074509339
405,31.0338230133057,0.936332215256886
405,25.0984630584717,0.815062910325
404,8.20672702789307,0.235279854260436
405,33.1257934570312,0.960534700712836
405,24.0948429107666,0.787621461139845
405,23.0354804992676,0.755546334306504
405,29.6185245513916,0.915111815878003
404,30.2901954650879,0.912157052372344
404,19.4712200164795,0.61592606753387
404,26.2876930236816,0.830009867782954
404,23.0012092590332,0.739574870046078
405,35.7591285705566,0.979652325977741
404,21.1068458557129,0.67548137069409
411,19.6999206542969,0.325981924285259
406,29.8003215789795,0.809413662762681
406,35.8843803405762,0.931474946232726
410,30.8298053741455,0.709721851527052
406,28.548791885376,0.773299482065033
406,25.9485282897949,0.690256934295005
406,25.9485282897949,0.690256934295005
410,26.5650520324707,0.560452968315095
410,26.4823360443115,0.557197735158425
410,15.736777305603,0.199555801273497
410,26.5650520324707,0.560452968315095
410,33.7065849304199,0.79530159759027
410,17.3827037811279,0.24810786593968
410,42.1063232421875,0.953259046021276
410,37.2204895019531,0.877383040378236
410,44.0282974243164,0.969964159072711
410,34.9425048828125,0.82628112250734
410,44.1077461242676,0.970826819689633
410,34.2617301940918,0.809542646890609
411,13.6749458312988,0.123317752674859
411,20.1882495880127,0.344386325048295
411,26.7292366027832,0.637066104203551
411,23.6839027404785,0.502960190678222
411,25.5729541778564,0.586267981948483
411,17.8740081787109,0.253405832462887
411,32.9337692260742,0.840887734566881
411,32.1162528991699,0.821465012078707
391,44.2502784729004,0.983954798589621
391,20.2430553436279,0.405913612435718
391,28.6540908813477,0.723917177943491
391,31.3523578643799,0.807430098432501
391,23.8798770904541,0.546684540013268
391,32.9835395812988,0.848878605745706
391,40.8441696166992,0.966290501848759
391,28.028751373291,0.702197647064703
391,27.1237907409668,0.671211210736001
391,23.8798770904541,0.546684540013268
391,33.6171836853027,0.864000156579178
391,23.5408515930176,0.531741639359008
391,32.2402000427246,0.829933358069512
391,41.0663146972656,0.967914594387053
391,22.5840225219727,0.496770762669692
391,26.9187316894531,0.661174735283327
391,37.9907264709473,0.93902615247064
391,26.371395111084,0.642110803921642
391,32.4981269836426,0.836844080036946
391,25.0280914306641,0.589500616530514
391,17.3493251800537,0.300885630154151
391,22.0221004486084,0.473679914681005
411,21.1197605133057,0.389390095863396
411,24.8559017181396,0.558086684384792
411,27.5436706542969,0.669641308775312
411,17.7771167755127,0.246213053069685
411,19.8270282745361,0.331472795686349
411,23.4076519012451,0.493643051012877
411,32.214183807373,0.823204224926096
411,29.2254428863525,0.73189807103651
411,41.3771018981934,0.965728936872119
411,27.7496585845947,0.67914295623838
411,20.8462657928467,0.377774170521502
411,2.51430702209473,0.0145861984134346
411,23.3518218994141,0.492312175094875
411,41.1743316650391,0.964119786898535
411,19.4712200164795,0.314968926063793
411,24.9472904205322,0.559065684775989
411,23.7057952880859,0.50707582363071
411,32.0572166442871,0.819751005214614
411,24.7844638824463,0.554150518033369
411,14.8800497055054,0.151868065833995
411,25.8147010803223,0.601830156035119
411,17.3493251800537,0.233045447396121
411,25.0984630584717,0.567754691337611
411,21.4643592834473,0.401607940086386
391,26.194185256958,0.63518134242492
391,21.8137531280518,0.467099424863024
411,30.1285095214844,0.762366055404768
411,22.1554393768311,0.435826574769012
391,25.8147010803223,0.623273829081334
391,10.6849336624146,0.117168282222308
391,30.1727638244629,0.772971851977707
391,29.1315784454346,0.739156579594485
391,29.5038795471191,0.751884051452917
391,40.9688186645508,0.967303685732264
391,25.6894397735596,0.61439753870858
391,23.5960235595703,0.533753848370556
391,25.9485282897949,0.625813659950836
391,35.6961326599121,0.904655357152524
391,35.5056686401367,0.902058058393206
391,5.87519502639771,0.0463336943815976
391,34.3819389343262,0.881146825877708
391,27.1415023803711,0.671211210736001
390,25.4163265228271,0.362719419660285
390,32.6192436218262,0.686591001043419
380,39.4475517272949,0.840800952824314
380,32.3115348815918,0.666680773625629
380,32.214183807373,0.662491006813661
380,33.1257934570312,0.690592069067671
380,38.4177665710449,0.820904094847131
392,18.5803146362305,0.180929828266909
392,42.2763404846191,0.911629216829951
392,42.9244766235352,0.922348047896798
392,36.6508331298828,0.778485705156325
392,37.4106712341309,0.802034964012413
392,25.6603965759277,0.385449262647105
392,35.5269432067871,0.741358646498454
392,27.4136066436768,0.446545570737678
392,22.7708053588867,0.292875865841308
392,23.6839027404785,0.319202586557052
392,47.4091873168945,0.968678072213467
392,27.061653137207,0.434921498859987
392,47.5244903564453,0.969375077851251
392,30.5153732299805,0.560680650105336
392,26.4454402923584,0.412999669639907
392,38.6335830688477,0.834039816514755
392,17.6958618164062,0.160154240253023
392,27.6298122406006,0.455217252378863
392,21.6150684356689,0.258214593250906
392,24.2330379486084,0.337746619224791
392,14.7382593154907,0.105482894387669
392,18.2550582885742,0.175193748070643
392,44.6784324645996,0.944696637367518
392,37.9130744934082,0.8160655196131
392,39.213264465332,0.84942349455989
392,41.9272994995117,0.905711438582809
392,40.4172744750977,0.877358689824368
392,34.2157020568848,0.69757456118973
392,48.1714515686035,0.973267369629618
392,38.2707328796387,0.824284987029305
392,22.2996101379395,0.276659788677856
392,33.895694732666,0.685986774764822
392,34.6253509521484,0.711809831732982
392,27.6984024047852,0.458279582121562
392,37.9130744934082,0.8160655196131
392,29.3884334564209,0.519634762546914
411,18.5342979431152,0.276766737781148
411,23.6839027404785,0.502960190678222
411,19.980920791626,0.338987203426401
411,44.6667098999023,0.982710711937957
411,27.4136066436768,0.663804611283408
411,15.0600318908691,0.156863891723162
411,23.2733268737793,0.485807014925975
411,28.0873489379883,0.691450533761902
391,20.5275535583496,0.416696754022024
391,43.3541946411133,0.98047507621783
411,19.0028629302979,0.300046983952863
391,40.9198341369629,0.96693056088244
391,26.194185256958,0.63518134242492
391,18.270715713501,0.334920363247036
391,18.0816822052002,0.326852371237571
391,21.9244022369385,0.471538194700378
391,37.2730178833008,0.929696365489116
391,15.5851955413818,0.24146050061195
391,39.8694610595703,0.958635195917614
391,34.7707862854004,0.888354048841876
391,25.1785163879395,0.598140372400255
390,40.8175964355469,0.934115542684355
391,11.8728370666504,0.143411535471222
391,24.3174934387207,0.563200728259752
391,36.3758773803711,0.916198907193939
390,36.5164413452148,0.832378640432132
390,30.2168979644775,0.58237686591001
390,30.5729885101318,0.595834841677136
390,32.3115348815918,0.674708800919912
390,19.1802577972412,0.156328300788598
390,26.3249473571777,0.401893770007737
390,32.6319389343262,0.686591001043419
390,46.048999786377,0.983901535316539
390,43.1441535949707,0.963309980622218
390,15.0202569961548,0.0798605935421591
390,24.1906433105469,0.311563495950541
390,27.8347320556641,0.470248362116082
390,32.7331657409668,0.690629813391254
392,30.7375259399414,0.570711140717152
392,16.2539176940918,0.134191457212952
392,26.1095676422119,0.403153855735539
381,60.5672302246094,0.997177717240742
381,24.3490505218506,0.281737695078031
383,23.8365345001221,0.247661083382441
383,33.2301559448242,0.558532778797672
382,18.9879817962646,0.173736775988621
392,44.6667098999023,0.944696637367518
392,21.9121475219727,0.269420028486788
392,44.5961685180664,0.943722887455523
381,24.7332420349121,0.294296564779758
381,25.1785163879395,0.309845091882907
381,38.3288192749023,0.78223404746514
381,36.9892387390137,0.740973312401884
381,40.3155403137207,0.838350724905347
381,57.5057258605957,0.994037999815311
392,15.2178955078125,0.11423716605198
389,16.5583381652832,0.0894519740718916
389,41.8280982971191,0.885986299351797
389,35.0742111206055,0.682712139068945
390,32.2402000427246,0.668206951867862
389,48.038516998291,0.965427961107837
391,32.6001777648926,0.840739403524947
391,28.7747631072998,0.724604294017384
391,32.530086517334,0.837497464958121
391,38.7338714599609,0.947268213885491
391,33.3702964782715,0.858749340472678
391,29.9875907897949,0.76695979454813
391,22.5840225219727,0.496770762669692
391,31.461727142334,0.811454100021613
383,25.1785163879395,0.284674470697523
383,34.5012702941895,0.606406483244203
383,28.2205123901367,0.374967096380857
383,33.0517272949219,0.551812798361527
383,35.6381759643555,0.647772488668418
383,47.1854438781738,0.938669352168073
383,46.5661506652832,0.931305734485201
383,31.705192565918,0.500797328990339
382,35.4576988220215,0.729638396611331
381,52.2165451049805,0.981634961676979
381,30.3486003875732,0.490984855480654
381,9.3989143371582,0.0379825006925847
391,31.3523578643799,0.807430098432501
391,13.1288461685181,0.174172264580499
391,27.2385711669922,0.675146095452499
391,24.062780380249,0.555424240039211
391,20.3112831115723,0.408426375096248
411,16.3980369567871,0.200490407610997
411,14.7382593154907,0.148969377755014
411,19.9111671447754,0.337450646684707
469,18.5803146362305,0.403154512943866
469,8.87814235687256,0.097229491166158
383,39.5633850097656,0.782233234438499
383,43.5549545288086,0.882866512352231
383,27.9278087615967,0.366915686917181
383,39.3475723266602,0.773706314607848
383,40.0302581787109,0.795221460462162
382,46.4192237854004,0.954687970432201
382,24.0482997894287,0.314718493371124
388,51.5662117004395,0.99297772224375
388,30.4647941589355,0.762246913775514
391,13.54079246521,0.18472969894738
391,30.4647941589355,0.780457669277291
391,35.8218765258789,0.908246683832076
391,32.821231842041,0.845942746157251
391,36.8723411560059,0.923850048785241
411,30.7375259399414,0.781964211536678
391,18.2550582885742,0.334920363247036
469,21.3630599975586,0.515694365930142
469,11.4467468261719,0.159830461530128
384,49.0689811706543,0.938083757713924
383,23.1491870880127,0.229573008672969
384,46.9155654907227,0.908336120291044
383,41.5120048522949,0.837137699311019
383,34.1753196716309,0.592947841607497
355,28.4264507293701,0.426278424374191
355,40.8858299255371,0.85465215503968
388,24.8559017181396,0.621665651764743
388,24.5163135528564,0.614538667763288
388,27.2385711669922,0.684524195525469
388,35.8843803405762,0.875383751552009
388,39.4807357788086,0.928330631321719
388,32.5810928344727,0.809519094654762
388,28.1623859405518,0.706257226233501
388,30.1063404083252,0.754620123528063
388,30.8014678955078,0.771693251824846
388,32.821231842041,0.815837215003677
388,12.0025415420532,0.23256522392427
388,30.194845199585,0.756322944428188
388,25.4261608123779,0.637023938504852
388,25.1785163879395,0.630862403024144
391,38.911075592041,0.949502382210606
391,24.2330379486084,0.559353294679931
391,20.8462657928467,0.42846476198091
469,22.5840225219727,0.56806658517683
469,23.8365345001221,0.616341886853779
8,14.9403295516968,0.242662214178533
384,27.8516941070557,0.3076071918252
384,40.0980949401855,0.741310317589027
384,46.2340240478516,0.896450877251519
384,40.4172744750977,0.752250452185505
384,42.9376831054688,0.824188878913606
384,42.539665222168,0.812984144991119
355,25.6894397735596,0.335729470821538
355,31.0896625518799,0.522000252290089
355,27.9278087615967,0.408619973212729
355,53.3767929077148,0.988784221481017
355,31.3111553192139,0.530665303805499
355,40.3508338928223,0.842401245125793
355,37.2443885803223,0.748287766527783
355,36.2899284362793,0.714700720881828
388,22.0585784912109,0.544444637759097
388,25.7954921722412,0.646863794889639
388,26.0245094299316,0.653598525887907
388,34.9425048828125,0.858308408923756
388,29.4038734436035,0.737218008841509
388,52.3178329467773,0.993928303110345
388,52.8691291809082,0.994596082214964
388,40.0980949401855,0.93540478770097
388,44.9885368347168,0.974063851829591
388,23.7712993621826,0.592109071641531
388,33.587272644043,0.830411944736613
388,40.5647621154785,0.940661926942878
388,28.4591636657715,0.71493740559435
388,40.1020774841309,0.935727763762465
469,22.4424629211426,0.563543287616894
469,15.736777305603,0.290273905457227
469,29.0055923461914,0.789837477577917
469,15.1982698440552,0.273170650727511
469,26.8377876281738,0.722320905113851
469,27.9278087615967,0.758441755881728
469,19.4712200164795,0.437906229603877
469,23.9338893890381,0.621973947134124
469,30.2462558746338,0.823424512830281
469,9.79425716400146,0.119932478185159
469,11.8728370666504,0.169297320533779
8,20.1607704162598,0.441506725850608
8,34.1290473937988,0.88848039511805
8,31.8522281646729,0.841956404599723
8,26.2596969604492,0.67605732497928
8,26.5650520324707,0.68701899959164
8,24.2012519836426,0.601197049179536
8,27.061653137207,0.703302637905913
8,34.8596420288086,0.902904668588453
8,25.3769340515137,0.643967273245685
388,16.9423580169678,0.38972613464717
388,29.8679828643799,0.748816677079297
81,31.9186325073242,0.574436885865457
81,41.5555000305176,0.873990929705215
81,41.8458595275879,0.879727891156463
81,34.981029510498,0.684965986394558
214,18.5803146362305,0.149841405050381
214,12.7739133834839,0.0640880510193788
214,22.6660137176514,0.245469916595548
214,43.0298042297363,0.921130035049404
214,22.5840225219727,0.243362789349721
214,22.3473720550537,0.235823725035906
214,17.7446708679199,0.13314050023457
214,7.5993332862854,0.0241158791892364
214,16.8386974334717,0.118848541422823
214,29.8153800964355,0.484744943134784
214,25.6410064697266,0.329387540089057
214,24.60964012146,0.301517740057994
214,26.4177131652832,0.360063373933427
214,29.6869335174561,0.479834984396691
214,41.7318153381348,0.896474564764541
214,18.4572772979736,0.147603783222079
214,34.227222442627,0.65998635811236
214,29.1001720428467,0.457401124334918
214,35.2697906494141,0.699945720658333
214,44.8038597106934,0.946927933366104
470,23.3965015411377,0.254344640746528
470,35.6381759643555,0.726903616217867
214,41.6169052124023,0.893823843521785
214,35.9207305908203,0.726082264425255
214,16.6817111968994,0.117117686899465
214,20.806791305542,0.198999434790336
214,16.2539176940918,0.111103727982041
214,44.373477935791,0.940962809844575
214,38.4487800598145,0.811079070110016
214,27.9278087615967,0.412331657985708
214,31.4139671325684,0.548033214473851
214,44.2743988037109,0.939597019920038
214,47.9483909606934,0.973937910197311
470,34.5859756469727,0.685654208296628
470,44.6579093933105,0.947396845492897
214,40.8441696166992,0.876640989389109
214,37.3680801391602,0.775626173850807
470,41.5952606201172,0.900081009654757
470,26.0339813232422,0.340953257871881
470,30.194845199585,0.502493592269111
384,18.8833866119385,0.11587820981873
384,47.5244903564453,0.91765684493626
384,51.7631759643555,0.962901001830469
384,31.9186325073242,0.442631219151094
384,35.5905990600586,0.581051584453354
384,39.9380035400391,0.736135499685352
384,35.4576988220215,0.576436227294701
384,19.0474147796631,0.117524778058586
384,29.9278945922852,0.372784756595778
384,18.5803146362305,0.110654506995587
384,51.4745216369629,0.960631344855173
214,36.8967666625977,0.758599432868943
214,34.5916061401367,0.673207941115721
214,30.4647941589355,0.508519775133016
214,29.6869335174561,0.479834984396691
214,33.664924621582,0.637787068066935
384,28.3031959533691,0.32249846943645
384,34.399040222168,0.536589586270632
384,42.3039169311523,0.808030473151704
384,37.6592102050781,0.658860857224221
384,44.4212760925293,0.860821530470436
214,32.2402000427246,0.579066907694697
214,43.771728515625,0.932615159467582
214,14.3029146194458,0.0827623861775015
214,41.1780433654785,0.88399271792195
384,44.2140197753906,0.855401512018319
384,28.3031959533691,0.32249846943645
384,48.3886413574219,0.929314734302703
384,18.1607513427734,0.104855824405369
384,29.1237335205078,0.346788842754285
384,12.0796165466309,0.0452643316228785
384,37.6963882446289,0.658860857224221
384,34.227222442627,0.529474890610293
384,17.299108505249,0.0938745644004497
384,40.382137298584,0.750612419407779
384,8.54942226409912,0.0251415916774589
384,41.7282409667969,0.791187678517251
384,54.0471725463867,0.976676461756086
384,23.9446697235107,0.207064103648444
384,19.5143718719482,0.124404360534817
384,41.0999183654785,0.771998407748337
384,29.2254428863525,0.349536485608823
384,26.5650520324707,0.271214309159094
384,40.7490539550781,0.761070688369502
384,47.4164237976074,0.916028899522868
384,24.3595561981201,0.216470958866056
384,45.4400596618652,0.880909352616235
384,12.9645881652832,0.0519033692572829
384,45.7831001281738,0.887747033732922
384,49.4556655883789,0.942372439458355
384,50.659481048584,0.95433915736366
384,54.4068870544434,0.978468908803243
384,35.1396675109863,0.563757962228252
384,40.4133758544922,0.752250452185505
384,34.7205924987793,0.549333807180807
384,44.2230911254883,0.855401512018319
384,43.0560188293457,0.827949913908225
384,34.0593910217285,0.522578237209804
384,44.1564254760742,0.854641855888809
384,34.5012702941895,0.540138786614223
384,36.0550308227539,0.599035027208725
384,50.5056915283203,0.952754665212017
384,28.0622615814209,0.314602391015728
384,40.1458015441895,0.742284912173974
384,28.4591636657715,0.326742146016927
384,33.1749877929688,0.491048240104102
384,29.6869335174561,0.366074331459929
384,41.7139205932617,0.791187678517251
355,49.4804954528809,0.973315685394259
355,23.2733268737793,0.268257640123028
355,33.2668304443359,0.604670705781524
355,35.5216255187988,0.68834104425836
355,32.5747261047363,0.576785230641373
388,22.0221004486084,0.543453882592982
388,15.5851955413818,0.343833798606553
388,20.1607704162598,0.487791283442336
388,17.541410446167,0.407687526196332
388,38.7338714599609,0.918603073175747
388,16.2539176940918,0.371370592096418
388,40.6148948669434,0.940853308448465
388,36.2899284362793,0.881704718898528
388,35.3988761901855,0.866638091246273
388,37.7843437194824,0.905551487160832
388,13.6749458312988,0.286205189443966
388,33.587272644043,0.830411944736613
388,39.4267768859863,0.927546125315345
388,37.2204895019531,0.897398318689748
388,31.1383686065674,0.778262224295961
388,44.5696258544922,0.971871347341616
388,35.6064720153809,0.870593203584054
388,22.5957622528076,0.559922498398564
388,37.013484954834,0.89451241211872
388,54.9629402160645,0.996491866286012
388,21.8014087677002,0.538519719412569
388,43.1083106994629,0.962812200966398
388,40.4133758544922,0.939104302920545
388,22.989767074585,0.568068707542171
388,43.7123565673828,0.966860947892035
388,37.3870239257812,0.899401972336673
388,41.2594566345215,0.947388749614469
388,23.092435836792,0.573307499466188
388,47.2148361206055,0.983415289958798
388,38.8032646179199,0.919914590071887
388,25.0280914306641,0.625030170266273
388,39.9057846069336,0.933617822205
388,13.54079246521,0.280210045156545
388,28.3031959533691,0.711599775403522
388,32.8275032043457,0.815837215003677
388,31.705192565918,0.791117367476216
469,21.8137531280518,0.537714096489442
388,21.3630599975586,0.522946326186842
391,19.6430759429932,0.380318330466185
391,13.7193269729614,0.191043254581503
391,8.20672702789307,0.0750101714000636
469,35.0742111206055,0.916802604412858
8,11.3099327087402,0.133111917090934
469,4.57392120361328,0.0379976217083334
469,20.8462657928467,0.497155573651464
8,15.0600318908691,0.24840824354659
8,10.1421060562134,0.105327762890509
8,22.8749027252197,0.548893200693003
8,4.71406507492065,0.025006584495386
8,37.3206214904785,0.938296633329387
8,18.7477912902832,0.38454419585793
8,22.8749027252197,0.548893200693003
8,35.0796775817871,0.906587153347461
8,37.013484954834,0.935008010129249
8,41.6852378845215,0.974865350089767
8,18.8983764648438,0.396035046429754
8,33.8427314758301,0.884104424056001
8,28.261905670166,0.74293284297972
8,23.2733268737793,0.564197017767264
8,6.50071048736572,0.0419245090624404
8,41.0887260437012,0.971486114567803
8,25.0884304046631,0.633730497207932
8,31.705192565918,0.837736286731215
8,26.4454402923584,0.68233132214251
8,6.14724826812744,0.0365820065675811
8,36.8967666625977,0.932714914304907
8,11.3099327087402,0.133111917090934
8,27.7240505218506,0.726722902687199
8,27.4136066436768,0.713945357145446
8,20.7804183959961,0.466042126272499
8,41.3771018981934,0.973379308011821
8,4.91666555404663,0.0264587979731836
8,21.451732635498,0.491586343877386
469,18.8683834075928,0.418249937309909
469,21.0421180725098,0.503847467800884
404,11.8728370666504,0.344235218707742
8,20.8462657928467,0.470999224358525
8,27.6212196350098,0.722230947853213
89,24.1906433105469,0.336394384112086
81,22.1916065216064,0.240959939531368
81,36.5014419555664,0.73697656840514
81,42.0643920898438,0.884444444444444
81,29.511547088623,0.486538170823885
81,12.3825492858887,0.0643386243386243
81,13.4957332611084,0.0750944822373394
81,29.9875907897949,0.504074074074074
81,28.4346351623535,0.446243386243386
78,37.3728179931641,0.829037531740234
78,31.5500602722168,0.616786670840725
214,19.2973365783691,0.163781108547475
214,31.3317699432373,0.543214521885463
74,32.0637855529785,0.599569228857525
74,21.899881362915,0.223151877892949
214,20.4062843322754,0.188808048073244
214,26.8828048706055,0.374582697539176
74,31.3111553192139,0.566629733563906
214,28.6540908813477,0.440078969236903
214,23.9446697235107,0.28190512483448
214,18.5803146362305,0.149841405050381
214,35.3988761901855,0.705521762173223
214,36.0909957885742,0.730059547159781
214,28.7747631072998,0.440919578510504
214,22.7243175506592,0.246260089312734
214,32.9275360107422,0.607317783929792
214,42.3314399719238,0.908411216449683
214,24.7844638824463,0.305867292613686
470,37.9907264709473,0.809420139088708
470,33.2729339599609,0.633211302396204
470,37.3870239257812,0.7887569223414
214,40.4133758544922,0.866845889901
470,25.0984630584717,0.307392241665523
470,38.9711265563965,0.837918715886303
470,37.1629905700684,0.782074289837494
470,36.7545852661133,0.767964444287049
470,44.652042388916,0.947396845492897
470,36.3152542114258,0.75356066206579
470,51.3410873413086,0.988047755855493
470,33.1257934570312,0.628486181877742
384,53.3434066772461,0.97300931684489
384,27.5523052215576,0.298281035522266
470,9.3989143371582,0.0343817369709472
470,59.8709831237793,0.998324915116933
470,29.6565647125244,0.482611255472578
384,25.1785163879395,0.235654022026148
384,40.2841033935547,0.746364863071789
384,50.3345565795898,0.95099713596448
384,31.2698516845703,0.417686719053712
384,11.6352968215942,0.0423545149878835
470,17.8740081787109,0.127589763566904
470,4.71406507492065,0.0122709706550272
384,6.88967514038086,0.0183310688493654
384,19.8691577911377,0.129420108462445
384,22.4424629211426,0.175435560752704
384,30.5442066192627,0.392169567042563
470,24.5163135528564,0.291337279049487
384,39.9540863037109,0.736965767365204
384,35.7643661499023,0.587789167877797
384,38.1132736206055,0.674808204286199
384,54.5614471435547,0.979245635857011
384,50.210075378418,0.950020989477327
384,22.3473720550537,0.172314685417784
384,34.2157020568848,0.529474890610293
384,54.4249305725098,0.978468908803243
384,37.0860023498535,0.636687278514457
384,35.3988761901855,0.574166570319405
384,16.2357921600342,0.0817185144260949
384,44.3944091796875,0.859024427716663
384,22.0464286804199,0.166399610162166
330,20.7804183959961,0.166137865243967
330,43.4182281494141,0.859160984112403
330,33.1749877929688,0.534031728085362
330,18.9879817962646,0.135355498239291
470,16.2357921600342,0.101212488767104
470,47.1854438781738,0.969863523078898
384,38.0589256286621,0.672942041884289
384,38.3288192749023,0.680323664723944
384,52.8232040405273,0.970063806459172
384,34.8097190856934,0.551750894865609
384,38.3511009216309,0.683231153505631
384,49.3871459960938,0.941438194330746
384,46.2942848205566,0.897000250632206
384,23.0012092590332,0.187243984633064
384,29.7701606750488,0.36780703027218
385,32.3115348815918,0.464938548880155
385,28.6298503875732,0.333465039061146
385,4.35510969161987,0.00699426733489994
385,52.944766998291,0.975821601125737
388,40.4133758544922,0.939104302920545
388,30.9637565612793,0.774927757435804
388,40.5994873046875,0.940661926942878
388,33.539306640625,0.830067458026556
388,20.8462657928467,0.50950786483088
388,20.2019691467285,0.492333826285696
391,19.2535419464111,0.368347935590989
388,6.65173292160034,0.0936481901794399
391,22.3473720550537,0.485853529340481
391,14.1969470977783,0.202710069082234
391,27.061653137207,0.667363777156181
391,12.1815347671509,0.152807119022246
391,8.54942226409912,0.0791220405598372
391,14.3029146194458,0.207537788260809
391,26.6655826568604,0.654482641157587
391,11.5279731750488,0.13835394473338
391,30.9988269805908,0.796751898210208
391,28.6298503875732,0.72321840171804
472,15.5278930664062,0.602981177296941
391,18.270715713501,0.334920363247036
472,9.15982437133789,0.249880565244084
472,10.4474697113037,0.317656237014319
472,5.41933584213257,0.110951269011037
472,8.20672702789307,0.206999868635173
472,0.699148893356323,0.0276123504384636
469,24.5163135528564,0.645039531890689
469,22.2996101379395,0.552134127961178
355,27.1326484680176,0.383446616530195
355,21.2226734161377,0.217357187113913
355,47.4981536865234,0.959361817379077
355,45.0514717102051,0.933312865681499
355,30.2168979644775,0.491894253351192
472,19.8270282745361,0.804359703705292
355,32.542854309082,0.575021055091993
355,35.2859840393066,0.678959934107765
355,37.3870239257812,0.752543306706835
355,27.6984024047852,0.401541937662087
355,31.9517345428467,0.556049211407964
355,31.1869316101074,0.525381124991188
355,45.5727729797363,0.939950321113341
355,37.3728179931641,0.752543306706835
355,43.5359535217285,0.910053945557283
355,42.3039169311523,0.887517576827897
355,20.5275535583496,0.202892246160924
388,31.9517345428467,0.797347547232481
388,28.3031959533691,0.711599775403522
388,25.6894397735596,0.642420896962412
388,26.194185256958,0.656456595149032
388,41.4246368408203,0.94915293912961
388,22.4068717956543,0.556779729377061
388,20.9510326385498,0.51267372616628
388,35.0359077453613,0.85951521957469
388,31.5500602722168,0.789027038568909
388,29.2254428863525,0.732968706751339
388,39.7599678039551,0.931624923882356
388,17.8740081787109,0.41997232085663
388,31.0198345184326,0.776257305316768
388,45.9153366088867,0.978596904680939
388,48.0408210754395,0.985831125592136
388,19.9111671447754,0.482760638676462
388,51.1736373901367,0.992342525445041
8,22.1916065216064,0.521232279250262
78,26.194185256958,0.396132039375283
78,21.1068458557129,0.230011478660127
78,32.5747261047363,0.655918466729278
78,8.54942226409912,0.0267209294236321
78,25.0984630584717,0.355574106925458
74,30.7375259399414,0.543077114247548
74,30.3704490661621,0.527130297915523
74,39.0053367614746,0.862515662051755
74,29.8679828643799,0.505477834960806
74,19.2535419464111,0.160006627248346
74,37.3348731994629,0.808462167731514
74,33.0517272949219,0.642615277878452
470,23.5960235595703,0.259171576678073
470,26.6655826568604,0.363876776789627
470,32.3115348815918,0.593790145153365
470,19.5287284851074,0.15872757294189
470,32.5747261047363,0.602126614106304
470,41.2039947509766,0.89271400050465
470,33.3460083007812,0.63567435004139
470,31.0338230133057,0.538646032076282
470,21.7271423339844,0.207734429988623
470,23.8906936645508,0.269184901216916
470,35.9207305908203,0.739556173334101
470,31.9979648590088,0.578495699405487
470,11.9767255783081,0.0531750915232028
470,33.1442604064941,0.628486181877742
470,28.4591636657715,0.432136485774616
470,35.7800712585449,0.732555699671092
470,19.0474147796631,0.149617306849521
470,39.1117668151855,0.842808511768534
470,18.8683834075928,0.147301227539741
470,44.4302177429199,0.94496212909309
470,36.9308967590332,0.774225649515934
330,52.6490135192871,0.973358536786442
330,63.7528457641602,0.99732654960016
330,31.1869316101074,0.459661519980214
330,27.3787479400635,0.330704636728733
470,41.4428825378418,0.89769321688011
470,48.6354637145996,0.978068960021957
330,35.0742111206055,0.604198612632348
330,21.4643592834473,0.180103404821633
330,21.3121585845947,0.176994193783933
330,30.5442066192627,0.43546738272739
330,47.0870170593262,0.923931503138654
330,39.4475517272949,0.753534960958202
470,27.0171222686768,0.374449643424716
330,38.3822479248047,0.719493811021211
330,23.2395668029785,0.218826037286978
330,37.8947486877441,0.703063279511006
330,15.0202569961548,0.07931079155331
330,24.8864231109619,0.261014733420485
470,27.4223098754883,0.389350993142953
470,27.1326484680176,0.38077725000996
330,38.5546493530273,0.726616730853031
330,23.6839027404785,0.229513950229069
330,40.4911956787109,0.784656514621536
330,25.1785163879395,0.270271702646363
330,14.3660564422607,0.0734833763205314
330,31.8122577667236,0.482130280653405
330,21.3121585845947,0.176994193783933
330,26.0245094299316,0.293937038476487
330,41.7282409667969,0.819158157556914
330,29.1550960540771,0.389981038523596
330,33.2301559448242,0.53521063727049
330,27.2121543884277,0.329523372080698
330,28.0371341705322,0.353320613833634
330,23.2733268737793,0.220815225712233
330,32.2726631164551,0.499149677890447
330,45.7151527404785,0.903767562920303
330,28.261905670166,0.360689679539271
330,34.4502372741699,0.58130469090438
330,39.9420280456543,0.769289474613999
385,38.7512512207031,0.708961534995598
385,27.2385711669922,0.289776862769563
385,20.806791305542,0.140276997941232
385,44.5607681274414,0.875042457767519
470,45.4539413452148,0.955661600980969
385,36.9843826293945,0.644810447730156
385,36.8723411560059,0.640235406658764
385,36.1524696350098,0.613461018570508
385,57.656322479248,0.991903563679719
385,34.1058616638184,0.531834660788432
385,26.9814128875732,0.279604328266129
385,37.2443885803223,0.653482230124566
385,31.9517345428467,0.45164666819168
385,41.6852378845215,0.802157201183965
385,17.0110282897949,0.0839797311816776
385,29.6869335174561,0.369365247710746
385,20.6744632720947,0.136994752566529
470,27.7240505218506,0.403913253268053
470,38.8766555786133,0.835495509054932
470,23.0468883514404,0.24514052740384
470,13.8733692169189,0.0725262174688688
470,43.7123565673828,0.935909410842899
355,31.3111553192139,0.530665303805499
355,42.8050804138184,0.89738935410027
355,34.9204483032227,0.667591111968568
355,38.4487800598145,0.787645947961459
355,37.7843437194824,0.76623375418783
355,29.511547088623,0.464442865570194
355,41.7554664611816,0.875798145667845
355,19.1802577972412,0.173391001406146
355,33.0269660949707,0.593296318419774
355,34.6253509521484,0.655836434399012
355,40.8289909362793,0.853897139846623
355,34.742919921875,0.660209771788774
355,39.2973442077637,0.812099535860439
355,42.2763404846191,0.886193981397316
355,30.6947612762451,0.504562554956573
355,28.369047164917,0.424313900812893
355,33.6171836853027,0.617342717535274
355,36.9698143005371,0.740227469196493
388,26.4823360443115,0.664306716541847
388,24.1906433105469,0.602277281749955
388,33.895694732666,0.83774391256554
388,36.9698143005371,0.893601372885511
388,53.0495643615723,0.99474096275969
388,46.7267570495605,0.981678621420494
388,47.9019393920898,0.985550854494697
388,16.2357921600342,0.36703303308053
391,19.4712200164795,0.374437033307639
391,20.2019691467285,0.405913612435718
391,2.91899490356445,0.0233761052678483
391,18.8082122802734,0.35060035205329
391,31.5500602722168,0.814054730252805
391,43.1213531494141,0.979440237767148
391,3.2351245880127,0.0247740741527338
355,34.3533973693848,0.647484890420768
388,16.3980369567871,0.372767835253739
388,22.4068717956543,0.556779729377061
388,23.7712993621826,0.592109071641531
388,26.0245094299316,0.653598525887907
388,31.9979648590088,0.797347547232481
388,40.5067138671875,0.940199764331865
388,39.8573341369629,0.932889939817634
388,22.4424629211426,0.556779729377061
388,26.4177131652832,0.663105283553053
391,20.3656425476074,0.410969121003639
391,24.3174934387207,0.563200728259752
391,26.5833759307861,0.649799008137536
391,19.355525970459,0.369739657966111
472,12.3825492858887,0.42516521137673
472,11.5279731750488,0.381955834609002
472,8.54942226409912,0.219095620189433
472,9.66440868377686,0.278871978273866
472,19.0028629302979,0.776320551625037
472,12.1815347671509,0.417806100153616
472,20.3656425476074,0.824581308125585
472,22.8749027252197,0.892215427592512
472,15.5851955413818,0.606832579549445
472,12.2068653106689,0.420892905495071
472,0.718426167964935,0.0279839252346471
472,7.20912075042725,0.165194218875249
472,15.7931690216064,0.621443565402258
472,17.299108505249,0.698041055529789
472,24.5163135528564,0.926090395086419
472,8.6971492767334,0.224699804561309
472,4.35510969161987,0.0825716407466884
472,12.8457937240601,0.448003924859319
472,9.3989143371582,0.262623489639605
472,26.4177131652832,0.951062580595002
472,28.261905670166,0.968240810494173
472,29.380708694458,0.975970424147536
472,8.54942226409912,0.219095620189433
472,12.1561450958252,0.417806100153616
472,31.0547847747803,0.984480720200961
472,19.2973365783691,0.783799767832775
401,15.7931690216064,0.638569493818474
401,10.1421060562134,0.443564948474206
401,6.50463438034058,0.300633493978311
401,11.9767255783081,0.511045828772529
401,9.69704627990723,0.427228110635249
402,19.2973365783691,0.933798972959385
402,16.8906269073486,0.882159658131935
402,11.1152610778809,0.654343376306245
237,33.8427314758301,0.950440680300213
237,19.8270282745361,0.558892216943239
237,12.9645881652832,0.286181115012968
237,26.5558815002441,0.807853634464872
237,32.0506439208984,0.927993527508091
237,15.2178955078125,0.371798182193762
43,11.4405813217163,0.215120270099887
43,34.8541030883789,0.946603437889635
43,39.4848785400391,0.983658116305459
43,19.0028629302979,0.495215813731945
237,29.0608291625977,0.87206213133191
237,18.0816822052002,0.487950148041038
237,11.1152610778809,0.223082925933577
237,25.0280914306641,0.757838141798067
237,21.6150684356689,0.630766714866074
237,23.6839027404785,0.709698983222016
237,20.911828994751,0.604790676857399
43,31.5500602722168,0.898152169344784
36,25.0079288482666,0.774534043362495
35,24.1906433105469,0.751148986288977
35,40.082160949707,0.993611764254044
35,38.537052154541,0.988793916453654
35,28.2536354064941,0.872956468675455
35,23.7712993621826,0.737352616104158
35,27.1415023803711,0.845739255858016
35,29.0055923461914,0.889547958709039
35,27.7496585845947,0.861272440971763
35,23.5960235595703,0.729530547886164
35,25.0984630584717,0.783444355778217
35,31.2767429351807,0.928752181687058
35,25.5729541778564,0.797978978991794
35,29.1237335205078,0.892159582140251
35,17.8740081787109,0.488996615984672
39,31.407133102417,0.934782484176762
39,35.166862487793,0.975301429103302
39,8.98487663269043,0.13785262193201
39,28.5569152832031,0.879972506229057
39,31.6379241943359,0.937886989145688
39,29.3110198974609,0.895999083540969
39,28.9104671478271,0.887223988315147
35,18.270715713501,0.508613663228598
35,19.8691577911377,0.57553437997414
35,37.9907264709473,0.986698643406718
35,41.6852378845215,0.996321536931855
35,35.8009872436523,0.975829681185643
35,24.1906433105469,0.751148986288977
525,18.270715713501,0.66042536875164
525,18.8683834075928,0.683622767332936
525,14.3029146194458,0.482853811037296
525,25.1785163879395,0.861868534821874
525,27.2033405303955,0.896884315239061
525,21.8137531280518,0.782393656969749
525,15.8866176605225,0.554131025813036
525,25.5729541778564,0.867815125682338
525,15.736777305603,0.542699783922674
525,21.8137531280518,0.782393656969749
525,14.8800497055054,0.503901892201236
525,13.3366441726685,0.43244980742399
525,20.9510326385498,0.755080916965726
525,21.3630599975586,0.766096379314934
525,24.7844638824463,0.853224430990199
525,21.2226734161377,0.761903205579398
525,12.6043825149536,0.400153777781671
525,21.6525173187256,0.77439680799914
525,15.0600318908691,0.512803415457093
525,22.8055820465088,0.807916253779163
525,17.2318649291992,0.611413249485582
525,20.3656425476074,0.736594226459684
525,21.2226734161377,0.761903205579398
525,22.5840225219727,0.802897922753283
525,15.7931690216064,0.548802713281596
525,1.03793341109382e-12,0.0485144641750668
525,18.7780323028564,0.675737107380626
525,5.1110897064209,0.129808798690261
525,2.56063890457153,0.0798552790692738
477,12.3825492858887,0.404373307014005
525,21.899881362915,0.78402072293752
525,24.2012519836426,0.841697836093236
525,12.7739133834839,0.405806223148273
525,39.3517532348633,0.984252602581135
525,23.7167320251465,0.830499754204882
525,24.5163135528564,0.849825753330869
525,24.8559017181396,0.854989303953376
525,11.1152610778809,0.329413976594375
525,4.71406507492065,0.117763321707904
525,17.8900928497314,0.642431953163142
525,24.2753219604492,0.842669223789463
525,20.6345386505127,0.74348895640346
525,23.6729431152344,0.828450843840415
525,25.7954921722412,0.873236769601866
525,23.2395668029785,0.81687303460775
525,21.7643203735352,0.778187679650287
525,35.2697906494141,0.968500488052403
525,22.1916065216064,0.79047810940932
525,22.4897918701172,0.800731758514973
525,29.0055923461914,0.919730289135249
525,27.9615249633789,0.906897728677905
525,15.9794054031372,0.560098169795065
525,7.20912075042725,0.184997973327439
525,14.5742158889771,0.495300916231204
525,12.0025415420532,0.373512552060888
525,13.8733692169189,0.462853939073135
525,12.7739133834839,0.405806223148273
525,12.7739133834839,0.405806223148273
525,14.3029146194458,0.482853811037296
525,21.4643592834473,0.768447184710903
525,8.08908367156982,0.213100155361383
525,25.718433380127,0.871572640627996
525,16.5583381652832,0.583268613462834
525,17.2318649291992,0.611413249485582
525,22.2036437988281,0.791350100861917
525,6.65173292160034,0.167605652310592
525,6.50463438034058,0.166175357211568
525,13.1288461685181,0.424535844812476
525,13.54079246521,0.444144196657658
525,15.5278930664062,0.533442792744681
525,6.50463438034058,0.166175357211568
525,15.8119125366211,0.550999201797623
477,7.2535605430603,0.21419334620483
477,30.7375259399414,0.959481802201602
477,20.5275535583496,0.752831248919371
477,17.8900928497314,0.650834245864792
477,36.2187995910645,0.987430479511267
477,12.0025415420532,0.388549291107141
477,29.6869335174561,0.94966248343035
477,22.2996101379395,0.807192308800646
477,26.2596969604492,0.901554665437151
477,7.86305999755859,0.227236542562388
477,8.31794166564941,0.244940853553109
525,11.8728370666504,0.36641229090147
525,12.9645881652832,0.416346942082988
525,17.0110282897949,0.603636083060218
525,17.6305160522461,0.629384090334002
525,10.2039737701416,0.295116881559099
525,23.2733268737793,0.819011906996114
525,13.3366441726685,0.43244980742399
525,8.98487663269043,0.245487157836855
525,13.8733692169189,0.462853939073135
525,15.0600318908691,0.512803415457093
525,14.3029146194458,0.482853811037296
525,29.6869335174561,0.927583266254908
525,7.5993332862854,0.199981535884234
525,12.9645881652832,0.416346942082988
525,22.7546939849854,0.807235642212608
525,0.0108063016086817,0.0485144641750668
525,0.0108063016086817,0.0485144641750668
525,28.548791885376,0.914297863250311
525,22.3115634918213,0.795756892287155
525,21.2939891815186,0.762963544490264
525,22.0585784912109,0.788246242569288
525,13.54079246521,0.444144196657658
525,9.3989143371582,0.264294611813867
525,5.41933584213257,0.136970045341534
36,15.8119125366211,0.413348490611709
36,3.43363046646118,0.0537233306822504
36,23.5960235595703,0.728772606245029
525,17.2318649291992,0.611413249485582
525,11.2269582748413,0.33313880870738
525,11.5279731750488,0.356520174573497
525,13.2447509765625,0.429721296302224
525,45.5865249633789,0.995123182270136
525,49.9175338745117,0.997890778016516
525,51.307056427002,0.998380683569868
525,45.6632957458496,0.995209437993422
525,47.9135665893555,0.996903217372172
525,51.617057800293,0.99846491767464
525,27.9024772644043,0.906159837920105
525,36.6210670471191,0.974717301920976
525,23.3965015411377,0.822586802402626
525,30.7375259399414,0.937745268654569
525,28.8147926330566,0.91703985182884
525,33.7065849304199,0.960028221794463
525,31.4685401916504,0.944287226167561
525,29.8003215789795,0.92883700667033
525,33.9660530090332,0.961476374523698
525,24.7332420349121,0.852259445085934
525,32.0111503601074,0.948138409437724
525,22.3473720550537,0.795756892287155
525,25.1785163879395,0.861868534821874
525,18.8683834075928,0.683622767332936
525,17.299108505249,0.615630345706874
525,15.6801414489746,0.540807212056663
525,16.8906269073486,0.597740706535455
525,23.8365345001221,0.833551050416133
525,11.1152610778809,0.329413976594375
525,22.7708053588867,0.807235642212608
525,31.407133102417,0.94363794968798
525,70.7537231445312,0.999914755085971
525,37.8947486877441,0.979602879997736
473,29.9875907897949,0.794281076356371
506,28.8467464447021,0.786899218864139
507,22.3473720550537,0.652793504775106
299,49.1009330749512,0.955762092291459
299,32.0572166442871,0.557949099633824
506,27.061653137207,0.745035761386351
299,34.6534233093262,0.648561989284795
506,25.4261608123779,0.701265160999943
4,11.4455394744873,0.205340945085956
4,18.7281970977783,0.465273778328102
299,33.6171836853027,0.612580316933919
322,24.062780380249,0.798321577024814
23,7.20912075042725,0.142327861377109
447,0.0100015820935369,0.107105465779021
447,45.2555351257324,0.996163109512765
444,0.0108194211497903,0.070825250448781
302,34.9204483032227,0.720346991431393
302,41.1743316650391,0.880090464106348
302,42.1063232421875,0.897648145591998
302,24.2012519836426,0.379878107049193
302,48.6728668212891,0.970189316316454
302,60.8131141662598,0.997171403998683
302,45.0228996276855,0.939441076225566
447,4.91666555404663,0.260610428266932
307,30.0173568725586,0.875596647311453
294,8.28417682647705,0.059826641995533
294,45.353687286377,0.949626911252069
296,50.0883255004883,0.980555709435665
271,22.3830986022949,0.231068486105296
274,41.8280982971191,0.935502252421757
274,27.1237907409668,0.453572158131834
274,29.496208190918,0.55128533184247
274,28.4264507293701,0.506890582834288
274,33.2301559448242,0.704942426164647
274,27.7496585845947,0.478786380105579
274,27.1326484680176,0.453572158131834
274,22.9668617248535,0.289352872240918
274,40.9688186645508,0.922288761544333
274,22.4424629211426,0.275732977819828
274,25.2681045532227,0.378064960058488
274,34.742919921875,0.759957424390663
274,23.4521751403809,0.308350625194869
274,38.4221992492676,0.870744320564234
274,30.6375675201416,0.59853135650622
274,38.9711265563965,0.882805259592951
274,28.6540908813477,0.516775435163583
274,36.6508331298828,0.822481211899668
274,39.8411483764648,0.900416079818516
274,45.0486183166504,0.968745632237047
274,21.899881362915,0.256217006590618
274,26.6655826568604,0.434679769059574
274,43.61181640625,0.95681586048962
498,24.3595561981201,0.40483586534819
498,20.8462657928467,0.274829203297062
498,21.1068458557129,0.283913105952739
498,20.2019691467285,0.255736548535002
274,36.0550308227539,0.803696336992399
498,28.261905670166,0.567345499196635
498,26.8377876281738,0.504497537653652
274,20.911828994751,0.22614099407597
274,21.4643592834473,0.240049026459236
274,33.6171836853027,0.718751545516122
274,18.1607513427734,0.153674296588576
274,41.3661117553711,0.928993344873187
274,29.2488269805908,0.539893130919999
274,32.7520790100098,0.68625431400587
274,31.1869316101074,0.622399501134274
274,23.307014465332,0.30416617389341
274,49.724193572998,0.989844211974928
274,35.7591285705566,0.794213587640172
274,32.1162528991699,0.6613540333939
274,31.9979648590088,0.655285933921794
274,16.6113510131836,0.12282418208599
274,33.5212783813477,0.715453010934191
271,29.380708694458,0.446803179511864
271,52.3574562072754,0.967054269955195
271,26.2596969604492,0.342803074011678
271,50.6745719909668,0.957110877398893
271,54.465087890625,0.976213004876087
271,49.0775108337402,0.945037699832189
271,36.4362678527832,0.693172489507677
271,47.4957542419434,0.928882983809018
271,32.5810928344727,0.55942792523993
271,41.9378890991211,0.840107873940465
271,24.5163135528564,0.291922312300333
271,29.6869335174561,0.458754372488189
271,16.8386974334717,0.115882063979269
68,35.3988761901855,0.787934844726037
68,33.7065849304199,0.751373367732217
68,36.3152542114258,0.806896073307942
68,28.3854675292969,0.607988160793861
68,28.3854675292969,0.607988160793861
524,22.2996101379395,0.373155654575547
524,37.584587097168,0.867693502701713
267,18.0340270996094,0.139323578647157
267,20.911828994751,0.201996403992808
267,39.4848785400391,0.848015996031992
485,34.742919921875,0.802536832961773
485,31.3660678863525,0.695393642958865
485,31.407133102417,0.697645840634064
485,22.2996101379395,0.361165271139809
485,38.2079391479492,0.885559652249122
485,20.3656425476074,0.303229781015367
485,32.214183807373,0.72390703405185
485,24.4433498382568,0.43854571313535
485,18.9879817962646,0.262548091620128
485,18.9879817962646,0.262548091620128
485,12.0796165466309,0.112722656745129
485,14.5535573959351,0.157886373295357
485,24.3595561981201,0.43758760876535
485,30.773078918457,0.674064636628666
485,23.7494945526123,0.412953235559466
485,15.736777305603,0.179296464333912
485,10.8880767822266,0.0951603613209165
485,26.371395111084,0.510317796136267
485,24.7229785919189,0.449165013905561
485,17.3827037811279,0.219660804956792
485,20.911828994751,0.319750091336798
485,9.66440868377686,0.0798940679545777
485,37.1965599060059,0.863638354744667
485,23.7167320251465,0.412953235559466
485,24.5163135528564,0.444460236804629
485,32.7520790100098,0.742344019117351
485,36.1933212280273,0.840496126574162
485,26.4084606170654,0.512844470209292
485,16.7342414855957,0.204242128259232
485,29.8003215789795,0.640460617063951
485,23.307014465332,0.399178155220364
485,34.0593910217285,0.782148688850946
485,32.1358871459961,0.721632002177171
485,14.4705753326416,0.15537694137296
485,26.8377876281738,0.526086907895227
485,25.425350189209,0.475213243462895
485,25.1785163879395,0.466819112131764
485,29.8003215789795,0.640460617063951
485,31.3317699432373,0.693360933201112
485,17.6305160522461,0.224869798462559
485,26.4823360443115,0.514622275740201
332,39.1499061584473,0.878595390088936
332,34.3533973693848,0.74797810753198
332,30.194845199585,0.59312332669184
332,17.6958618164062,0.184597004366829
485,20.8462657928467,0.31731848209426
481,29.0750560760498,0.54022393872218
485,15.9609003067017,0.187490213914509
481,57.7091522216797,0.997754390977929
481,29.2643966674805,0.548884915130036
481,35.3129348754883,0.779439484927113
481,24.2330379486084,0.351926914586204
481,42.162052154541,0.936655160176791
481,31.6379241943359,0.645496799229418
481,32.3115348815918,0.672794371805566
481,31.792236328125,0.649598578664295
481,35.9207305908203,0.800449582678508
481,8.39727020263672,0.0345805354435222
481,25.8147010803223,0.41371976089852
485,20.3112831115723,0.301152334866797
485,34.9425048828125,0.808148453984894
485,10.2039737701416,0.0857410210335598
485,21.3630599975586,0.331840566959193
485,31.8921031951904,0.713171232263885
465,42.1794242858887,0.920052723953451
51,25.5729541778564,0.743117982440799
472,13.8733692169189,0.517100215277461
472,11.9767255783081,0.400415005616517
472,13.6080598831177,0.498498419600705
475,16.9423580169678,0.585854012224578
233,0.746158182621002,0.0478470324121216
230,21.0421180725098,0.879787393150102
230,21.1068458557129,0.882490997572508
525,49.967414855957,0.99792245003991
525,19.5949039459229,0.705502407579183
235,11.3648767471313,0.411995339353335
475,39.6947174072266,0.99814408411894
525,22.4897918701172,0.800731758514973
525,24.5163135528564,0.849825753330869
525,27.0171222686768,0.892660480289388
525,28.9104671478271,0.918411856927362
525,0.0110214445739985,0.0485144641750668
525,13.7439279556274,0.455426512650783
230,20.2430553436279,0.859527617031557
47,11.3099327087402,0.324011082261129
47,27.6984024047852,0.943805393173675
47,4.98212671279907,0.0907178810252542
47,3.97489309310913,0.0672986263218207
48,6.49991178512573,0.122272957889396
525,24.9472904205322,0.855463373495031
235,0.803562104701996,0.0595222837168657
477,6.14724826812744,0.179968013370987
477,15.2178955078125,0.533706630741744
482,9.15982437133789,0.393342373241871
479,23.0354804992676,0.94967368319182
525,31.1383686065674,0.941107894117056
