id,Nombre,ID_CUENCA,cuenca,area,elev_mean,elev_median,rel_mean,rel_median,rainfallAnnual_mean,Densidad,hypso_inte,slope_mean,kmeans,RainfallDaysmean,RainfallDaysmedian,landcovermedian,geomedian,lands_rec,kmeans4,knn5,TWI,curvature,length_m,drainage_density
1,Quebrada Guaco,606.0,Cauca,18443928,1615.3343627557128,1607.0,510.66513916357144,505.0,2264.807895181953,18.23094972,0.493,29.27802696965094,C,1112.2450237111161,1066.0,grass,sediment,4.0,D,B,9.054780960083008,1.0225189726043027e-05,5413.81,0.2935280380621742
2,Quebrada Cabaña,601.0,Cauca,15797104,1485.5142785104176,1443.0,587.55153971739,590.0,2453.187233002705,15.83719006,0.515,27.2763557284063,C,1381.3311116637278,1416.0,grass,volcanic,6.0,D,B,9.215327262878418,-6.950968781893607e-06,3364.66,0.2129922041407083
3,Quebrada Circia,268.0,Cauca,41264565,1751.017810068028,1771.0,479.2731447544306,482.0,2446.4627908216935,17.36421327,0.534,27.046340494391828,C,1335.0,1335.0,grass,granitic,6.0,D,B,9.172335624694824,1.5825347873033024e-05,9944.41,0.24099151414779243
4,Quebrada Las Yeguas,257.0,Cauca,86871930,2259.304382571707,2235.0,290.7583343572101,250.0,2415.6403073722786,12.9020912,0.636,19.844786122242464,D,1342.0,1302.5,grass,granitic,8.0,C,B,9.487278938293457,6.214167115103919e-06,26577.41,0.305937832853489
5,Quebrada Daza,255.0,Cauca,28178836,1671.3344809206192,1660.0,488.84036477233286,499.0,2361.272163938887,22.01825321,0.5,28.240738154155213,C,1186.2975213506104,1268.5,grass,granitic,6.0,D,B,9.099725723266602,3.348462996655144e-06,8123.790000000001,0.2882940232165729
6,Quebrada Santa Catalina,252.0,Cauca,37392173,2295.388706534533,2395.0,336.7776826076612,262.0,2493.7444334473175,14.69315014,0.628,21.471083245223504,D,1374.8797838933044,1365.0,grass,granitic,1.0,C,B,9.449251174926758,-2.1676519281754736e-06,17711.18,0.47366008923846176
7,Quebrada La Villa,508.0,Cauca,15596367,563.3026478186715,568.0,199.85274887713913,188.0,4567.776137482259,9.432776406,0.535,15.434826323699442,D,3825.8665311698046,3799.0,forest,granitic,0.0,A,A,9.82040786743164,3.348498864852445e-07,4159.28,0.2666826190996916
8,Río San José,117.0,Cauca,129429892,1668.1095928792745,1655.0,403.9428781043018,401.0,3011.4022601147467,12.13165678,0.465,22.077378014585257,C,1773.6,1572.0,grass,granitic,171.0,D,B,9.515624046325684,-5.264237643132219e-06,43845.4,0.3387579122757825
9,Quebrada Santana,540.0,Cauca,15131554,1855.2069163752094,1872.0,195.24136312980232,194.0,2844.8124702117734,20.17209805,0.519,17.315240151386757,D,1907.7232770691487,1936.0,grass,granitic,14.0,C,D,9.656323432922363,-9.209820746036712e-06,4325.62,0.2858675321781226
10,Quebrada Pito,103.0,Cauca,32461150,1318.992212700372,1340.0,413.57099516221604,421.0,3691.3973831518774,17.75797629,0.579,21.424968536492642,D,2799.9893568545262,2728.0,grass,granitic,21.0,D,B,9.486381530761719,-2.5219822418875992e-05,8819.46,0.2716927773661746
11,Quebrada San Luciano,116.0,Cauca,26032926,1430.4200558688226,1353.0,432.60699181446114,432.0,2836.179156210357,14.03158411,0.427,24.67579819348253,B,1832.417850357029,1824.0,grass,granitic,19.0,D,B,9.3911714553833,-1.6327001048921375e-06,8230.130000000001,0.31614310277684504
12,Quebrada Usura,95.0,Cauca,30167040,1100.3147807193925,1132.0,351.33887336373,346.0,4088.3149771357453,15.49250232,0.562,21.161224056193618,D,3306.957586942374,3152.0,grass,granitic,34.0,A,B,9.481111526489258,2.1529660898522707e-06,9264.21,0.30709708343940934
13,Quebrada Solita,526.0,Cauca,19219340,1229.0954439653256,1298.0,323.0151417228326,311.0,3789.4634954835224,14.7362755,0.468,18.44033037062471,D,2879.537285235234,2909.0,forest,granitic,49.0,A,B,9.687430381774902,-1.933628664119169e-05,6383.41,0.33213471430340474
14,Cañada El Rosario,96.0,Cauca,24090469,1059.2264618976722,1054.0,264.23758329958395,271.0,4024.5868292047026,13.12747971,0.568,17.419039753128345,D,3211.5,3211.5,grass,granitic,4.0,A,B,9.753684997558594,-1.1622541933320463e-06,10309.23,0.4279381194280609
15,Quebrada El Choagualo,529.0,Cauca,17142707,1287.722472385148,1295.0,420.383277245664,435.0,3424.130321973078,14.4781442,0.52,23.059987524763187,C,2457.1058553163602,2472.0,grass,granitic,23.0,D,B,9.408315658569336,-2.153078639821615e-05,4499.58,0.2624777988680551
16,Quebrada La Plancha,102.0,Cauca,67762839,1218.852440291301,1247.15185546875,235.59619010212097,223.0,3822.09570620853,11.78563169,0.541,16.872100034521885,D,2823.6666666666665,2909.0,grass,granitic,39.0,A,B,9.749120712280273,-2.8773572466889163e-06,27726.81,0.40917426732962003
17,Quebrada Trinidad,100.0,Cauca,113373085,1211.796434119168,1224.0,288.5764656170772,292.0,3836.819353117302,13.65602372,0.486,19.62720500968483,C,3067.25,3121.5,forest,granitic,108.0,A,B,9.59547233581543,7.1328613557852805e-06,40693.43,0.3589337804470964
18,Quebrada La Morena,518.0,Cauca,105408390,818.0502888431428,814.0,272.907464595552,274.0,4405.93730769759,11.73516069,0.472,18.79344889273316,D,3718.6666666666665,3699.0,forest,granitic,110.0,A,B,9.64065933227539,1.3801701470583794e-06,40415.5,0.38341824592900053
19,Quebrada Santiago,521.0,Cauca,75522940,974.2359859266525,960.0,260.4752827595927,256.0,4039.067433999337,13.42384381,0.469,18.87643574571857,C,3220.0,3281.0,forest,granitic,134.0,A,B,9.648619651794434,9.862867955234833e-06,29516.309999999998,0.39082575439992134
20,Quebrada Australacia,72.0,Cauca,30009293,470.32107605292134,472.0,235.76573168208554,235.0,4425.345963805253,13.07306525,0.547,17.29964875993174,D,3695.8603487396767,3602.0,forest,granitic,0.0,A,A,10.4093017578125,-7.4840154411504045e-06,9235.46,0.3077533349419461
21,Quebrada Usurá,82.0,Cauca,33355253,496.2070038922226,471.0,220.3526769099899,212.0,4288.343021680498,14.2820379,0.447,18.20113613091717,B,3509.171262195521,3494.0,forest,granitic,22.0,A,A,10.42064380645752,-6.475263489846839e-06,15142.74,0.45398366488181036
22,Quebrada Solano,87.0,Cauca,32923231,831.1460883572032,833.0,379.2579863168669,394.0,4364.141969160123,13.28382622,0.443,21.267343216623942,C,3703.5,3703.5,forest,granitic,34.0,A,B,9.550923347473145,1.6349798897863366e-05,10254.73,0.3114739862560877
23,Quebrada Mirando,291.0,Atrato,30151024,771.839805991882,687.0,263.5945499099525,228.0,5106.570360425471,13.5701632,0.273,18.002297935621407,A,3944.401216611059,3949.0,forest,volcanic,11.0,A,C,9.648641586303711,1.3184954923417536e-06,10185.13,0.3378037840439515
24,Quebrada NN007,607.0,Atrato,17756804,237.46383922120043,203.0,119.39569138276553,116.0,7533.026670095976,7.09727216,0.214,11.010484301463785,A,6147.697496805038,6024.0,forest,sediment,0.0,B,C,10.527481079101562,1.2503305697464384e-05,5546.55,0.3123619543246634
25,Quebrada Bonita,604.0,Atrato,15558961,267.28855218180234,232.0,130.11677245954138,103.0,7420.827121880679,7.135582725,0.161,11.873324982962323,A,5963.0,5963.0,forest,volcanic,0.0,B,C,10.504782676696777,7.716641448496375e-06,4828.09,0.3103092809346331
26,Río Mumbí,280.0,Atrato,159084332,426.31286904719053,328.0,236.09717251252684,184.0,6715.412658318998,12.18549709,0.2,18.649298975193854,A,5409.2,5565.0,forest,granitic,0.0,B,C,9.777438163757324,-3.913443833880592e-06,61636.29,0.3874441261757946
27,Quebrada Atratico,271.0,Atrato,38342773,1090.5352440331158,1056.0,284.0669930848842,254.0,5167.897522767399,18.00186804,0.358,21.440912744930433,B,3851.0,3700.0,forest,volcanic,0.0,A,C,9.424320220947266,1.0463496380452852e-07,15317.86,0.39949797058235725
28,Quebrada Agua Negra,261.0,Atrato,20014164,1453.16413864334,1418.0,344.2359111111112,326.0,4558.911198530648,18.4937508,0.399,25.439486270487798,B,3449.0,3449.0,forest,volcanic,1.0,D,C,9.165712356567383,-1.0857333109015599e-05,8041.52,0.40179145129419347
29,Quebrada NN004,600.0,Atrato,16921275,756.8946852458432,688.0,262.04155939683704,215.0,6093.967685330055,12.17777682,0.258,16.83676902178194,A,4639.895894381227,4547.5,forest,granitic,0.0,A,C,9.880622863769531,1.3973137356515508e-05,4659.8099999999995,0.2753817309865834
30,Quebrada Caracolí,435.0,Cauca,38224910,1679.8052130147203,1806.0,315.9039515230312,232.0,2937.0712470203753,11.67697539,0.732,19.08633449400129,A,2013.9504274258654,1983.5,forest,granitic,5.0,C,B,9.7167329788208,-2.956568459921982e-05,12298.8,0.321748304966578
31,Quebrada La Vibora,432.0,Cauca,41440231,1598.9171257551502,1621.0,275.72347080878416,217.0,2822.1316036466487,12.43740731,0.73,16.537331138306097,D,1809.3333333333333,1737.0,forest,granitic,0.0,C,B,10.341577529907227,-2.0997675164835528e-05,16737.79,0.403901947361249
32,Quebrada Tinitacita,436.0,Cauca,32497946,1000.2936678948568,1044.0,421.4184770742358,416.0,3291.1081030715663,13.02662289,0.511,24.16995250228703,C,2306.6666666666665,2290.0,forest,granitic,3.0,D,B,9.358691215515137,1.2207722647872288e-05,11739.91,0.3612508310525225
33,Quebrada El Haiton,558.0,Cauca,15709724,1861.294390417845,1962.0,328.82488557382607,307.0,3211.0794571706833,13.56902016,0.559,20.16310100275991,D,2408.5685698177263,2393.0,grass,granitic,1.0,C,D,9.54408073425293,-1.3366787243285216e-05,7320.51,0.4659859078364458
34,Quebrada Sn. Pablo,557.0,Cauca,35938647,1684.500819134392,1680.0,309.7691414166378,313.0,3211.0800206005,14.78677861,0.517,19.667426361943413,C,2386.0,2384.0,grass,granitic,4.0,C,D,9.496315002441406,-7.653455213585403e-06,15242.66,0.42413004585286695
35,Quebrada La Trapichera,160.0,Cauca,36650693,1512.6500746862757,1565.0,251.8645098751969,227.0,3475.9893350319044,11.25014176,0.507,18.139746288550565,A,2838.5,2838.5,forest,granitic,36.0,C,D,9.651754379272461,-9.084233170142397e-06,10460.7,0.28541615843389373
36,Quebrada Malpaso,144.0,Cauca,36172552,1401.2749926145857,1414.0,292.5451107509454,306.0,3242.86105072163,8.770482563,0.45,18.12334766735642,A,2337.0,2337.0,grass,granitic,6.0,A,A,9.710180282592773,4.128411319470615e-07,9354.84,0.25861708623710045
37,Quebrada San Fernando,552.0,Cauca,16905205,1594.3619806057454,1621.5,300.1124244812188,292.0,3354.29184977076,15.86561305,0.454,19.960037770373702,D,2538.57241339985,2563.5,grass,granitic,0.0,C,A,9.45112133026123,-3.788424010053859e-06,6031.91,0.3568078588813327
38,Quebrada La Caldera,555.0,Cauca,18386903,1357.63859707104,1300.0,246.4405682257441,234.0,3316.6757335555453,11.64791418,0.283,18.245384307911063,B,2470.98807336863,2428.0,grass,granitic,0.0,A,A,9.603572845458984,-3.375646429049084e-06,6915.58,0.3761144549465454
39,Quebrada La Vega (El Temprano),152.0,Cauca,27301426,1367.0509404437835,1349.0,292.3369091736558,307.0,3417.092232374698,12.61005664,0.406,18.559494688020262,A,2678.29318966507,2584.0,grass,granitic,7.0,A,A,9.596186637878418,-9.643520570534747e-06,7459.0599999999995,0.27321136998484985
40,Quebrada Higuerón,165.0,Cauca,24316917,2691.9335264711444,2618.0,173.72424242424242,142.0,1802.484152178957,9.506105919,0.259,14.920604665620802,A,519.4529204487781,555.5,forest,granitic,3.0,C,D,9.923277854919434,8.185191290976945e-06,11158.95,0.4588965780489361
41,Quebrada Candelaria,163.0,Cauca,46121939,2848.470642454055,2861.0,232.6296831080821,242.0,1746.4505871738772,9.806747637,0.403,16.79094760305558,D,481.5,481.5,forest,granitic,4.0,C,D,9.70225715637207,4.133781203563558e-06,15484.17,0.33572244219827796
42,Río Tinita,534.0,Cauca,224630598,834.3553672301329,848.0,303.53389479006603,286.0,3504.190517024016,15.30845757,0.415,20.808824620651215,C,2702.6666666666665,2876.0,forest,granitic,6.0,A,B,9.836549758911133,-4.207962319924263e-06,80215.28,0.3570986353337314
43,Quebrada Guaduas,148.0,Cauca,22325884,1183.1589327371423,1139.0,264.2227567288196,272.0,3171.458068889358,14.25492635,0.332,19.31409986477173,A,2343.3564051124376,2377.0,forest,granitic,5.0,A,A,9.576693534851074,6.533567557198694e-06,6930.65,0.3104311569476935
44,Quebrada El Chocho,215.0,Cauca,30413592,1817.7177421642627,1798.0,238.49983927058068,249.0,1952.0794059155464,10.69331387,0.3,17.234966553802163,A,733.3665804530742,775.0,forest,granitic,47.0,A,D,9.83011245727539,1.7918061985255918e-06,14839.18,0.4879127726840026
45,Quebrada La Hueso,575.0,Cauca,16584720,1667.2950387759527,1606.0,154.9526465383172,111.0,1909.6478279831395,6.154458329,0.198,12.384975660730367,A,680.8578613446347,753.0,grass,sediment,7.0,B,D,10.2694091796875,-2.120160570484586e-05,5416.11,0.3265722906386119
46,Quebrada El Hato,202.0,Cauca,20598141,2423.347760047895,2530.0,295.57142857142856,264.0,1748.0821359658485,7.190051656,0.565,16.4805072929126,D,549.8855976505218,546.5,grass,granitic,16.0,C,D,9.92832088470459,-5.603057161351899e-06,8811.89,0.4278002563435214
47,Quebrada Don Matias,186.0,Cauca,21559107,2291.63409816658,2278.0,165.68396984303547,144.0,2504.995075733197,11.60479008,0.318,15.084500662172426,B,1476.1857752936855,1346.5,grass,granitic,4.0,C,D,9.747605323791504,6.357900929288007e-06,5831.54,0.2704907953747806
48,Quebrada Mocorongo,561.0,Cauca,17874362,2245.917211519612,2268.0,184.5820116342664,165.0,2809.2699794898153,7.222537681,0.558,14.419295252110238,D,1862.2587095861215,1871.5,grass,granitic,1.0,C,D,9.767126083374023,4.903426997771021e-06,4324.15,0.24191912416230574
49,Quebrada La Turura,179.0,Cauca,78470068,2512.4170015107056,2471.0,165.3354350852964,130.0,1773.3821907272127,7.498569394,0.307,14.620146331997175,A,501.6666666666667,464.0,forest,granitic,1.0,C,D,9.814681053161621,5.619444891635794e-06,23670.77,0.301653491621799
50,Quebrada Oro Bajo,174.0,Cauca,27174761,2496.737485878661,2499.0,116.98885584496226,106.0,2192.5916409299184,5.818510769,0.442,12.328136865198207,D,1040.9090782169983,1047.0,grass,granitic,0.0,C,D,9.978291511535645,-1.1481987485240097e-06,10393.15,0.38245598553746246
51,Quebrada La Chorrera,171.0,Cauca,35759977,2084.3017789156256,2134.0,372.62927737770053,381.0,3457.868436806545,10.77450422,0.596,19.92044238858938,D,2704.0,2704.0,grass,granitic,12.0,C,D,9.49327278137207,-9.076405262931075e-07,10235.67,0.28623256664846286
52,Quebrada Las Animas,650.0,Cauca,37792167,2404.7968798705074,2404.0,141.57639035861257,111.0,2000.6385843024136,6.646504424,0.333,13.302863829094331,B,782.0,782.0,grass,granitic,2.0,C,D,9.994020462036133,2.2332258140522754e-06,12496.73,0.330669844891403
53,Quebrada NN002,589.0,Atrato,15502867,1316.3966072391756,1297.5,363.4665099208625,345.0,3729.423755392457,18.45385848,0.341,24.140971121477502,B,2621.6451902051353,2613.0,forest,granitic,0.0,D,C,9.317986488342285,-1.5063543287396897e-05,7241.83,0.4671284350178583
54,Río Amparradó,191.0,Atrato,45968863,822.9754753809058,831.0,207.82030766852196,185.0,3381.0675763419167,7.0933515,0.516,12.90447621775576,D,2122.7689318914922,2093.0,forest,volcanic,2.0,A,C,10.132026672363281,6.443523943744367e-06,14167.0,0.30818686988190247
55,Quebrada Rastrojos,166.0,Atrato,52817327,1272.6501654054973,1360.0,309.6497495208957,288.0,3320.2474193296503,15.90808951,0.523,20.705033533113014,D,2020.6666666666667,2113.0,forest,volcanic,3.0,A,B,9.460320472717285,3.565736506061512e-06,18963.190000000002,0.3590335042892269
56,Quebrada La Serna,162.0,Atrato,39611480,855.3623212770852,747.0,269.9583875162549,231.0,3389.0993830609345,15.3274844,0.351,19.34542826067723,A,2100.5,2100.5,forest,volcanic,2.0,A,C,9.578104972839355,7.027880144505616e-08,16873.61,0.42597777210041127
57,Quebrada Vegui,556.0,Atrato,19794127,577.7886134011022,582.0,161.35806292356716,159.0,3674.9297101385687,9.29733149,0.532,12.490986979410765,D,2436.051921686129,2601.0,forest,granitic,0.0,A,C,10.069305419921875,1.292860360990744e-05,4567.61,0.2307558196428668
58,Quebrada El Vicente,231.0,Atrato,33924484,2517.3661531504863,2477.0,338.6368949340881,319.0,2710.1335683860193,20.52489749,0.296,26.88729514360669,B,1574.5867320986297,1564.0,forest,volcanic,26.0,D,B,9.097973823547363,-3.258332299083122e-06,10511.75,0.3098573290016733
59,Quebrada San Carlos,225.0,Atrato,22077580,2202.031866520938,2184.0,298.4862112001288,294.0,2476.098748626815,23.60893126,0.393,24.57832784167306,B,1410.0306304398796,1277.0,forest,volcanic,1.0,D,B,9.239404678344727,9.350201253255364e-06,7924.03,0.35891750816892065
60,Quebrada La Cartagena,222.0,Atrato,30115205,2180.042539252993,2162.0,253.6066178641006,248.0,2646.906457332018,20.5962352,0.39,22.856994899664194,B,1408.0,1408.0,grass,volcanic,4.0,C,B,9.268158912658691,-4.639663984562503e-06,9626.6,0.31965912236028277
61,Quebrada La Magdalena,208.0,Atrato,32100860,2216.370554029651,2208.0,339.804932735426,347.0,2449.617120587927,21.56531964,0.379,26.01731731758138,B,1213.0,1213.0,forest,volcanic,2.0,D,B,9.121036529541016,-8.797254849923775e-06,7464.81,0.23254236802378506
62,Quebrada El Salado,194.0,Atrato,23461770,2048.4254818553754,1982.0,320.86610355668347,292.0,2561.9809855904437,19.05950692,0.325,23.353116323261396,A,1359.3154176520165,1367.0,forest,volcanic,2.0,D,B,9.309168815612793,3.993849168182351e-05,8585.3,0.36592720839050075
63,Río Jengamecoda,183.0,Atrato,119939073,1777.4613569452845,1713.0,404.25090911784093,389.0,2866.1776997281218,16.36360831,0.406,25.42948200748573,B,1582.0,1442.0,forest,volcanic,3.0,D,B,9.323087692260742,1.5434043234563433e-06,55079.729999999996,0.45923091301531066
64,Río Venados,172.0,Atrato,36094268,1978.8695001016254,1887.0,488.82645075552495,459.0,2925.0345887306585,21.83888508,0.353,29.709369226414193,B,1591.3333333333333,1513.0,forest,volcanic,0.0,D,B,9.06535816192627,-1.9344256543263327e-06,11748.06,0.32548270545339775
65,Quebrada La Serna,189.0,Atrato,28609918,1654.9192286587877,1640.0,335.1067879766489,317.0,2840.5514678467316,20.45398708,0.49,23.51425834216217,D,1501.407606459834,1535.0,forest,volcanic,0.0,D,B,9.237049102783203,-1.0138366633327678e-05,8834.99,0.3088086446105857
66,Río San Mateo,175.0,Atrato,20585307,1423.8021969418357,1421.0,345.72192005525335,354.0,3301.2238662357267,17.68745832,0.469,22.796617385904987,C,1950.5810681848589,1939.0,forest,volcanic,0.0,D,B,9.324615478515625,2.1868365820409963e-06,6732.18,0.32703811509830777
67,Quebrada Quebradona,562.0,Atrato,15598052,1038.0067610837555,969.0,297.9594740736525,305.0,3176.021993442753,11.86372399,0.436,16.908888941458276,A,1844.5994788888897,1839.5,forest,volcanic,2.0,A,C,9.794120788574219,1.1209139302081894e-05,5899.14,0.3781972261664469
68,Quebrada Honda Arriba,565.0,Atrato,47323736,2730.8075975399875,2661.0,483.55880530890386,485.0,2288.5761758064054,13.88879796,0.435,25.18387612841241,B,1186.0,1186.0,forest,granitic,7.0,D,B,9.35209846496582,6.340366098811501e-07,15908.99,0.33617358528075636
69,Río Bedó,90.0,Atrato,40737254,538.8506548886967,487.0,251.79109775483985,246.0,4270.771706103453,15.2474725,0.321,19.417826456622677,B,3205.6918633543146,3248.0,forest,volcanic,1.0,A,C,9.680509567260742,1.2839326700486708e-05,15491.27,0.38027280876614805
70,Quebrada Nobogá,137.0,Atrato,34526638,1556.090347073951,1605.0,304.16398416208153,283.0,2618.3323476813935,11.4737652,0.683,19.159856728672523,D,1357.5764000971,1321.0,forest,volcanic,5.0,C,B,9.613574028015137,-7.071877803355164e-07,12084.960000000001,0.35001844083400185
71,Río Tugurridó,130.0,Atrato,36068635,1477.361597777768,1441.0,432.3595522204453,413.0,3221.842600511762,18.22023391,0.441,28.399116016543893,C,1975.5,1975.5,forest,volcanic,0.0,D,B,9.10833740234375,1.8058963178191334e-05,11417.220000000001,0.31654150482822546
72,Quebrada Tascón,127.0,Atrato,36171651,1308.8611330595586,1228.0,361.762637794309,343.0,3308.8220700787483,20.29743516,0.373,25.7448465957045,B,1975.5,1975.5,forest,sediment,1.0,D,B,9.185791015625,5.703061106032692e-06,12839.44,0.35495863874170414
73,Quebrada NN006,537.0,Atrato,17466279,907.9229440817531,861.0,359.01965564528416,343.0,3446.3202198469953,24.50980945,0.39,25.695474284958056,B,2264.803493544346,2265.0,forest,volcanic,0.0,D,B,9.172860145568848,-2.060653741864371e-06,4819.15,0.2759116581156181
74,Quebrada Chupadero,123.0,Atrato,30179332,1530.1001133266445,1524.0,490.942,499.0,2231.391674000831,18.86190868,0.456,29.04558259927278,C,1027.7720446743037,950.0,forest,volcanic,14.0,D,B,9.058540344238281,2.1043313608970493e-05,9399.79,0.3114644817188134
75,Quebrada Chacha Frutal,109.0,Atrato,44627316,2162.2014864117077,2145.0,516.7480017497116,525.0,2477.035616467303,20.01939702,0.473,30.626284263677366,C,1165.3333333333333,1122.0,forest,volcanic,7.0,D,B,9.025273323059082,-3.4067661545122974e-06,15124.18,0.33889961027456816
76,Quebrada La Blanquita,528.0,Atrato,15375297,2077.730976981363,2085.0,604.7506204189993,612.0,2628.2924821541687,19.7149662,0.477,31.78676152467417,C,1366.1851277945445,1382.0,forest,volcanic,2.0,D,B,9.045206069946289,-1.3246290109236725e-05,3324.94,0.21625208280529476
77,Rio Frontino,547.0,Atrato,87962135,1658.6985874288016,1590.0,269.59840532902706,237.0,2496.0957002807872,14.93291794,0.307,19.977566969240343,B,1393.0,1396.0,forest,volcanic,5.0,A,B,9.47102165222168,3.562768824849627e-06,32024.92,0.36407620165199495
78,Quebrada Encalíchada,126.0,Atrato,22473278,1531.2599229143534,1535.0,498.3153715482163,511.0,2494.6619653354687,19.49736441,0.488,28.381928311538097,C,1223.042087071724,1213.0,forest,volcanic,10.0,D,B,9.152986526489258,1.0360409987697494e-06,7884.389999999999,0.3508339993836235
79,Río Choromandó,125.0,Atrato,40873707,1135.8930627604288,1142.0,462.4605328874509,438.0,3325.5037984291034,19.38216515,0.493,28.563475744734482,C,1969.6516175114334,2165.0,forest,sediment,0.0,D,B,9.105255126953125,1.1668106708384585e-05,12737.44,0.3116291849917112
80,Río Amparradocito,124.0,Atrato,48357115,880.7286473740547,854.0,318.0317186438811,308.0,3503.630616996909,18.96761858,0.43,23.654189994271036,C,2220.5,2220.5,forest,volcanic,1.0,A,B,9.32616901397705,-8.61168336996343e-06,16972.6,0.3509845448803139
81,Quebrada Barrancas,119.0,Atrato,20678190,1691.9340961569903,1723.0,475.03972714402164,470.0,2566.2694218269876,25.20499738,0.601,29.588265595207485,D,1190.220507596666,1213.0,forest,volcanic,12.0,D,B,9.080638885498047,5.4442875807581e-06,7777.95,0.3761426894713706
82,Río Chimurro,118.0,Atrato,20734051,687.3879755824569,682.0,316.1568400770713,303.0,3571.4931457291127,22.76992582,0.399,24.94875633290535,B,2345.5417051122454,2328.5,forest,volcanic,0.0,A,B,9.251151084899902,5.406353693615529e-07,6750.58,0.32557940558745607
83,Quebrada NN009,114.0,Atrato,20449019,645.6375183681201,634.0,321.39921942758025,321.0,4037.8629351298573,20.73748281,0.429,21.686033458960832,C,2958.801723418917,2946.5,forest,volcanic,0.0,A,C,9.380987167358398,3.8942125684116036e-06,6190.51,0.30272894753533164
84,Quebrada Tablado,113.0,Atrato,36140696,1609.695484880101,1542.0,463.63902594692786,461.0,3275.987468116385,19.84527563,0.484,25.73293686619801,C,1901.9319878726542,1886.0,forest,volcanic,1.0,D,B,9.238493919372559,6.942925665498478e-06,13071.48,0.3616831286259678
85,Quebrada La Mina (Quebrada El Vesubio),110.0,Atrato,66873368,1295.9789448571678,1356.0,384.5961645653616,372.0,3691.96800601071,18.00901138,0.449,23.970954651344186,D,2567.5,2567.5,forest,volcanic,6.0,D,B,9.34433650970459,2.887215259761433e-06,21242.87,0.317658144569599
86,Río Cheverito,101.0,Atrato,27015690,796.8792185087941,656.0,370.0376961975438,273.0,3976.4842607482765,13.95800394,0.313,21.872857085530736,A,2790.002589588326,2752.5,forest,volcanic,1.0,A,C,9.527030944824219,-3.0136095574562205e-07,10985.64,0.40663925296744224
87,Quebrada Mellizas,97.0,Atrato,23412991,557.6850835581696,448.0,265.70674497915877,191.0,4040.694400335519,8.672299159,0.19,16.812519941317273,A,2890.713140249714,2912.0,forest,sediment,2.0,B,C,9.917176246643066,2.3410411813529208e-05,7824.7699999999995,0.3342063386946162
88,Quebrada NN003,535.0,Atrato,15952913,846.3168817072786,836.0,376.32159154145796,373.0,3989.931859502385,19.74850317,0.463,22.40188429143781,C,2792.6255812412323,2707.0,forest,volcanic,0.0,A,B,9.352666854858398,3.6159999581286684e-05,4400.1,0.27581796503246775
89,Quebrada Dabeiba Viejo,536.0,Atrato,16220470,1437.595947338554,1465.0,481.4718086271075,478.0,2901.9996756543983,21.46102583,0.505,28.752748045877492,C,1615.0521031780793,1423.0,forest,volcanic,14.0,D,B,9.112610816955566,-1.1992950703643146e-06,8104.18,0.4996267062545044
90,Río Cañaduzales,83.0,Atrato,21658329,531.7008320638733,434.0,299.71724702990576,274.0,4614.393321515951,15.60908535,0.347,20.319253386723204,A,3636.0463593463555,3565.0,forest,volcanic,1.0,A,C,9.670578002929688,3.296498107374646e-05,9400.82,0.43405102951386504
91,Quebrada San Pedrito,571.0,Magdalena,24351414,2006.7772495586278,1986.0,127.99824804730272,123.0,2678.2288020847764,6.329037095,0.219,13.936043833234224,A,1629.8203031672676,1619.0,grass,granitic,6.0,B,D,10.49875545501709,-7.022846375548397e-07,6339.55,0.2603360116993617
92,Quebrada Santa Gertrudis,568.0,Magdalena,15612241,2025.6278004483765,2043.0894775390625,133.59963551455095,133.0,2846.209128974459,9.359005993,0.569,14.648400128448568,D,1755.328417519623,1755.0,forest,granitic,2.0,C,D,9.956660270690918,4.264299150236184e-06,2762.48,0.17694320757667012
93,Quebrada La Bella,203.0,Magdalena,46550295,1506.9989492142363,1499.0,296.96212077820417,308.0,3488.113740768821,11.8890989,0.437,19.171396401343188,C,2665.6666666666665,2662.0,forest,granitic,4.0,A,A,9.586860656738281,2.8891377041873056e-06,12647.22,0.27168936308566893
94,Río Nusito,641.0,Magdalena,48695549,1726.413574719774,1750.0030517578125,249.31578755380465,229.0,3266.203452579295,14.13987797,0.48,18.38799911131388,D,2492.5,2492.5,grass,granitic,33.0,C,D,9.623766899108887,-8.346661161340307e-06,14853.5,0.3050278784206746
95,Quebrada La Americana,248.0,Magdalena,34691997,1100.3832450717869,1064.0,371.101944608132,375.0,4431.136445471504,17.77038509,0.396,23.960200390857974,B,3597.122598303852,3565.0,forest,granitic,7.0,D,B,9.354997634887695,5.227907422522549e-06,10883.380000000001,0.31371442814318246
96,Río Melcocho,247.0,Magdalena,67960381,1313.2362400349998,1251.0,460.6064151387853,453.0,4135.054216458892,16.34597796,0.444,26.58164229566728,B,3103.6666666666665,3358.0,forest,granitic,6.0,D,B,9.224723815917969,-2.2863485355628654e-05,17180.4,0.25280023076974806
97,Quebrada La Tebaida,239.0,Magdalena,52994339,1094.994163427826,1068.0,337.4606128750755,323.0,4763.436759813754,13.97493068,0.483,21.037574828356767,D,4010.0,4007.0,forest,granitic,18.0,A,A,9.467455863952637,-1.5088447980815545e-05,18794.84,0.35465750407793556
98,Río Dormilón,237.0,Magdalena,68748478,1220.2588345792071,1155.0,312.9407761966365,311.0,4761.3271729611015,11.22376742,0.515,18.740321546359027,D,3987.5,3987.5,forest,granitic,7.0,A,A,9.604132652282715,1.1034213684979477e-06,22481.16,0.32700593022582986
99,Río Caldera,232.0,Magdalena,139741490,1613.4569516094227,1618.0,299.4384021782695,293.0,3962.0789562415202,12.96282604,0.496,19.722123504141408,D,3099.4,3178.0,forest,granitic,4.0,C,A,9.549215316772461,6.192648015712621e-06,43763.840000000004,0.31317713872952124
100,Río San Matías,229.0,Magdalena,146913763,1956.1130316640986,2044.0,251.97707374038688,238.0,3579.6869678018766,11.8803166,0.655,18.36630555557182,D,2571.25,2668.0,grass,granitic,50.0,C,A,9.585546493530273,-7.023974376352271e-06,55013.35,0.37446015183751025
101,Quebrada Los Planes,227.0,Magdalena,25705546,1117.4805464124802,1043.0,233.20515392597716,215.0,4550.582296501285,9.071446255,0.346,15.395601903013876,A,3858.1945888967543,3899.0,forest,granitic,2.0,A,A,9.927682876586914,3.2892910439841216e-06,7605.16,0.29585677736625393
102,Río San Miguel,226.0,Magdalena,30305115,1330.9630820307839,1362.0,317.02132214922574,306.0,4194.448679675607,12.78034141,0.459,18.769239575283418,C,3530.6451355959157,3496.0,forest,granitic,0.0,A,A,9.61030101776123,-4.268369139026618e-06,6072.33,0.20037310533221867
103,Quebrada La Miranda,223.0,Magdalena,38947463,1099.590936342006,1046.0135498046875,265.36739165164204,256.0,4039.8114704234845,20.24853566,0.342,22.392048494777065,B,3349.0,3349.0,forest,granitic,2.0,A,A,9.338600158691406,-1.175310171674937e-05,12661.96,0.3251035889038523
104,Quebrada Quebradón,221.0,Magdalena,25073164,912.180189993721,916.0,197.19990781122576,165.0,3686.3213111107216,12.45346061,0.641,16.90797182238318,D,2895.1162938572306,2973.0,forest,granitic,1.0,A,A,9.90169906616211,-2.6654930707081803e-07,10097.03,0.40270266648437353
105,Quebrada La Cascada,220.0,Magdalena,31933636,2128.764677929566,2083.0,206.37803146317694,194.0,2780.854335471559,7.740865855,0.338,15.11353469410075,A,1614.0,1614.0,grass,granitic,2.0,C,D,9.934036254882812,3.1027032036945457e-06,6759.11,0.2116611462596993
106,Quebrada San Blas,218.0,Magdalena,39467926,1037.984903999246,1015.0,178.8983646438708,168.0,3741.606631731105,9.25539201,0.294,14.89662746190157,A,3064.0,3064.0,forest,granitic,0.0,B,A,10.122756004333496,-2.0570651031448506e-05,11122.4,0.2818085753986667
107,Quebrada Arena,214.0,Magdalena,51773217,1417.2924818768042,1373.0,305.99406028977546,310.0,3729.7365334265733,13.16404365,0.302,20.044237787134666,B,2994.5,2994.5,forest,granitic,1.0,A,A,9.53835391998291,6.207061232998967e-06,14062.75,0.27162210144291404
108,Río Guatapé,213.0,Magdalena,71238880,1657.4030856138,1652.0,339.43168519419595,341.0,3416.9764756167538,13.21961366,0.421,20.831645189154354,B,2589.0,2574.0,forest,granitic,15.0,D,A,9.499466896057129,8.596962288720533e-07,23463.81,0.32936803610612636
109,Río Coco,212.0,Magdalena,31016664,1157.0879844851838,1125.0,212.13615777102564,211.0,3823.7527064459964,12.74527561,0.422,17.17876695495004,B,3019.29894420591,2960.0,forest,granitic,3.0,A,A,9.744027137756348,4.451126642379677e-06,12579.77,0.40558101283877596
110,Quebrada Portugal,211.0,Magdalena,27352895,678.1995086102717,668.0,264.04721825035745,282.0,3291.1201547095247,15.76940467,0.525,19.0332723354137,D,2506.1689219597833,2457.0,forest,granitic,1.0,A,A,9.691166877746582,-1.100359258998651e-05,8092.45,0.29585351020431294
111,Quebrada Cañafea,210.0,Magdalena,28788074,1933.24099704249,1904.0,76.31015629826403,33.0,3176.5426709216426,2.468255165,0.076,6.710671639965006,A,2139.638636823017,2152.0,forest,granitic,3.0,B,D,12.8373384475708,3.867606665153289e-06,11571.37,0.40195012698661264
112,Quebrada Llanadas,574.0,Magdalena,51475811,914.3759852339954,926.0421142578125,156.03447799589097,145.0,3434.960533854561,10.32371012,0.468,14.766605770024197,D,2595.2837941392486,2661.5,forest,granitic,0.0,A,A,10.032718658447266,-2.8395354547683382e-06,15671.970000000001,0.304453095454873
113,Quebrada Jordan,578.0,Magdalena,15074339,843.5510263010306,828.0220642089844,117.50805072250074,105.0,3434.7958666166737,4.647330043,0.381,12.337960338473398,A,2667.0,2667.0,grass,granitic,1.0,B,A,10.226066589355469,-2.1327894501155242e-05,4980.6,0.33040254700388527
114,Quebrada El Pozo,581.0,Magdalena,34925471,2168.013086942364,2179.0,156.42451534116933,150.0,2515.513967190867,8.166579751,0.449,13.72681440449588,D,1499.9384911786071,1388.0,grass,granitic,6.0,C,D,9.89806079864502,3.726969225681387e-06,9887.460000000001,0.28310169388982614
115,Quebrada de Bonilla,582.0,Magdalena,39092352,2047.1125100284637,1978.0,156.59490014103088,123.0,3214.7573768436314,6.758588221,0.283,14.665686166752568,A,2186.5,2186.5,grass,granitic,2.0,C,D,10.30844497680664,-2.930180244220537e-06,9789.5,0.25041982636399057
116,Río San Carlos,583.0,Magdalena,136388456,1334.860511563707,1288.0,268.32903776708775,235.0,3909.0518743527805,10.80133698,0.327,18.273224338775186,B,3133.1666666666665,3163.0,forest,granitic,8.0,A,A,9.753721237182617,-9.321939842266147e-07,50671.229999999996,0.37152139914246113
117,Quebrada Marinilla,585.0,Magdalena,98039897,2198.1601091620732,2172.0,98.03542832270877,71.0,2478.60507739014,4.072923187,0.192,12.062562415274524,A,1391.3333333333333,1311.0,grass,granitic,0.0,B,D,10.155067443847656,-1.580011371515866e-06,33757.82,0.3443273711313671
118,Quebrada Chorro Lindo,593.0,Magdalena,19792795,1002.4502776802807,989.0,384.9846831064996,381.0,4693.107602470755,20.32667118,0.438,26.949229900427422,C,3949.047784022437,3883.5,forest,sediment,6.0,D,B,9.09862995147705,5.921630759075924e-07,4039.61,0.20409497496437465
119,Quebrada Buga,594.0,Magdalena,15275599,933.2788266953909,916.0,382.95302677532015,393.0,4582.756846236364,23.12724465,0.479,25.998708519412983,C,3918.991818185236,3937.0,forest,sediment,8.0,D,B,9.163641929626465,-1.9079674530075863e-05,5283.62,0.34588627261032445
120,Quebrada Peñon Pelado,643.0,Magdalena,15809562,959.6706921221166,968.0450439453125,171.81732389619143,158.0,3565.5035318944842,17.02855196,0.376,17.161445326288522,B,2766.8102539365022,2757.5,forest,granitic,0.0,A,A,9.741731643676758,1.9441877157078125e-06,3219.67,0.20365333334345379
121,Quebrada Rablo el Cadal,644.0,Magdalena,16114068,829.7195664476905,845.0,205.36198246871382,182.0,3864.589115462225,17.01727013,0.677,17.93269179134085,D,3017.585324393253,2975.0,grass,granitic,0.0,A,A,9.672270774841309,-1.8416641978546977e-05,6508.47,0.403899871838694
122,Quebrada Montañita,566.0,Magdalena,42889673,1413.903047067436,1369.0,174.0577560490553,161.0,3583.6181584708065,10.82710275,0.222,14.73693681104239,A,2713.897191192434,2673.5,forest,granitic,0.0,B,A,10.113226890563965,-5.404208422987722e-06,16563.97,0.38619949375692375
123,Quebrada La Quebradona,184.0,Magdalena,32519630,1540.4596113478365,1620.0,217.41085673696864,200.0,2914.361377747545,13.57188119,0.615,16.449159713850516,D,2029.0,2029.0,grass,granitic,3.0,C,D,9.848105430603027,-6.563063379871892e-06,11216.28,0.3449079832704124
124,Quebrada Dantas,201.0,Magdalena,21694776,1246.5792753569096,1235.0,216.1887619281648,220.0,3742.1196821454632,7.56547207,0.426,16.197666392231444,C,2929.120289240627,2913.0,forest,granitic,1.0,A,A,9.768644332885742,1.7264551388507243e-06,7901.35,0.36420518930455886
125,Quebrada Guacas (Quebrada La Pureza),187.0,Magdalena,64034285,1352.4171362289069,1387.0,187.58450225459592,174.0,2907.7480711885414,12.62833445,0.515,16.26158577075609,D,2200.6666666666665,2180.0,grass,granitic,16.0,A,D,9.825475692749023,5.492026957654161e-07,19326.85,0.30182034514791567
126,Quebrada El Agüe,199.0,Magdalena,32056207,1169.815283677174,1148.0,196.2433871236067,201.0,3685.156127270658,7.274300406,0.346,15.796564500779565,A,2917.0,2917.0,forest,granitic,1.0,A,A,9.859957695007324,-3.3016686984410626e-07,9960.86,0.3107310855585628
127,Quebrada Vijagual,563.0,Magdalena,69927916,1282.5887313337564,1297.0030517578125,212.90231754421632,211.0,3281.290314992512,13.46748157,0.556,17.660491116275846,D,2668.0,2668.0,forest,granitic,2.0,A,D,9.635945320129395,-4.059026196046034e-06,25242.78,0.36098287270565876
128,Río Chico,570.0,Magdalena,58183688,1062.0145718518277,1067.010498046875,219.72351413292589,218.0,3497.862590228986,9.322758461,0.579,15.89816070832191,C,2657.54742397437,2634.0,forest,granitic,7.0,A,A,9.741494178771973,5.870972472621361e-06,18905.129999999997,0.32492147971094576
129,Río El Socorro,197.0,Magdalena,145239094,960.4037837106175,956.05712890625,152.50987624867716,139.0,3160.0555714246516,9.212805865,0.466,15.692396638268866,C,2376.25,2397.0,grass,granitic,16.0,A,A,9.840641975402832,-2.6850839276448824e-06,52933.25,0.3644559363610462
130,Quebrada La Chinca,190.0,Magdalena,29542138,961.1434813780517,919.0,150.44906794948886,135.0,3074.0909045839667,12.26339518,0.293,15.122646970625295,A,2336.963548544618,2273.0,forest,granitic,2.0,B,A,9.986624717712402,3.694427732625627e-06,9361.94,0.31690123443333723
131,Quebrada Horná,204.0,Magdalena,64494316,690.4121020178698,681.0,148.30999517806708,144.0,3083.7159817869433,12.63110275,0.454,16.57340070566684,D,2340.0,2412.0,forest,granitic,0.0,A,A,9.768538475036621,-8.581330348533811e-07,23579.559999999998,0.3656067923877198
132,Quebrada Las Pavas,132.0,Magdalena,29294794,633.3496352416754,619.0510864257812,108.53920053338183,106.0,2759.8038616137874,7.105626834,0.465,13.903067230786856,D,1823.6790678175273,1822.5,forest,granitic,1.0,A,A,10.071146011352539,-2.0732836674142163e-06,11096.58,0.3787901700213355
133,Quebrada La Teresa,135.0,Magdalena,29182284,691.6546245355329,676.0,108.48682689382416,107.0,2736.9805631939607,3.360763381,0.604,12.946577075803116,D,1771.2538966606328,1768.0,grass,granitic,0.0,A,A,10.130480766296387,5.6409639910270926e-06,12349.05,0.42316941333310304
134,Quebrada El Hatillo,156.0,Magdalena,24487399,1257.9186623054534,1232.0,159.19025522041764,123.0,2728.280554494574,7.601804784,0.303,14.695439081837264,A,1787.0464560720457,1810.5,forest,granitic,0.0,B,A,9.957974433898926,6.690031568723498e-06,8810.93,0.3598148582460718
135,Quebrada La Candelaria,161.0,Magdalena,37622243,1139.711892692332,1119.0,168.23606681314527,159.0,2760.3206740123583,10.5340656,0.207,16.53768127304713,A,1835.0,1830.0,forest,granitic,11.0,B,A,9.961252212524414,5.253707158203724e-08,11516.79,0.30611651729536704
136,Quebrada Gallinera,142.0,Magdalena,29254532,1223.1405274675944,1220.0,116.53580748922741,109.0,2631.1427395765677,1.881543838,0.493,11.881794948084183,D,1674.5,1674.5,grass,granitic,0.0,A,A,10.11564826965332,-2.765748831734527e-06,14596.71,0.49895551226045937
137,Quebrada Guarquiná (Quebrada San Francisco),159.0,Magdalena,87370487,1090.3671909834814,1076.0,136.99207405676194,127.0,2697.112919753541,9.346912432,0.344,14.831630370469721,B,1728.0,1728.0,grass,granitic,24.0,A,A,9.938364028930664,-8.568317184654006e-07,26545.93,0.30383177330807365
138,Quebrada Santa Ines (Quebrada Malabrigo),145.0,Magdalena,21711525,897.1814658937769,883.0,130.5995094031071,127.0,2636.6924801444884,9.034498202,0.469,15.293698929932322,B,1675.395807151912,1668.0,grass,granitic,0.0,A,A,9.822969436645508,-4.109211658942513e-06,8108.03,0.37344359735209753
139,Río Cupina,169.0,Magdalena,126290750,714.0527696221927,735.0,165.98896764122685,159.0,2716.6299714353245,11.21289531,0.51,16.854805871056826,C,1821.8,1804.0,grass,granitic,3.0,A,A,9.789691925048828,-8.899453263211399e-08,53023.89,0.4198556901435774
140,Quebrada Guardosol,178.0,Magdalena,37711779,720.0313581771595,761.002197265625,167.06085235705703,158.0,2723.6476235237506,13.58709486,0.534,16.23154476177306,D,1850.8252115666264,1861.0,grass,granitic,0.0,A,A,9.948997497558594,-1.021366415443481e-06,11357.5,0.3011658505953803
141,Quebrada Azulita,173.0,Magdalena,32488965,594.0742820964932,583.0,208.06497908750444,182.0,2722.333717758615,16.91094608,0.505,19.007118476047257,C,1852.0,1852.0,grass,granitic,1.0,A,A,9.659378051757812,-1.480394416830677e-06,9393.45,0.2891274006420334
142,Quebrada Santo Tomas,640.0,Magdalena,19088848,1346.882147944851,1339.0,162.86973910617124,165.0,2743.3373946534957,12.84498056,0.415,16.109313300068518,B,1807.344623375716,1774.0,forest,granitic,0.0,A,A,9.720948219299316,1.7710275415083743e-06,9091.75,0.47628594454730844
143,Río Guarne,338.0,Cauca,57676936,1508.5678542529004,1433.0,271.3880182197174,281.0,2320.21784188706,12.61166297,0.322,17.781257327537663,A,1301.6,1310.0,grass,volcanic,5.0,A,B,9.716564178466797,-4.4093607698414417e-07,19964.71,0.34614720171681795
144,Quebrada Los Limones,635.0,Cauca,19365193,1267.698933778362,1230.0,229.02125408290013,232.0,2331.2890345107867,11.31520369,0.305,17.220273793250342,A,1306.182762121774,1305.0,grass,volcanic,2.0,A,B,9.75295352935791,-1.6503070582984947e-05,6905.54,0.3565954648631697
145,Rio Guadualejo,266.0,Cauca,72828626,1521.9457002893816,1456.0,392.23298231039877,370.0,2945.474758384605,19.17825516,0.225,27.0469571363534,A,1822.0,1875.0,forest,volcanic,16.0,D,B,9.140664100646973,-2.2863541744300164e-06,17556.13,0.24106084330081967
146,Río Cuturú,94.0,Cauca,97879264,438.28336764471516,444.1021423339844,141.50564994789542,120.0,3569.9665491618853,6.922106449,0.41,13.176688685952499,A,2624.6666666666665,2624.0,grass,granitic,0.0,A,A,10.624874114990234,2.198162292188499e-06,32103.48,0.3279906150499865
147,Quebrada Ansermavieja,75.0,Cauca,21371845,234.09028907795027,235.0,112.7713858797161,105.0,3867.5074598349947,4.916865783,0.24,12.439654361008712,A,2907.8380271007536,2914.0,forest,granitic,0.0,B,A,15.483089447021484,-1.6373069229302928e-06,10254.7,0.4798228697615952
148,Quebrada NN025,77.0,Cauca,32822916,232.98474846977473,218.0,109.3144956507645,93.0,3861.7414104288077,3.963748944,0.214,11.798714165328752,A,2914.0,2914.0,forest,granitic,0.0,B,A,15.385037422180176,1.0554891559877433e-05,13327.72,0.40604923706351986
149,Quebrada El Socorro,515.0,Cauca,16951909,318.90316249228863,306.0,171.14092835836516,163.0,3740.7060004893688,14.28680864,0.356,16.34236240031334,B,2845.530510093664,2836.0,forest,volcanic,0.0,A,A,12.938339233398438,-1.661740679992363e-05,5201.0,0.3068091033287165
150,Quebrada El Pescado,92.0,Cauca,66629292,336.1376791408718,327.0,138.26887300890255,134.0,3542.2308844532886,8.997017677,0.399,14.296240702723415,B,2716.0,2760.5,forest,granitic,1.0,A,A,12.8070068359375,-3.903409378835931e-06,23677.36,0.3553596217111237
151,Quebrada Manzana,98.0,Cauca,56701591,441.0513214798029,438.0,158.448645942521,154.0,3239.2804362416177,12.3195623,0.496,16.094359936305434,D,2322.0,2322.0,forest,granitic,1.0,A,A,10.78123950958252,-2.515490223231609e-06,21515.010000000002,0.3794427920020798
152,Quebrada Piedras Blancas,99.0,Cauca,21378510,452.28555564902973,453.0,181.20639860575127,178.0,3070.0099062731388,15.58835008,0.497,17.74515134629926,D,2149.4404903984996,2125.5,forest,granitic,0.0,A,A,10.205119132995605,8.162737685779575e-06,8511.43,0.39813017838942005
153,Quebrada Hundidor,527.0,Cauca,26953148,434.5714387336402,458.0,186.62864477061805,195.0,2861.1748142768015,15.48304763,0.474,16.700718751213156,D,1809.5442050445668,1787.0,forest,volcanic,1.0,A,A,10.855198860168457,1.6906402379390784e-05,9885.28,0.366757901526011
154,Quebrada Gallinazo,639.0,Cauca,80196055,412.03564430452957,441.0,180.3666213242206,152.0,3530.8061698653046,8.880389954,0.496,15.08853978042725,A,2488.6666666666665,2384.0,forest,granitic,0.0,A,A,12.340806007385254,-1.154308392870007e-05,30644.25,0.38211667643751307
155,Quebrada Llanero,477.0,Cauca,15118023,502.10186321283913,535.0,290.5488968221455,307.0,3733.6823320546678,12.97443523,0.578,18.71005983363787,D,2667.563972445018,2652.0,forest,granitic,0.0,A,A,9.658738136291504,6.792798103560926e-06,4034.57,0.26687153472381936
156,Quebrada El Barril,234.0,Magdalena,25973748,381.22666686561513,388.0,162.7084274662833,161.0,3199.6015712585813,10.59586592,0.452,15.167752738700605,D,2539.9626141229205,2476.0,grass,granitic,2.0,A,A,9.988662719726562,7.236482701955538e-07,7762.610000000001,0.2988636834391402
157,Quebrada La Suecia,630.0,Magdalena,19962910,2672.4460266712836,2614.0,566.8252184769038,557.0,2145.0514019213906,22.70981321,0.421,36.92618433231506,B,1358.0959806359865,1290.0,forest,sediment,14.0,D,B,8.792407035827637,-1.5194184015854262e-05,9177.7,0.4597375833483195
158,Quebrada El Retiro,647.0,Magdalena,17539370,2955.1645680485335,2970.0,521.067750126968,525.0,1970.5130796714836,19.970597,0.483,33.30079963529121,C,1090.583195033673,1063.0,forest,sediment,8.0,D,B,8.91181468963623,2.9699089282075875e-05,6494.72,0.3702938018868409
159,Quebrada Catalinita,13.0,Cauca,37128852,69.60973441076699,69.0,27.436385766449487,26.0,3560.7008477628747,0.0,0.265,4.954301636040175,A,2700.269045232033,2713.0,grass,sediment,0.0,B,A,11.400458335876465,-7.289250333997188e-06,12214.05,0.3289638473066714
160,Quebrada Santa Lucia,478.0,Cauca,17332099,96.88815352288272,97.0,38.35589408035988,38.0,3600.910155131323,0.0,0.317,7.143591533371908,B,2678.6333656977063,2744.0,grass,sediment,0.0,B,A,10.884056091308594,6.0119045883766375e-06,4627.41,0.26698497394920256
161,Quebrada El Tigre,482.0,Cauca,17007662,102.70659738783617,104.0,44.58900755405054,46.0,3778.710979811949,0.0,0.455,7.069855381671971,D,2910.5,2910.5,grass,sediment,0.0,B,A,10.936161994934082,-6.211728305061115e-06,6121.08,0.3599013197698778
162,Río Tenerife,307.0,Magdalena,125450472,1793.4032310036973,1729.0,392.8468361076816,398.0,3683.012454252456,17.12001084,0.387,25.247400809129687,B,2755.0,2721.0,forest,granitic,70.0,D,B,9.215423583984375,-7.205795100162504e-06,41620.87,0.3317713304418656
163,Quebrada Tasajos,305.0,Magdalena,35398329,1155.3842531447044,1117.0,409.2659360546954,402.0,4056.3217462872954,14.72998597,0.46,23.885394811693093,C,3002.563069060884,2988.0,forest,granitic,12.0,D,B,9.377585411071777,1.5350800595115288e-06,13254.51,0.374438861224212
164,Río San Luís,299.0,Magdalena,36476992,902.4964446798484,886.0,314.8697052508296,300.0,3866.3581754258744,19.34271648,0.389,23.89802408993514,B,2960.832206324273,2968.0,forest,granitic,17.0,A,A,9.270256042480469,4.243904641043628e-06,11957.460000000001,0.32780827980552785
165,Río Moro,296.0,Magdalena,102256584,1233.3845856930884,1285.0,392.76586669452206,393.0,3863.8721324038456,18.89897917,0.464,26.41864623455231,C,2825.25,2816.0,forest,granitic,44.0,D,B,9.1953763961792,2.2463198092737002e-06,35412.83,0.3463134461835729
166,Quebrada La Volconda,290.0,Magdalena,99811113,1311.4617199373592,1319.00439453125,418.9515034812299,415.0,4130.3852349034505,17.15610131,0.438,26.343233368543014,C,3182.25,3156.0,forest,granitic,28.0,D,B,9.16283130645752,-3.5137206850777147e-06,31594.339999999997,0.3165413053754845
167,Quebrada Montebello,288.0,Magdalena,39675126,802.1532541738586,802.0,335.4077528417371,335.0,4207.974262047573,20.40691389,0.44,24.28264256656462,C,3280.959613019666,3275.5,forest,granitic,15.0,A,A,9.279769897460938,7.052909154481313e-07,15158.119999999999,0.3820560015360758
168,Quebrada La Romelia,279.0,Magdalena,41684919,443.93365931148736,427.0,120.00367136971974,105.0,3689.197136482191,3.001061884,0.484,10.519864261382793,D,2537.0,2537.0,forest,granitic,2.0,A,A,10.396825790405273,-1.8724534811553895e-06,18526.42,0.44443939065828575
169,Quebrada La Concha,274.0,Magdalena,23281160,877.9817221037789,899.0,341.2656626275754,321.0,4214.81197517498,19.98921467,0.476,22.9908611178315,C,3362.6132413105524,3363.0,forest,sediment,5.0,A,A,9.370716094970703,4.0023955079959705e-05,10404.28,0.4468969759238801
170,Quebrada Santa Marta,442.0,Magdalena,231194998,802.8457115624376,786.0,269.9384450781848,257.0,4006.730195900769,14.77851781,0.395,20.494719444545414,B,3145.1,3196.0,forest,granitic,86.0,A,A,9.604506492614746,-7.0230194069154095e-06,88739.8,0.38383096852294357
171,Quebrada El Rayado,602.0,Magdalena,15830328,713.507102449543,722.0,317.50562619556655,313.0,4003.4733909422484,13.65558631,0.525,21.75322824068542,D,3150.1063946470144,3140.5,grass,granitic,0.0,A,A,9.399577140808105,-8.353720659215469e-06,4731.26,0.298873150322596
172,Quebrada La Laguna (Quebrada El Caño),605.0,Magdalena,19447715,800.8168774340836,798.0,285.9409825557438,261.0,4153.874807177158,13.84302,0.528,21.066309564502205,A,3262.0956612603227,3352.0,grass,sediment,3.0,A,A,10.038348197937012,-6.2154308579920325e-06,9199.02,0.4730128963736871
173,Quebrada Las Mercedes,615.0,Magdalena,16646354,1463.1949997278712,1438.0,506.4584424608477,541.0,3911.2619542091325,21.64356265,0.447,29.165397019808413,C,2706.640382877156,2866.5,forest,granitic,16.0,D,B,9.062267303466797,-4.3731473851948977e-05,4893.13,0.2939460496875172
174,Quebrada Fraguas,617.0,Magdalena,15508138,781.8013515735105,776.0,334.2930005737235,335.0,3897.0348888529525,25.49085461,0.446,24.83530369366552,C,3010.8354125657793,2988.0,forest,granitic,1.0,A,A,9.228887557983398,2.351026705582626e-05,4406.09,0.28411470158441976
175,Río Pensilvania,620.0,Magdalena,69683786,2324.6097475765387,2306.0,448.217700629702,448.0,3069.972626105883,15.99918784,0.477,25.76610042514991,C,1941.5,1941.5,forest,granitic,9.0,D,B,9.211869239807129,-4.304836238588905e-06,19334.84,0.27746540637157685
176,Quebrada Sabalito,1.0,Cauca,33519101,58.212877842518786,57.070823669433594,25.697302723694293,26.0,3457.4706531205634,0.0,0.334,4.3349270672852365,A,2611.998779338204,2581.0,grass,sediment,0.0,B,A,11.60396671295166,-0.00012321113899815828,9336.6,0.2785456566988476
177,Caño del Jobo,4.0,Cauca,22915299,58.68442668026197,57.120479583740234,25.061782775008695,24.0,3380.15502622216,0.0,0.27,4.466683574726408,A,2548.35710968506,2563.0,grass,sediment,0.0,B,A,11.538204193115234,-8.392787276534364e-05,7087.93,0.3093099505269384
178,Quebrada La Mulata,15.0,Cauca,85309781,506.5479303719838,510.0,277.7808362839669,266.0,3775.484903706335,12.19990536,0.424,20.603279312183613,C,2674.0,2652.0,forest,granitic,0.0,A,A,9.599508285522461,-0.004619241692125797,25728.42,0.30158816138562117
179,Quebrada La Llana,19.0,Cauca,110646868,382.21983913972366,385.0,195.55052409894216,195.0,3863.3295518753953,11.71284228,0.395,16.826517091627885,B,2818.5,2818.5,forest,granitic,0.0,A,A,9.760601043701172,-0.002642721403390169,43723.43,0.395161930837482
180,Quebrada La Reversa,20.0,Cauca,37641322,112.53990374430211,112.0,40.90106165109108,41.0,3589.8683569334216,0.0,0.339,7.302645721857997,A,2672.3333333333335,2744.0,grass,sediment,0.0,B,A,10.926820755004883,7.652905878785532e-06,11632.11,0.3090250124583828
181,Quebrada Mundeque,21.0,Cauca,23640817,80.14389488562347,80.0,34.505918489661376,34.0,3928.15397148536,0.0,0.396,6.322647766602345,B,3054.559528970668,3078.0,grass,sediment,0.0,B,A,11.04670238494873,2.3517225145042175e-06,7245.59,0.3064864467247473
182,Quebrada La Crucecita,25.0,Cauca,23076564,569.6607274287659,639.0,256.1536306416948,242.0,3659.5141034039934,9.237076676,0.511,17.00250450287224,D,2562.0985961651104,2572.5,forest,granitic,0.0,A,A,9.837042808532715,-4.5458864406100474e-06,8240.21,0.3570813228520502
183,Quebrada NN012,26.0,Cauca,21779954,962.0572227128362,898.0,177.88069775952508,175.0,3110.457744662825,7.626988917,0.305,13.90411642263074,A,1776.5,1776.5,forest,granitic,0.0,B,A,9.948440551757812,-0.002118901815265417,11245.79,0.5163367195357713
184,Quebrada Paraiso,28.0,Cauca,51902581,92.3155356810333,92.0,39.54479191560548,38.0,3890.1166592767568,0.0,0.373,6.6667221156798995,B,3073.260669643329,3080.0,grass,sediment,0.0,B,A,11.084098815917969,-9.19638182494964e-07,15029.560000000001,0.2895724973677128
185,Quebrada Chiritá,29.0,Cauca,21478084,321.867333446964,250.0,208.7023014105419,190.0,3763.109851886786,14.58417479,0.284,16.25008653531956,A,2729.937925393541,2741.5,forest,granitic,0.0,B,A,10.160687446594238,-3.429983962632832e-06,5741.96,0.26734042012313575
186,Quebrada Porras,30.0,Cauca,22262295,173.2413895920597,183.0,100.26339267933245,105.0,3946.8428505408624,7.32749925,0.388,11.42356584089503,A,2992.203329899856,2920.0,forest,granitic,0.0,B,A,10.460999488830566,-1.4057356565899681e-05,9740.789999999999,0.4375465332752081
187,Quebrada NN018,35.0,Cauca,24677614,1187.1147583159377,1203.0,290.2658191481721,318.0,3032.2612496520487,7.826252723,0.383,17.36292615862455,B,1678.3558879357558,1767.5,forest,granitic,0.0,A,A,9.687737464904785,-0.008101655170321465,12553.3,0.5086918046452951
188,Río Amaceri,36.0,Cauca,161554542,651.1562393829006,632.0,203.0364728140166,193.0,3476.4207909043585,9.576535671,0.49,16.88126730143194,C,2329.0,2382.5,forest,granitic,0.0,A,A,9.824597358703613,-0.0027149647939950228,57893.92,0.35835526060294853
189,Quebrada Tres Bocas,37.0,Cauca,31840806,113.68507915309226,113.0,43.91458321732836,43.0,3943.004866237168,0.0,0.366,7.167041025371833,B,3058.2279170869215,3043.5,grass,sediment,0.0,B,A,11.008326530456543,2.3787333702784963e-06,10762.77,0.33801813936493946
190,Quebrada Juan Martin,41.0,Cauca,63421169,139.48282507313024,116.0,63.740533743188486,43.0,4033.3197375726377,1.151954262,0.147,7.295711911867345,A,3147.25,3151.0,forest,sediment,0.0,B,A,11.114229202270508,2.4608812054793816e-07,19211.33,0.3029166807064058
191,Quebrada NN022,43.0,Cauca,28220101,1043.0217013957258,966.0,230.4740512691631,228.0,3073.722679033472,7.765839953,0.297,15.79639312138472,A,1776.4318994366631,1871.5,forest,granitic,0.0,A,A,9.898579597473145,-0.012384981848299503,11083.7,0.3927590478857606
192,Quebrada Borrachera,47.0,Cauca,34247835,904.0007278617932,823.0,213.91994927273666,176.0,3158.3525224374057,7.480180262,0.262,15.24175661189177,A,1877.5496861832485,1901.5,forest,granitic,0.0,B,A,9.984061241149902,-0.0025828778743743896,11169.77,0.32614528772402696
193,Río Cacerí,48.0,Cauca,145533470,229.15585134635097,176.0,103.1871365681684,77.0,3971.758606072899,3.933491441,0.265,9.985846886947666,A,3137.285714285714,3143.0,forest,granitic,0.0,B,A,10.65730094909668,-1.6183005868697364e-07,51761.46,0.35566705033556884
194,Río Atara,49.0,Cauca,75442323,687.5578444172127,681.0,96.4766518685552,88.0,3398.2529609794365,3.581509056,0.199,10.759140369042724,A,2211.0,2211.0,forest,granitic,0.0,B,A,10.546591758728027,8.056565548031358e-07,23235.940000000002,0.30799608331254597
195,Quebrada Aquenqué,55.0,Cauca,51434853,677.6499801648408,675.0,100.9176233322991,97.0,3453.2416639989738,3.210306009,0.227,10.876744512275916,A,2284.6666666666665,2201.0,forest,granitic,0.0,B,A,10.58824634552002,-0.0010252996580675244,14095.55,0.27404666637231373
196,Quebrada Borracherita,56.0,Cauca,37455307,797.6539223020632,724.0,136.49023321889428,89.0,3152.317207497271,2.938914338,0.18,11.691517521453378,A,1938.5,1938.5,forest,granitic,0.0,B,A,10.358817100524902,-0.0009536520810797811,10595.55,0.28288514628914935
197,Quebrada La Tinta,64.0,Cauca,155162991,560.6758131658781,544.0,187.628371274456,172.0,4489.852205850294,9.965444239,0.422,15.397092172989678,D,3756.6,3765.0,forest,granitic,0.0,A,A,10.373254776000977,9.184697660202801e-07,52576.61,0.3388476186309144
198,Quebrada Cañaverales,69.0,Cauca,42994557,671.9116920670713,683.0097045898438,101.42708612686953,102.0,3156.4745678368567,3.863740407,0.387,11.381132111849338,D,1990.0,1924.0,forest,granitic,0.0,B,A,10.267266273498535,-0.00154620292596519,15600.380000000001,0.3628454643688968
199,Quebrada La Arenosa,76.0,Cauca,70738017,654.3255797990961,665.0,105.8540718735507,93.0,3227.61374207597,3.565050295,0.473,11.34342689701106,D,2215.5,2215.5,forest,granitic,0.0,A,A,10.370105743408203,-0.001656274776905775,23337.48,0.32991425247331996
200,Río Surrambai,78.0,Atrato,78074128,690.2046737000726,662.0,357.18073384073614,371.0,4756.4970585368865,15.59068554,0.342,25.031154913089406,B,3658.0,3714.0,forest,volcanic,3.0,A,C,9.306229591369629,-0.006430135574191809,24900.25,0.3189308755392055
201,Quebrada Doradas,81.0,Cauca,87231367,805.8116223030764,856.0,282.32573839662444,269.0,4418.707532789668,15.30467172,0.527,19.344518929066265,D,3661.6666666666665,3680.0,forest,granitic,69.0,A,B,9.609426498413086,-1.5269724826794118e-06,29153.62,0.33421028470183206
202,Quebrada La Jagua,85.0,Cauca,75101899,629.3461629943688,644.05712890625,102.80323300546705,89.0,3290.2061221106164,3.371255525,0.608,11.199384657213239,D,2225.25,2253.0,forest,granitic,0.0,A,A,10.485503196716309,-0.0014761431375518441,24099.25,0.3208873586538737
203,Quebrada Capitán,86.0,Cauca,56105658,469.5352458219372,541.0,198.05010355894956,188.0,3327.4296877117945,10.43462838,0.441,16.761280712178998,D,2323.5336726495216,2276.5,forest,granitic,0.0,A,A,11.639947891235352,-0.00058047502534464,22884.33,0.4078791839496829
204,Quebrada Manipá,89.0,Cauca,22306748,456.6593137299928,483.0,197.77848504137492,188.0,3855.029962452036,15.07465079,0.486,16.347052257537694,D,2952.0,2952.0,forest,granitic,0.0,A,A,10.70052433013916,1.024694256557268e-06,8519.85,0.381940478280384
205,Quebrada Gonzalito,93.0,Cauca,38341106,554.6298703676271,600.0,227.4434595445288,203.0,3104.064378903611,13.02451349,0.539,17.652580822976162,D,1998.0,2005.0,forest,granitic,0.0,A,A,10.487958908081055,-7.549674046458676e-05,10567.57,0.27561985301102165
206,Quebrada La Balsa,104.0,Atrato,40367510,2379.6317207934476,2446.0,515.8744232036915,529.0,2724.380924505242,20.32205733,0.551,29.53178496267608,C,1368.0,1368.0,forest,volcanic,7.0,D,B,9.088022232055664,-2.253816091979388e-05,16464.03,0.4078534940599507
207,Río Pocuné,105.0,Cauca,110347801,476.6018035598527,492.0,229.65646977503076,231.0,3435.5207031252235,12.79689423,0.426,17.72569995361204,C,2394.5,2408.5,grass,granitic,1.0,A,A,11.029078483581543,-0.0009446537587791681,36662.979999999996,0.33224930327338376
208,Río Páramo,106.0,Atrato,108006777,2368.320853115194,2373.0,532.7445687898507,542.0,2736.1874145369193,19.73028633,0.49,30.52342833906048,C,1568.5,1562.0,forest,volcanic,25.0,D,B,9.029723167419434,4.430091848917073e-06,36967.25,0.34226787454272434
209,Quebrada Doña Teresa,107.0,Cauca,86900141,581.1647489326365,590.0,136.33044081916,123.0,2930.966190878578,6.26487948,0.668,13.756306931807345,D,1950.5,1940.0,grass,granitic,1.0,A,A,10.206046104431152,-0.0012183822691440582,32800.7,0.37745278226878826
210,Río Pavarandocito,108.0,Atrato,98311741,569.6526563061053,547.0,258.7465836266811,258.0,4144.049937194302,14.75099255,0.364,19.62713067581748,B,3041.3333333333335,3089.0,forest,volcanic,0.0,A,C,9.490145683288574,-0.003229716792702675,33722.29,0.34301386240327086
211,Quebrada El Águila,111.0,Atrato,48033415,1937.0291868813354,1849.0,590.8222526000776,593.0,2754.4900663013923,16.72385754,0.465,30.185157239425976,C,1530.0,1530.0,forest,volcanic,10.0,D,B,9.108207702636719,9.158456123259384e-06,15863.86,0.3302671692195943
212,Quebrada Chimiadó,112.0,Atrato,75987009,1822.7045569982615,1789.0,543.3221639551044,536.0,2931.819122431985,17.45638406,0.49,29.397245466694116,C,1639.0,1638.0,forest,volcanic,3.0,D,B,9.1474609375,-7.366251679741254e-07,24696.21,0.3250056861693293
213,Río Mani,115.0,Cauca,82482873,591.8700762926215,639.0,225.5894006241257,217.0,3234.980600387,15.08167372,0.532,18.989540314448313,D,2172.0,2137.0,forest,granitic,3.0,A,B,10.088961601257324,-0.0005731286946684122,29016.65,0.3517900013012399
214,Río Urama (Río Camparrusia),120.0,Atrato,195251278,1995.0131707346738,1938.0,517.2603104031422,525.0,2306.7986236851025,17.88264966,0.394,29.53272865209546,B,994.125,971.5,forest,volcanic,196.0,D,B,9.098234176635742,4.414368504512822e-06,59808.729999999996,0.30631671460813686
215,Cañada El Rubí,121.0,Cauca,108061789,1537.430171301236,1597.0,275.67211889805805,229.0,3147.1267746738636,11.81740823,0.627,17.92844823345348,D,2087.75,1988.0,forest,granitic,10.0,C,B,9.689531326293945,6.619791292905575e-07,39221.67,0.36295595661478447
216,Quebrada Sabaletas,122.0,Atrato,78092475,738.6928893253857,718.0,290.40677137791516,278.0,4110.251685485654,13.39590693,0.396,20.661498521153625,B,3013.3333333333335,3073.0,forest,volcanic,1.0,A,C,9.461271286010742,-0.005489647388458252,24131.34,0.30900979895950287
217,Quebrada NN014,128.0,Atrato,22532706,856.685374326649,847.0,283.22196399732144,287.0,4069.7077968943563,16.46664751,0.425,21.62547119477496,B,2957.5218106489046,2947.0,forest,granitic,0.0,A,C,9.344995498657227,-0.007024817634373903,7523.610000000001,0.333897313531717
218,Quebrada Mona,129.0,Magdalena,171398491,756.1286658500526,758.0,118.88448969656794,112.0,2742.595870568895,7.199321394,0.404,14.579118529212904,B,1775.0,1765.0,grass,granitic,0.0,A,A,9.965143203735352,-0.004776697605848312,61329.21,0.35781651076496346
219,Río Pocoró,131.0,Cauca,226361307,1048.8510100115652,1042.30322265625,243.8686931259042,241.0,3115.5701610018154,14.8421156,0.51,18.98358147395978,D,2126.0,2073.0,forest,granitic,15.0,A,B,9.721980094909668,-1.1540776540641673e-05,88737.78,0.3920183231668653
220,Río Julio Chiquito,133.0,Atrato,23275434,897.5158123646696,869.0,221.37461855355508,208.0,3582.6858295894954,14.00900653,0.431,15.978028758385726,B,2421.7563367456346,2260.0,forest,volcanic,0.0,A,C,10.014289855957031,-1.2668611816479824e-05,7823.21,0.33611446299991654
221,Quebrada La Silvia,134.0,Cauca,333671410,896.5366021191692,858.0137329101562,205.7508304675885,184.0,2959.565081607041,10.41371384,0.488,16.42173191231825,D,1949.7272727272727,1851.0,forest,granitic,12.0,A,B,10.022520065307617,-0.0003188228001818061,115725.1,0.3468235411598495
222,Quebrada La Clarita,136.0,Magdalena,159072336,886.2051532791319,880.0,140.77547797359287,131.0,2700.0693695080963,9.09099522,0.4,15.20280115107931,B,1742.0,1748.0,forest,granitic,5.0,A,A,9.941421508789062,-1.389942895002605e-06,55419.600000000006,0.3483924445542813
223,Río Chuscal,138.0,Atrato,50368500,1537.9946849025948,1512.0,392.63906222457257,384.0,3232.844242261937,16.97943079,0.447,23.710066855387804,B,2018.3333333333333,2035.0,forest,volcanic,3.0,D,B,9.3267183303833,6.488683538918849e-06,15345.539999999999,0.30466541588492807
224,Río Volcán,139.0,Magdalena,114022825,1235.8740792563476,1258.045166015625,124.24712706322018,117.0,2611.58657441619,4.599224337,0.437,12.696389861331875,D,1618.25,1595.5,forest,granitic,0.0,A,A,10.12686538696289,2.323594571862486e-06,42082.54,0.3690711925441244
225,Quebrada NN016,140.0,Atrato,23131310,893.6289480064036,894.0,165.70850451142255,162.0,4048.705503695652,11.19807972,0.562,13.602008609111719,D,2927.5783224481543,2947.0,forest,granitic,1.0,A,C,10.042880058288574,2.826646550602163e-06,8141.04,0.35194893847343706
226,Río Jenaturadó,141.0,Atrato,80494007,929.6004938991786,923.0,244.29318788467057,243.0,3831.981361507609,15.70538485,0.498,19.056461174772892,D,2745.3333333333335,2734.0,forest,volcanic,4.0,A,C,9.620420455932617,4.328469913161825e-06,28970.11,0.35990393669928744
227,Río La Cruz,143.0,Magdalena,83546594,1474.5758597868735,1487.0,177.72935111866929,169.0,2706.9084604024,8.085787671,0.411,14.892064071155712,B,1727.75,1721.5,grass,granitic,8.0,A,A,9.896591186523438,-4.389281457406469e-06,24572.93,0.2941224629695856
228,Río Chaquenodá,146.0,Atrato,97613415,947.864402374649,877.0,183.01295511199257,162.0,3484.871892108058,9.22202329,0.246,14.165567562423899,A,2376.0,2354.0,forest,volcanic,3.0,B,C,10.185168266296387,-2.3878278625488747e-06,33233.25,0.34045781514764134
229,Río Paimadó,147.0,Atrato,26938712,925.8658241939576,863.0,147.32005923975646,117.0,4218.112975610507,4.937323335,0.214,11.680617678447662,A,3183.85705813064,3087.0,forest,granitic,0.0,B,C,10.17912769317627,-0.01557803526520729,6977.01,0.2589956787837518
230,Quebrada Vallecitos,149.0,Cauca,27190986,2712.5926453760926,2721.0,106.8384389288047,104.0,2229.3810450329966,6.367056564,0.575,12.57780102022235,D,989.7656609644658,975.0,grass,granitic,3.0,C,D,9.970108032226562,-1.5194991647149436e-05,8885.23,0.3267711586479431
231,Río Cuevas,151.0,Atrato,64049264,1535.9973093903661,1612.0,342.32230477088126,349.0,3211.92551575474,15.77341709,0.506,20.481488510098572,D,2030.0,2030.0,forest,volcanic,6.0,C,B,9.556355476379395,9.878320270217955e-06,23681.02,0.3697313368034955
232,Quebrada Pegadorcito,153.0,Atrato,39058499,911.4340933512235,866.0,142.35904956798544,125.0,4138.547880801399,6.452301306,0.178,12.271718210962238,A,3027.0,3027.0,forest,granitic,0.0,B,C,10.263479232788086,-0.0017358476761728525,11836.71,0.3030508161616758
233,Quebrada Quitasol,154.0,Cauca,26254870,2648.8406698091985,2647.0,95.2304205149024,92.0,2262.6770194324545,7.813840262,0.397,12.929209422708992,B,1064.5,1064.5,grass,granitic,1.0,C,D,9.930652618408203,-6.633048542425968e-06,7140.23,0.27195830716358527
234,Río Chimurrito,155.0,Atrato,32240393,799.7116717365936,772.0,227.78935484759202,216.0,3628.8665297022044,11.04406856,0.381,17.274487015364183,B,2455.5,2455.5,forest,volcanic,2.0,A,C,9.689739227294922,1.3124993074598024e-06,10680.24,0.3312689147430678
235,Quebrada Cuestas (Quebrada Los Ejidos),157.0,Cauca,26826010,2610.6266873978775,2606.0,93.90847401522676,83.0,2353.92179328389,5.55847368,0.265,13.131352208703488,A,1279.3527138328868,1302.0,grass,granitic,3.0,C,D,9.90920639038086,2.607345777505543e-05,11329.1,0.4223177431157299
236,Quebrada La Chorquina,158.0,Cauca,115905814,2783.113694136876,2705.0,157.03782388183197,114.0,1843.9350419735401,6.535588407,0.323,13.731138088976689,A,540.4,473.0,forest,granitic,23.0,C,D,9.999654769897461,6.151966317702318e-06,36746.79,0.3170400925703347
237,Quebrada La Carolina,164.0,Cauca,54512340,1304.414208498303,1314.0157470703125,252.68678015801905,257.0,3223.2080520084937,13.20021113,0.346,18.362789273593954,B,2522.0,2522.0,forest,granitic,15.0,A,A,9.700942993164062,-8.824663382256404e-06,16366.81,0.30024045931618415
238,Río Carauta,167.0,Atrato,208618949,1869.8026123557634,1843.0,436.38562664702647,438.0,2941.9689126318385,18.02901999,0.456,27.30781859567845,C,1575.5714285714287,1586.0,forest,volcanic,14.0,D,B,9.19107723236084,8.165739018295426e-06,79137.73,0.37934104442257544
239,Río San Bartolomé,168.0,Magdalena,312036756,1379.9145635224772,1405.0,152.0740405523868,132.0,2894.729027355328,6.72252814,0.382,14.754561290937113,B,2048.909090909091,2079.0,grass,granitic,28.0,A,A,9.902533531188965,-2.5458882646489656e-06,108082.24,0.3463766300659785
240,Quebrada Manzanares (Quebrada El Cenizo),170.0,Magdalena,23761557,1036.3144160141342,1041.0,128.0841023725014,127.0,2802.1119652657635,11.49817753,0.382,15.858566612580878,D,1945.1927464638736,1930.0,grass,granitic,0.0,A,A,9.91236400604248,7.330439984798431e-06,7646.07,0.3217832063782689
241,Quebrada La Palmichala,176.0,Magdalena,43775375,1482.7734656520909,1507.0,213.33131112283408,187.0,3081.1896839207984,7.841714688,0.62,15.185848437279184,D,2256.828862183108,2222.0,grass,granitic,16.0,C,D,9.857707023620605,-7.36203946871683e-06,14136.71,0.3229374962521737
242,Quebrada Doña Ana,177.0,Magdalena,103711853,1170.3382233749307,1162.0,128.97882691517063,115.0,2865.487013773746,6.513593234,0.313,13.874530088295625,B,2029.6666666666667,2022.0,grass,granitic,4.0,B,A,10.025769233703613,-2.411999503237894e-06,44138.21,0.4255850100373773
243,Quebrada Monteloro,180.0,Magdalena,21885136,1076.049651045174,1100.0,195.8536862617733,187.0,2937.1256939420905,15.09071224,0.536,17.48184459371848,D,2108.5,2108.5,forest,granitic,11.0,A,A,9.655393600463867,-2.0089717054361245e-06,6817.86,0.3115292498068095
244,Quebrada Santiago,181.0,Cauca,41916837,1607.9269000611237,1604.0,262.9546533813865,268.0,3164.1526119639875,10.14714451,0.496,17.911219235474285,A,2304.1901456169926,2355.0,grass,granitic,5.0,C,D,9.742232322692871,-2.0827715161431115e-06,17481.93,0.41706224159995664
245,Quebrada Mulatos,182.0,Magdalena,109484022,878.5083830273502,878.0,133.44690225990993,130.0,2796.6454177145006,7.468081793,0.576,14.914022740211754,D,2019.6,1986.0,grass,granitic,12.0,A,A,9.940479278564453,7.321684925010175e-10,47481.72,0.433686296252434
246,Río Nus,185.0,Magdalena,87874080,1557.153258446525,1562.0,314.7235451741746,333.0,3105.6987415658627,10.80814927,0.491,19.663772103999964,C,2284.0,2295.5,grass,granitic,29.0,C,D,9.56025218963623,-4.5260304659677786e-07,24401.190000000002,0.27768358997328907
247,Quebrada El Ingenio (Quebrada Alejandria),188.0,Magdalena,74347363,720.6663179611443,710.0,133.83169050264644,127.0,2821.9084423925456,7.295750967,0.471,14.425687644279806,D,2063.3333333333335,2046.0,grass,granitic,6.0,A,A,10.033346176147461,-1.1251941600676219e-07,27621.489999999998,0.37151943102541507
248,Río Monos,192.0,Magdalena,90865820,942.6660690014152,950.0,148.1866928664301,146.0,2895.497558787222,9.571066366,0.553,15.926440434787278,D,2124.3333333333335,2139.0,grass,granitic,4.0,A,A,9.923201560974121,2.5460483357164776e-06,32510.67,0.3577876697750595
249,Quebrada Dos Quebradas,193.0,Cauca,23744561,1955.26488672066,1947.0,360.8731846084743,375.0,2616.627213275184,11.29552096,0.529,20.18323602106045,C,1779.1652139359373,1831.0,grass,granitic,14.0,C,D,9.479527473449707,6.050874162610853e-06,8117.18,0.341854288230471
250,Río Urrao,195.0,Atrato,44912408,3077.947374360086,3113.0,393.191424953504,382.0,1952.8151527034047,14.9468413,0.515,22.52016830170402,D,792.0,792.0,forest,granitic,21.0,C,B,9.440208435058594,-7.656881280126981e-06,14368.990000000002,0.31993363615685005
251,Quebrada Las Juntas,196.0,Atrato,25340150,2695.7047223789964,2663.0,314.6328683583345,305.0,1958.2892779278618,19.78009349,0.372,23.425189863333436,B,753.4389876314142,713.0,forest,volcanic,15.0,C,B,9.304546356201172,1.2456885087885894e-05,9144.23,0.36085934771498984
252,Quebrada La Garcia,198.0,Cauca,80923491,2389.822335585645,2527.0,274.86785055350555,196.0,1683.4364700585004,6.170589439,0.55,16.571975657163275,D,460.2,484.0,forest,granitic,25.0,C,D,9.826315879821777,-3.6804090086661745e-06,32180.7,0.39766821231179955
253,Quebrada Jamundi (La Meseta),200.0,Cauca,24970374,2061.0810610462286,2215.0,324.2955977081035,298.0,1971.9178603730645,7.253980223,0.568,16.859622631588078,D,774.8479158481108,767.0,grass,granitic,15.0,C,D,9.783272743225098,-1.5769678611832205e-06,5730.89,0.22950757565745714
254,Quebrada Ovejas,205.0,Cauca,112355002,2267.2331399889345,2284.028564453125,166.59094611801362,117.0,2199.876484400687,5.807439435,0.759,14.705698723587114,A,1181.25,1148.5,grass,granitic,22.0,C,D,9.870100021362305,5.989307737763738e-06,39341.71,0.3501553940606934
255,Quebrada La Iguana,206.0,Cauca,51811751,2212.052077067961,2218.0,328.82004012827326,328.0,1855.08477257824,7.88000619,0.433,18.283718448654827,C,644.0,606.0,grass,granitic,36.0,C,D,9.716232299804688,5.641740244755056e-06,14495.039999999999,0.2797635617449022
256,Quebrada San José,207.0,Atrato,64831604,2519.0489213730043,2513.0,356.69288445985774,334.0,2025.2549387512715,20.74036116,0.4,25.854461483263105,B,785.0,785.0,forest,volcanic,110.0,D,B,9.160439491271973,-4.819030891667353e-06,21334.35,0.32907330196550433
257,Quebrada Piedras Blancas,209.0,Cauca,41621159,2348.8110475485955,2469.0,237.35359788246845,159.0,1742.949383816194,4.375944471,0.764,14.233366059807102,A,512.4468365098065,576.5,forest,granitic,13.0,C,D,9.986006736755371,1.6497597243869677e-05,11608.4,0.278906216907607
258,Quebrada La Baldia,216.0,Atrato,34970534,2333.536654629514,2311.0,351.0622331774751,344.0,2651.818150155329,21.02547637,0.405,26.666112377204175,B,1333.7935104226049,1546.0,forest,volcanic,20.0,D,B,9.14651107788086,-6.021297849656548e-06,10963.060000000001,0.3134942120128907
259,Quebrada Santa Elena,217.0,Cauca,45328642,2195.2465250785212,2232.0,303.88222719071155,291.0,1974.7327799198613,5.143923386,0.529,15.454129593770269,A,735.0,761.0,forest,granitic,17.0,C,D,9.964400291442871,3.9932124309416395e-06,12792.16,0.2822092045025306
260,Quebrada Doña Maria,219.0,Cauca,72963316,2183.59817015327,2174.0,304.4996588860192,293.0,2027.5922259554245,15.09981447,0.385,20.762854978999766,B,819.4,813.0,forest,granitic,160.0,C,D,9.47412395477295,-3.259980985603761e-06,20723.31,0.28402368664275074
261,Quebrada La Ayurá,224.0,Cauca,39082306,2132.2538111523218,2111.0,343.4965547040229,354.0,2269.031593654267,8.910547811,0.417,19.49552999672583,C,1078.5,1078.5,forest,granitic,32.0,C,D,9.646982192993164,4.563343736663228e-06,13617.73,0.34843721862266774
262,Quebrada El Chavel,228.0,Atrato,66800764,2339.789441817445,2331.0,301.5102999494318,291.0,2453.4499451074275,21.83648462,0.425,24.528470089429124,B,1206.3002355040019,1215.5,forest,volcanic,87.0,C,B,9.17984390258789,2.1404221683951619e-07,15814.95,0.23674804078588083
263,Quebrada El Oro,230.0,Magdalena,21824934,409.9598020589007,425.0,134.02515082341432,137.0,3172.647139441068,5.961124564,0.514,13.053202474230776,D,2452.0,2452.0,forest,granitic,0.0,A,A,10.088143348693848,-2.018904524447862e-06,8678.06,0.39762136279541554
264,Quebrada San Joaquín,233.0,Atrato,21832331,2684.650886431372,2600.0,368.63657087030856,351.0,2798.3858297106103,24.79002197,0.386,25.84211047469232,B,1713.4591669138183,1745.0,forest,volcanic,20.0,D,B,9.170177459716797,-3.421050132601522e-05,10094.49,0.4623642798380072
265,Quebrada La Mina,235.0,Atrato,47389735,2588.2697513839803,2572.0,295.6284379572999,271.0,2524.6150046156995,20.83665743,0.344,21.51774732639674,B,1251.0,1274.0,forest,volcanic,2.0,C,B,9.345189094543457,-5.143906946614152e-06,20311.14,0.4285978809545991
266,Río Chaquimenno,236.0,Atrato,114709107,1167.4979348815193,992.0,361.0827435994822,317.0,4036.531473585254,13.95250089,0.297,22.19802384720967,A,2617.8,2613.0,forest,granitic,2.0,A,C,9.588296890258789,4.17889441450825e-06,44966.93,0.3920083694836889
267,Quebrada Peñas,238.0,Atrato,50413912,2065.5472104186274,2063.0,459.778869388835,454.0,3231.3670920402174,19.16825094,0.503,29.356103477221367,C,2263.0,2182.0,forest,volcanic,42.0,D,B,9.100024223327637,1.626578341529239e-05,15282.11,0.3031327939795666
268,Río Cocorná,240.0,Magdalena,215629039,2074.1855534763417,2239.0,265.4545210868588,230.0,3269.378554985934,11.50095653,0.627,18.106774509364126,D,2404.0,2223.0,forest,granitic,15.0,C,A,9.635926246643066,2.039271748799365e-06,79895.01,0.3705206421663828
269,Quebrada El Salto,241.0,Cauca,123952212,2311.9091174764512,2316.0,318.75933231952257,303.0,2383.56414579645,16.11451604,0.559,21.824005650894133,D,1155.25,1158.5,forest,granitic,19.0,C,D,9.38019847869873,-3.4091326597263105e-06,48118.37,0.3882009786158556
270,Quebrada NN029,242.0,Atrato,35031976,1130.702137791523,1090.0,437.3312863196894,404.0,4877.696828329147,14.61934859,0.378,25.27854990614651,B,3955.5337244244574,3746.5,forest,granitic,0.0,D,C,9.414043426513672,-1.1202222367501236e-06,13010.19,0.37138042113296726
271,Río San Pablo,243.0,Atrato,47412196,2195.557983777949,2189.0,574.654732656927,568.0,3666.8625974843103,18.48289175,0.437,30.786386413993412,C,2611.531054914366,2697.0,forest,volcanic,22.0,D,B,9.072358131408691,-1.6400856566178845e-06,15398.0,0.324768757810754
272,Quebrada NN028,244.0,Atrato,34615084,1808.9282272696976,1759.0,447.30737820693906,418.0,4237.68961993976,18.81302356,0.359,26.976569730756605,B,3203.3049327606204,2955.0,forest,volcanic,0.0,D,C,9.232772827148438,7.680579983571079e-06,11680.06,0.3374268859206004
273,Río Barroso,245.0,Cauca,236713370,1877.5917041464336,1855.0,441.14609160167697,444.0,2605.4409399814103,18.35621303,0.404,28.881722506233608,B,1413.5,1391.0,forest,volcanic,109.0,D,B,9.089770317077637,1.50168276036311e-07,87725.88,0.3705995990002593
274,Río Carmen,246.0,Atrato,72711936,2378.6893557034123,2399.0,438.297555843711,443.0,3407.9424032775873,20.11474998,0.446,27.964542664306325,C,2525.3333333333335,2697.0,forest,volcanic,91.0,D,B,9.096075057983398,-1.0356473467254546e-05,21569.39,0.29664166829501004
275,Quebrada La Ursula,249.0,Cauca,69543753,1694.703804576221,1699.0,448.6380276285495,462.0,2321.038187013126,18.44749276,0.485,26.42574510370709,C,1171.6666666666667,1236.0,forest,granitic,7.0,D,B,9.168460845947266,1.1626121931840316e-06,19584.85,0.2816191125031748
276,Quebrada La Venada,250.0,Magdalena,196082800,642.0142946448308,605.0,178.2983024250423,171.0,3845.8846820044005,11.49913967,0.454,16.241530309669745,B,2996.4285714285716,3000.0,forest,granitic,15.0,A,A,9.904794692993164,1.3405198062699242e-09,68952.29000000001,0.35164884426374987
277,Río Chumurro,251.0,Magdalena,85070043,892.164527582211,902.0,294.92274637726615,297.0,4318.121775594996,15.31727795,0.391,21.000133388224427,B,3677.75,3683.5,forest,granitic,91.0,A,A,9.54963493347168,-4.157373041380197e-06,32252.58,0.3791297013920635
278,Río Atrato,253.0,Atrato,123553471,2428.934745317004,2370.0,353.6999445728148,339.0,2984.124732788315,21.21458138,0.392,25.46995607540241,B,1866.3333333333333,1868.0,forest,volcanic,132.0,D,B,9.178897857666016,-4.1468797462584917e-07,50398.8,0.407910838862633
279,Quebrada El Teja,254.0,Cauca,293264484,2470.79841735541,2486.1343994140625,179.86649016182642,167.0,2704.350991831541,8.708666543,0.579,15.252068996754709,D,1712.4285714285713,1593.5,grass,granitic,15.0,C,B,9.857925415039062,2.6408370104036294e-06,99056.31999999999,0.3377712795252766
280,Caño Valero,256.0,Magdalena,168839039,384.21888834377705,386.1385498046875,101.48389220390044,90.0,3347.434028187666,4.350752781,0.359,10.533687432348419,A,2501.0,2529.0,grass,granitic,0.0,B,A,10.778877258300781,-2.348334419366438e-05,65759.01,0.38947751888116344
281,Río Bolívar,258.0,Cauca,231758860,1689.8273942307947,1618.0,424.80552655818235,395.0,2940.555283360437,17.48785098,0.31,27.315604618354662,B,1822.6666666666667,1768.0,forest,volcanic,143.0,D,B,9.170392990112305,9.596767824859853e-10,80497.37,0.3473324385527267
282,Quebrada Sevillana,259.0,Atrato,67130743,1948.16535422471,1810.0,494.19054811399496,485.0,3946.902392767258,19.84996528,0.342,27.758482129780635,B,3126.6666666666665,3335.0,forest,volcanic,270.0,D,B,9.200248718261719,-2.567901447037002e-06,20593.22,0.3067628791178432
283,Quebrada La Rinconada,260.0,Magdalena,138569507,959.0104365583065,894.0,343.77951305307886,343.0,4176.320047799836,16.22865799,0.291,23.173067667340664,B,3453.6666666666665,3439.0,forest,granitic,117.0,A,A,9.343520164489746,4.580096629069885e-06,40856.229999999996,0.29484286178488023
284,Quebrada San Jerónimo,262.0,Magdalena,339399696,1467.2730048916433,1392.0,433.50951813070884,430.0,3929.2037127652316,16.27987423,0.345,26.88220749264878,B,2985.3846153846152,3198.0,forest,granitic,74.0,D,B,9.184900283813477,-6.752138688170817e-06,113522.32,0.3344797338887422
285,Río San Lorenzo,263.0,Magdalena,39867890,827.2090609278833,833.0,274.96984980695845,264.0,4093.649939340941,18.35020661,0.442,19.54802127633604,C,3285.5277162727857,3309.0,forest,granitic,18.0,A,A,9.589520454406738,3.94372506207219e-07,16635.21,0.4172583500155137
286,Quebrada El Mulato (Caño El Mulato),264.0,Magdalena,28727308,586.055426824449,601.0,205.44183670309937,193.0,3677.1758403071626,11.11323162,0.381,15.394593893867246,A,2914.5,2914.5,forest,granitic,1.0,A,A,9.981915473937988,5.325997335603461e-06,12208.19,0.42496811744421026
287,Río Playa,265.0,Atrato,144526824,886.9257820217699,816.0,263.67501830960776,244.0,6460.2389852398765,11.94569451,0.281,18.119504860046746,A,5149.6,5396.0,forest,granitic,0.0,A,C,9.763520240783691,-1.709131112193063e-07,59320.81,0.41044844381275547
288,Río Pedral,267.0,Cauca,64366552,2167.2448905376236,2045.0,514.5599900534627,446.0,3127.758030832608,19.3363513,0.411,28.649566901717353,B,1885.5,1885.5,forest,volcanic,31.0,D,B,9.170160293579102,8.31819818358781e-07,29890.670000000002,0.46438202872821277
289,Río Grande,269.0,Atrato,77180093,2255.0807333574953,2086.0,639.1895148272839,637.0,3790.956143818256,14.94546607,0.41,31.65722786282516,B,2949.0,2949.0,forest,granitic,304.0,D,B,9.324870109558105,9.761076853465056e-07,25900.960000000003,0.33559119966336404
290,Quebrada Chamberí,270.0,Magdalena,30930512,1306.2555762387406,1307.0,494.79059804485337,491.0,4292.420798952428,16.46940681,0.467,27.922035137400425,C,3472.5,3472.5,forest,granitic,11.0,D,B,9.137467384338379,-6.487142059086182e-07,9837.34,0.318046464927577
291,Río La Paloma,272.0,Magdalena,149940032,1715.033512447055,1733.0,439.2997775074906,435.0,3733.4762654072265,16.38619892,0.416,26.613166327811193,C,2537.1666666666665,2683.5,forest,granitic,56.0,D,B,9.159744262695312,-3.881843895214843e-06,51083.62,0.34069367145393165
292,Quebrada NN034,273.0,Atrato,52870891,1883.2860811708242,1775.0,520.5308182873681,483.0,4344.327380006224,17.01045853,0.337,28.58702528262448,B,3671.5,3671.5,forest,granitic,2.0,D,B,9.280901908874512,5.397058430389734e-06,19280.37,0.36466890637420885
293,Quebrada Cañaverala,275.0,Cauca,36279306,1925.347716181758,1910.0,368.0928441806857,356.0,2611.2084770491297,13.18328514,0.499,20.772592183484264,C,1422.9285135893101,1385.0,grass,volcanic,4.0,C,B,9.538900375366211,3.3452977277192986e-06,10348.17,0.2852361619045304
294,Río Tapartó,276.0,Cauca,121584984,2181.0741687243662,1969.0,409.82930827551894,367.0,2912.254467309027,18.90992076,0.377,26.42764726634078,B,1770.75,1683.5,forest,volcanic,11.0,D,B,9.194931983947754,1.8328158830627217e-06,39132.75,0.32185512316224835
295,Río Negrito,277.0,Magdalena,73323758,1768.4958296118814,1767.0,417.9033530332634,410.0,3533.5435355667737,17.22493612,0.458,26.723438498041816,C,1809.0,1809.0,forest,granitic,48.0,D,B,9.153950691223145,-5.227888323133811e-06,24782.260000000002,0.3379840405888635
296,Quebrada La Chaparrala,278.0,Cauca,39504144,2050.7831593308347,1932.0,381.1538738657601,355.0,2655.6250281747148,21.95869773,0.313,27.738185956758635,B,1506.8364790138191,1527.5,forest,volcanic,7.0,D,B,9.082487106323242,-4.709058430307778e-06,16125.13,0.4081883156359495
297,Quebrada Pore,281.0,Cauca,29897339,2119.4077373449827,2236.0,338.0385829115808,301.0,2271.4702034860784,16.46853807,0.689,21.899717371856273,D,1145.309212700181,1177.0,grass,sediment,28.0,C,B,9.38650894165039,3.6799719964619726e-05,12567.56,0.42035714282130593
298,Quebrada Damas,284.0,Magdalena,137260255,1677.1896290036507,1653.0,408.96949049252174,400.0,3446.3190158662587,17.27278758,0.372,26.213529144107937,B,2221.8333333333335,1979.0,forest,granitic,24.0,D,B,9.164430618286133,-1.2697520105575677e-05,53017.29,0.38625376297020575
299,Quebrada Santa Rita,285.0,Cauca,99572170,2483.981283849933,2405.0,490.52005754984225,470.0,2597.785729102394,19.2825199,0.447,30.1442617951074,B,1328.0,1348.5,forest,granitic,17.0,D,B,9.011656761169434,-7.557749995612539e-06,36740.28,0.368981413180008
300,Quebrada Volcanes (Quebrada Bonita),286.0,Cauca,136643979,2344.021685748429,2366.0,362.60989998437253,361.0,2441.14757720648,11.69436647,0.486,20.248690103448066,C,1265.0,1302.0,forest,volcanic,11.0,C,B,9.577657699584961,6.939848731235543e-07,45702.45,0.3344636941522319
301,Río Mumbaradó,289.0,Atrato,189887657,774.4059500292545,667.0,263.2147040907174,218.0,5981.512971136941,11.16266513,0.228,18.175112217841022,A,4860.0,4865.0,forest,granitic,4.0,A,C,9.803901672363281,8.302760647893592e-07,73182.83,0.3854006687754329
302,Río San Juan (Quebrada El Salado),292.0,Cauca,147235947,2345.5625797222474,2326.0,437.65978241160474,433.0,2453.4056266351154,17.24723397,0.384,27.435639089378697,B,1351.2857142857142,1337.0,forest,volcanic,63.0,D,B,9.175581932067871,3.815949639829341e-06,42153.07,0.2862960497004172
303,Quebrada NN037,293.0,Atrato,72494429,286.5952141966991,244.0,173.3570823668029,148.0,7165.355145415702,8.057572358,0.195,15.211414933311962,A,5751.333333333333,5775.0,forest,volcanic,0.0,B,C,10.037798881530762,1.4635394336437457e-06,30558.79,0.4215329428968949
304,Quebrada La Soledad,294.0,Cauca,22697750,1819.7072745993148,1850.0,480.74953937825865,479.0,2222.6870301409785,21.42734969,0.572,28.716105830620403,C,1030.3286022117672,1066.0,grass,volcanic,36.0,D,B,9.068851470947266,3.625932833983825e-07,8840.32,0.389480014538886
305,Río Pasajera,295.0,Atrato,77368965,664.0872893282678,581.0,301.97316077077943,269.0,5395.394216618376,17.27390871,0.221,22.569426400363312,A,4071.3333333333335,4077.0,forest,volcanic,2.0,A,C,9.411004066467285,-4.432059199643845e-07,26517.760000000002,0.3427441481219246
306,Rio Cocandó,297.0,Atrato,66062250,1044.5117447621674,991.0,391.50224348177596,375.0,3899.816128773362,17.76349506,0.314,26.228549548659934,B,3057.0,2953.0,forest,volcanic,0.0,D,C,9.19949722290039,3.007918166986201e-05,20543.41,0.3109704861702409
307,Río Chuigo,298.0,Atrato,94082470,613.1372719567187,629.0,227.94913923571698,213.0,6010.769013702385,15.5018005,0.439,18.429658824043738,C,4620.5,4573.0,forest,granitic,1.0,A,C,9.71004581451416,-1.698690198281838e-06,41704.31,0.44327397016681214
308,Quebrada Platanillal(Quebrada El Dividente),300.0,Cauca,100031736,2254.720231192323,2219.0,473.84958571771847,478.0,2002.5003997701888,14.97640844,0.521,25.56221103002839,C,926.2,951.0,forest,volcanic,39.0,D,B,9.257290840148926,1.1179433386132587e-05,29764.46,0.2975501694782144
309,Río Samaná,301.0,Magdalena,146627293,1868.2946362121231,1773.0,585.0054137382713,589.0,3033.7105190884613,17.41149941,0.394,31.396002688633835,B,2170.6666666666665,2048.5,forest,granitic,25.0,D,B,9.011902809143066,-1.3346238119993359e-05,46579.590000000004,0.31767339522526683
310,Quebrada NN026,302.0,Atrato,34135007,614.6047516846592,544.0,250.98471570161712,202.0,4653.341112191659,13.0999736,0.265,18.420026238535954,A,3447.7469512558937,3447.0,forest,volcanic,6.0,A,C,9.685134887695312,-3.585100785130635e-07,9090.55,0.266311648918074
311,Rio Sado,303.0,Atrato,30322821,475.2271591350148,463.0,249.93946688586192,240.0,6386.34030626776,15.63601162,0.454,19.29051131960112,C,5084.188925770954,4879.0,forest,granitic,0.0,A,C,9.567928314208984,-5.044148565502837e-06,11936.12,0.3936348798154367
312,Quebrada Calentaderos,304.0,Cauca,21815661,1548.6403708548453,1555.0,493.291476159373,494.0,1969.7704406547603,19.90819372,0.463,28.280835642595576,C,933.2814411254084,1066.0,grass,volcanic,13.0,D,B,9.146007537841797,-1.226306494572782e-06,5895.51,0.2702420980964088
313,Quebrada La Frisolera,306.0,Cauca,56881749,2112.2733388575775,2054.0,430.43617470775104,434.0,1908.305270466755,15.76362312,0.509,24.16998230155616,C,753.5,753.5,grass,volcanic,23.0,D,B,9.300407409667969,3.289039796072757e-06,17536.25,0.3082930871200884
314,Quebrada NN027,308.0,Atrato,34191006,479.8350793999989,453.0,257.171599635559,232.0,5368.318492111077,18.51967417,0.3,20.950761002541466,B,4219.0,4219.0,forest,granitic,0.0,A,C,9.534761428833008,2.9294569685589522e-06,10574.31,0.30927168390424076
315,Río Dulce,311.0,Magdalena,139079085,2396.2661077794073,2534.0,492.77937430396435,493.0,2947.4318649030356,18.60840425,0.532,28.758791815322816,C,1861.0,1685.0,forest,granitic,69.0,D,B,9.07158374786377,1.5343757695518434e-05,50822.63,0.36542252201328473
316,Río Salado,313.0,Magdalena,50504576,2507.103853271364,2450.0,453.2244232565517,447.0,2897.1567187017777,17.85411526,0.531,26.81546251159233,C,1904.5,1904.5,forest,granitic,27.0,D,B,9.145137786865234,-1.1787506991822738e-05,20960.61,0.4150239772332709
317,Quebrada Los Sainos,315.0,Magdalena,22931246,1538.9104511163118,1538.0,366.50559136444826,359.0,3644.9263162543953,19.24676879,0.519,23.658458377036975,D,2602.568595852136,2485.5,forest,granitic,3.0,D,B,9.25157356262207,-3.4686349863477517e-06,6021.18,0.2625753524252455
318,Quebrada San Isidro,317.0,Magdalena,20051656,1627.3403893287245,1649.0,417.3440358824052,419.0,3180.0836971436697,19.56509972,0.391,28.171108388037094,B,2334.730987521429,2388.0,forest,granitic,9.0,D,B,9.093633651733398,3.6321762308944017e-06,7059.11,0.35204623498428256
319,Río La Miel,318.0,Magdalena,72183562,2180.178575624804,2110.0,442.65169828075284,443.0,2991.362087247367,18.42600719,0.437,27.096279196697296,B,1851.6666666666667,1738.0,forest,granitic,56.0,D,B,9.162101745605469,1.1329268545523519e-06,27185.91,0.37662189627051096
320,Río Hondo,319.0,Magdalena,84934951,3137.026705926521,3147.0,407.645318493366,403.0,2326.332359941585,19.54786862,0.545,27.94384737231392,C,1384.5,1435.5,forest,granitic,4.0,D,B,9.04884147644043,-1.4079919310461264e-06,25677.760000000002,0.3023226563114165
321,Quebrada Sequias,320.0,Cauca,20142115,2089.5219999033347,2079.0,404.3624757024209,393.0,2298.4967399519846,17.18741091,0.452,24.151714965706606,C,1219.2753793490078,1277.5,forest,granitic,2.0,D,B,9.231273651123047,-1.6012141713872552e-05,8229.58,0.40857576277367097
322,Río Guática (Río del Oro),321.0,Cauca,178747634,2160.312761109357,2181.0,253.57898459055912,242.0,2218.940609677155,9.740294177,0.529,16.474910928050285,D,1072.8333333333333,1079.0,forest,volcanic,18.0,C,B,9.758842468261719,-7.166960585891502e-06,54501.68,0.3049085393768065
323,Río Guarinó,323.0,Magdalena,79733282,3139.3314763767603,3138.0,331.42041139947287,302.0,1984.6541258810387,15.90270269,0.52,22.29929162928738,D,995.0,1000.0,grass,sediment,7.0,C,B,9.359638214111328,2.0080185549886664e-06,26504.83,0.3324186504702014
324,Quebrada Mesinas,324.0,Magdalena,27113187,1785.0869803879355,1845.0399169921875,362.8657671853457,342.0,3104.5314278254327,17.75457783,0.483,23.31596431956958,D,2248.26955835257,2251.0,forest,granitic,0.0,D,B,9.310815811157227,-2.464908902766183e-06,8551.14,0.31538675257910476
325,Río Pocito,327.0,Cauca,237125493,2463.788522962231,2476.0,398.52817353501,388.0,1981.8373918776092,16.83060539,0.494,24.515876443195577,C,946.1111111111111,945.0,grass,sediment,32.0,D,B,9.292363166809082,1.6722448208383867e-06,89437.26,0.3771726897369065
326,Quebrada El Bosque,331.0,Magdalena,56360967,3161.1556607444177,3178.0,492.7344769306102,502.0,1892.2012091084337,16.14058828,0.541,30.878830387519507,C,918.0,918.0,forest,sediment,27.0,D,B,8.982917785644531,-0.00947551429271698,19198.44,0.34063361616914767
327,Río Santo Domingo,332.0,Magdalena,88426134,2081.0411227024983,2082.0,412.8865302505438,413.0,2749.4459736974554,16.72776244,0.448,25.489622870845775,D,1764.75,1755.0,forest,granitic,33.0,D,B,9.226737022399902,-4.6424216293416976e-07,29788.440000000002,0.336873712018214
328,Quebrada Chapatá,337.0,Cauca,64856808,1692.5154428508515,1610.0,320.3786978187159,295.0,2281.6923545807663,12.44975873,0.346,21.007731318066117,B,1235.0,1235.0,forest,volcanic,6.0,A,B,9.489590644836426,-1.3490329138221568e-06,27178.91,0.4190602473066513
329,Quebrada La Tulia (Quebrada Gualanday),339.0,Cauca,32288477,1233.4575894513607,1207.0,208.20905327077008,205.0,2303.0961517563946,6.883342313,0.36,14.784811120132018,A,1245.048224745308,1261.5,grass,volcanic,1.0,A,B,9.97070026397705,-0.008730055764317513,14125.14,0.43746690189196596
330,Quebrada Las Cuatro,340.0,Cauca,132743151,1953.0884066432131,1993.0,613.5393288482887,601.0,1918.1781891867245,16.35626127,0.557,31.735401783218826,C,630.6,619.0,forest,volcanic,132.0,D,B,9.031482696533203,-2.3431899535353296e-05,42833.61,0.32268037693334556
331,Quebrada Bemango,341.0,Cauca,127286809,1797.9677825372926,1811.0,563.8099941407885,569.0,1826.7824830546688,17.45815745,0.546,29.760031052952826,C,616.6,611.0,forest,volcanic,54.0,D,B,9.072952270507812,-2.182062598876655e-05,39031.38,0.30664120113184706
332,Río Tonusco,342.0,Cauca,415462143,1886.8560387506325,1982.0,438.31354642313545,443.0,1777.8735155327663,16.69876675,0.469,27.255650363779054,C,590.9333333333333,599.0,forest,volcanic,259.0,D,B,9.166611671447754,-1.1466717296571005e-05,135872.85,0.3270402665785123
333,Quebrada Raimunda,343.0,Cauca,22559304,1036.8748206277778,978.0,370.2228440800883,365.0,1521.2684703518298,19.64836414,0.308,25.429143886479622,B,461.0,461.0,forest,granitic,4.0,D,B,9.219837188720703,-5.0688260671449825e-05,9387.61,0.41613030260153416
334,Quebrada La Juanes,344.0,Cauca,38644741,1468.949969546028,1395.0,392.8632174132898,399.0,1602.478681637544,19.70322184,0.462,24.424109179841132,C,515.0,515.0,forest,volcanic,10.0,D,B,9.258204460144043,-5.031148248235695e-05,17348.31,0.44891774536669815
335,Quebrada Noque,345.0,Cauca,240666619,2207.3020433761867,2268.0,436.20870637490356,428.0,1814.4022611066441,18.46646556,0.533,27.214642731133967,D,626.4,634.0,forest,volcanic,178.0,D,B,9.134549140930176,-8.370153409487102e-06,82256.2,0.34178483223716205
336,Quebrada Brichi,346.0,Cauca,36248302,1169.97470756753,1078.0,402.1157184894556,392.0,1771.7334801496959,17.4451604,0.327,24.786361401407614,B,556.0,556.0,forest,volcanic,12.0,D,B,9.254155158996582,-4.276053368812427e-05,12257.230000000001,0.3381463219987519
337,Quebrada La Puria,347.0,Cauca,21267438,1359.0988633203128,1247.0,408.09083312442544,425.0,1848.1540344044506,19.43015084,0.365,24.747655314767616,B,662.7296419551257,659.0,forest,volcanic,1.0,D,B,9.260685920715332,-7.422258204314858e-05,9322.82,0.4383612168047698
338,Quebrada Niverengo,348.0,Cauca,82130402,1812.9984637548973,1862.0,425.1174955633468,429.0,1901.4045990697018,15.55668612,0.502,25.363985741007248,C,677.6666666666666,647.0,forest,volcanic,78.0,D,B,9.28503131866455,-2.5515833840472624e-05,25536.34,0.31092432738853515
339,Quebrada Quioná,349.0,Cauca,48258684,1713.7465166857712,1829.019287109375,374.08675555228166,364.0,1970.3906468026196,20.13142364,0.551,25.43884386701055,D,710.5,710.5,forest,volcanic,26.0,D,B,9.20954418182373,-5.809103822684847e-05,22531.09,0.46688156684919135
340,Quebrada Purco,350.0,Cauca,27340647,1451.7927849433788,1478.0,403.96513254187676,377.0,2029.7776905466546,18.11496829,0.525,23.333900454101016,C,779.3325706667854,774.5,forest,volcanic,17.0,D,B,9.354047775268555,-6.275931082200259e-05,13098.800000000001,0.4790961969553976
341,Quebrada San Mateo,351.0,Cauca,224504287,1742.0845851665736,1740.0,425.4215487922208,422.0,2165.142313679173,18.01782327,0.428,27.39356420526234,C,928.0,924.0,forest,volcanic,150.0,D,B,9.143022537231445,-1.108306969399564e-05,73973.25,0.3294959351934335
342,Quebrada Comía,352.0,Cauca,81245616,1630.1677906521334,1655.0,474.1201286975935,474.0,2385.14898508455,17.16706617,0.527,27.095813436651934,C,1244.6666666666667,1259.0,forest,volcanic,24.0,D,B,9.18393611907959,-2.38912325585261e-05,21141.81,0.26022093302855875
343,Río Amagá,353.0,Cauca,256074571,1598.7483823596674,1602.0,417.1981404908465,406.0,2295.379122606176,15.14971579,0.434,24.949292587117775,C,1104.0,1129.0,forest,granitic,85.0,D,B,9.302099227905273,-1.004263322101906e-05,69850.06,0.2727723402102272
344,Quebrada La Guaca,354.0,Cauca,131368036,1568.0196025263936,1566.0,463.34704027499595,465.0,2088.0000364423563,17.80078379,0.454,27.583320540787817,C,873.0,880.0,forest,granitic,54.0,D,B,9.178711891174316,-2.394615876255557e-05,49383.14,0.37591442715943474
345,Quebrada Pucuná,355.0,Cauca,22979170,1156.643829990198,1155.0,400.59474824038983,399.0,1969.6395168522972,17.15630911,0.428,23.146738398324732,C,749.0848628437469,807.0,forest,granitic,2.0,D,B,9.437281608581543,-4.309159703552723e-05,7516.75,0.32711146660214446
346,Quebrada Insor,356.0,Cauca,21291938,998.187760641858,926.0,341.8616790453142,356.0,1937.6124537622322,14.05126774,0.426,20.71278311744007,B,670.8382473490242,707.0,grass,granitic,2.0,A,B,9.55025863647461,-4.078238271176815e-05,7987.09,0.37512273424805204
347,Río Aurra,357.0,Cauca,304662633,1718.444684026051,1735.0,347.94862866891214,342.0,1441.6251990695716,10.26067602,0.477,20.167608856449057,A,295.6666666666667,289.0,grass,granitic,32.0,C,B,9.637777328491211,-1.3336499250726774e-05,129119.91,0.4238127555340861
348,Quebrada La Nuarque,358.0,Cauca,43473994,1779.758175407691,1830.0,502.7754163686523,497.0,1613.8188744832112,17.28560449,0.462,27.18860287512897,C,469.0,469.0,forest,granitic,4.0,D,B,9.199417114257812,-5.223814878263511e-05,22293.739999999998,0.5128063457891631
349,Quebrada La Yunada,359.0,Cauca,48693692,1549.8387852001638,1618.0,411.0630837711617,447.0,1579.2247739185955,14.8162801,0.413,24.152081776054455,A,433.5,433.5,forest,granitic,6.0,D,B,9.42159652709961,-3.9188402297440916e-05,22997.58,0.472290743532037
350,Quebrada Las Avejas,360.0,Cauca,126633707,2090.297916098473,2125.0,579.291913270315,584.0,1666.4687998408237,16.00102478,0.575,29.80229771219826,C,489.8,546.0,forest,granitic,28.0,D,B,9.12289047241211,-2.3931563191581517e-05,41084.64,0.32443684208028434
351,Quebrada Rodas,361.0,Cauca,26868381,1722.6031508316719,1710.0,570.3884136473231,555.0,1723.9880869501908,20.40802076,0.461,32.430105291538204,C,452.89365840987,550.0,forest,granitic,2.0,D,B,8.976048469543457,-7.745923358015716e-05,13574.47,0.5052209881942645
352,Quebrada Honda,362.0,Cauca,26459103,1621.133453511056,1595.0,594.2668768235018,560.0,1859.939724033957,20.79923421,0.457,32.2526431927502,C,468.5587019296479,566.5,forest,granitic,17.0,D,B,8.98524284362793,-7.613066554768011e-05,11973.279999999999,0.4525202536155514
353,Cañada El Medio,363.0,Cauca,22521708,1781.2138271989056,1703.0,594.1311669361518,593.0,1718.3587942580918,17.81578874,0.478,31.631385220547546,B,412.37357138156653,501.5,forest,granitic,9.0,D,B,9.028230667114258,-7.125255797291175e-05,10242.79,0.4547963236180844
354,Quebrada Niquía,364.0,Cauca,41755880,1652.9309338647613,1627.0,668.6293823748273,667.0,1789.1050392882692,17.70881697,0.483,33.848305038382115,C,486.71026125956456,507.0,forest,granitic,1.0,D,B,9.001190185546875,-5.131531725055538e-05,14337.86,0.34337343626813754
355,Quebrada Santa María,365.0,Cauca,168563721,1907.1484145842815,1967.0,533.1601145630966,517.0,1975.465178539747,17.51785279,0.535,29.734620895435548,C,654.3333333333334,651.5,forest,granitic,84.0,D,B,9.09317684173584,-2.551734542066697e-05,53482.090000000004,0.31728114260126
356,Quebrada El Caimo,366.0,Cauca,237580729,1570.4226587096466,1512.0,397.81098943021925,393.0,1775.284756956895,16.1225918,0.407,25.237090688143496,C,544.7777777777778,490.0,grass,granitic,108.0,D,B,9.27776050567627,-1.2756529031321406e-05,83348.94,0.3508236562402332
357,Quebrada Magallo,367.0,Cauca,39243499,1576.738703163975,1708.0,328.8513375767323,292.0,2473.489303608961,13.66589828,0.567,20.019732291956466,D,1292.6277605864386,1299.0,forest,volcanic,16.0,C,B,9.507329940795898,-3.553381975507364e-05,17744.91,0.45217451175798573
358,Quebrada La Fotuta,368.0,Cauca,48786669,1390.965385834203,1389.0,388.95118839311755,381.0,2509.2224564444055,16.48895911,0.5,22.922538789583157,C,1348.0,1348.0,forest,volcanic,17.0,D,B,9.317486763000488,-7.806126632203814e-06,15173.22,0.3110116003205712
359,Río Mulato,369.0,Cauca,100899848,1636.14039985069,1670.0,362.8474368581126,355.0,2519.5189489802124,12.25692691,0.548,21.038314020336024,D,1296.25,1260.0,forest,volcanic,10.0,C,B,9.517538070678711,-2.514279549359344e-05,34381.65,0.34075026555044957
360,Quebrada Cruces,370.0,Cauca,33741907,1298.9498242799164,1217.0,379.2524123385183,293.0,2369.3674001126974,8.837157579,0.234,20.81780928809904,A,1208.460910188407,1232.5,forest,volcanic,8.0,A,B,9.680078506469727,-2.7047626645071432e-05,11569.880000000001,0.3428934825764294
361,Río Piedras,371.0,Cauca,113220601,1956.0572709081982,2007.0,287.8490385144321,248.0,2420.5661419827434,10.79974568,0.706,17.84700007474926,D,1197.0,1183.5,forest,volcanic,32.0,C,B,9.653789520263672,-1.957645326911006e-05,33542.9,0.29626145510391705
362,Río Cartama,372.0,Cauca,312271054,1800.3448901419479,1925.0,336.29030236030223,295.0,2526.594745169044,9.45943995,0.445,18.7404428886021,D,1475.7692307692307,1504.0,forest,granitic,48.0,C,B,9.684601783752441,-8.169047760020476e-06,117623.73999999999,0.3766719281000025
363,Quebrada Sardinas,373.0,Cauca,41508748,962.8327410837517,906.0,199.79988428902033,192.0,2640.879931090947,4.074206611,0.201,11.911764326214717,A,1623.982398383866,1544.5,grass,sediment,5.0,B,B,10.118760108947754,-1.6250294720521197e-05,9267.800000000001,0.22327341696743058
364,Río Arquía,374.0,Cauca,67627605,2032.4468157050565,2048.0,451.8867609119149,431.0,2391.3070186441378,15.98057916,0.537,23.677904703957978,C,1317.5,1317.5,grass,volcanic,22.0,D,B,9.3244047164917,-2.9929156880825758e-05,18878.120000000003,0.27914813780556036
365,Quebrada La Congoja,375.0,Cauca,201949707,1873.3036155334398,1830.0,350.2801292165037,351.0,2296.935806833663,12.38247188,0.439,21.121381123678308,C,1267.4285714285713,1311.0,grass,granitic,19.0,C,B,9.499873161315918,-1.1376355359971058e-05,60255.82,0.29837042546439546
366,Quebrada Nacederos,376.0,Cauca,56585169,1523.0497356530936,1490.0,328.1482728245139,307.0,2128.2004890675776,13.6521662,0.435,20.7646199709593,C,1046.5,1046.5,grass,granitic,3.0,A,B,9.509217262268066,-3.513534102239646e-05,18297.93,0.32336971548145416
367,Río Quinchía,377.0,Cauca,75681883,1656.7257604345432,1695.0,342.5100739817221,336.0,2116.4576808081383,13.36717974,0.526,20.88245343640019,C,1054.6666666666667,1061.0,grass,volcanic,5.0,C,B,9.48384952545166,-2.0917366782668978e-05,26498.64,0.35013188030747067
368,Río Opirama,378.0,Cauca,95088027,1551.4882782235802,1593.0,376.7929207350752,365.0,2000.551005373519,14.75356734,0.501,22.578508072066562,C,1057.3333333333333,1081.0,grass,volcanic,5.0,D,B,9.386323928833008,-6.182322522363393e-06,25346.35,0.2665566927789973
369,Quebrada Cambía,379.0,Cauca,91796415,1273.2621734059728,1237.0,270.25041232512564,258.0,2175.249660529723,11.20635614,0.387,18.395258521670847,B,1197.0,1167.0,grass,volcanic,10.0,A,B,9.692623138427734,-2.2128313503344543e-05,31137.57,0.33920246231838136
370,Quebrada Llano Grande,380.0,Cauca,67250944,1076.7030853497326,1008.0,180.15670979618324,146.0,2270.4416403479854,6.814984969,0.285,14.255769171428234,A,1226.6666666666667,1217.0,grass,granitic,3.0,B,B,10.045648574829102,-0.008027033880352974,21774.66,0.32378222081165137
371,Quebrada La Danta,381.0,Cauca,125114805,1704.2347276523415,1725.0,322.16747313740836,308.0,2037.9324288180371,16.55655911,0.366,22.37946495090839,B,1029.5,993.0,grass,volcanic,18.0,D,B,9.39323902130127,-2.715099253691733e-05,42855.42,0.34252876787842973
372,Río Tareas,382.0,Cauca,205301485,1818.616326817414,1754.0,323.54366089668247,319.0,1995.1198519289567,14.84730755,0.339,22.295038103480913,A,962.5,968.0,grass,granitic,21.0,D,B,9.4178466796875,-0.012013359926640987,82061.95,0.3997143517982834
373,Quebrada de Palo,383.0,Cauca,117371218,1502.6561786142508,1486.0,373.2736822943135,357.0,2064.060844953021,14.72443051,0.468,23.62675864358504,C,1051.6666666666667,1103.0,grass,volcanic,21.0,D,B,9.367510795593262,-1.9209954189136624e-05,40218.67,0.34266211670394353
374,Quebrada Pácora,384.0,Cauca,149433436,1738.8757210352503,1753.0,392.05410894450335,396.0,2376.8840722478712,15.40938061,0.435,23.879460897191002,C,1210.3333333333333,1168.5,grass,volcanic,78.0,D,B,9.311400413513184,2.001453140110243e-06,44486.06,0.2976981670956157
375,Río Poblanco,385.0,Cauca,178332593,1357.9280087395296,1303.0,316.4514072810522,301.0,2469.81709754483,12.85556824,0.352,20.708382096111794,B,1383.142857142857,1365.0,grass,granitic,47.0,A,B,9.536232948303223,-1.1452271792222746e-05,61887.4,0.34703359020860536
376,Quebrada Combia,386.0,Cauca,47126636,1448.0003496254403,1526.0,341.2802385490781,340.0,2572.905017553802,10.14952905,0.43,17.73574546642743,D,1508.8890418785875,1507.0,grass,volcanic,2.0,A,B,9.743730545043945,-2.2644397176918574e-05,13821.21,0.29327809436684593
377,Quebrada La Arabia,387.0,Cauca,24311407,1418.0784266360436,1468.0,397.3216494090959,406.0,2475.542475823159,17.90399753,0.525,24.033069714271004,D,1434.1598680948405,1410.0,forest,volcanic,4.0,D,B,9.314419746398926,-6.524240598082542e-05,9759.37,0.4014317229767903
378,Quebrada Revenidero,388.0,Cauca,28282342,1131.1894391831784,1155.0,291.34382170810676,253.0,2518.990799743043,9.481638723,0.408,17.26964954004723,C,1289.1667695317483,1341.0,forest,sediment,11.0,A,B,9.776195526123047,-3.4268621675437316e-05,6688.57,0.23649279115569707
379,Quebrada Sinifaná,389.0,Cauca,201622665,1445.8445590428894,1420.0,387.9514929652009,360.0,2520.1540902212473,11.66787068,0.404,22.1518653577521,B,1418.4285714285713,1423.0,forest,granitic,47.0,D,B,9.502501487731934,-1.3798046893498395e-05,63907.31,0.3169649106661694
380,Quebrada Guaico (Quebrada Humagá),391.0,Cauca,25861764,1382.2542619685423,1408.0,572.7055170520827,541.0,3120.5533245526826,14.23916132,0.503,27.74237789553477,C,1868.978967761179,1993.0,forest,granitic,5.0,D,B,9.314983367919922,-1.9114901078864932e-05,6296.63,0.2434725643618123
381,Quebrada Sardinas,392.0,Cauca,27089742,1146.935233789596,1129.0,509.42815508546727,517.0,2507.31045738133,20.53744575,0.466,30.09407096239366,C,1232.6574248545433,1249.0,forest,granitic,11.0,D,B,9.080824851989746,-3.819265475613065e-05,7456.83,0.2752639726136926
382,Quebrada Cortaderal (El Palmar),393.0,Cauca,30119065,1187.6579351243884,1199.0,503.1002328254399,520.0,2583.002471376213,15.31545561,0.481,29.032267529355657,C,1211.4177966378752,1299.5,forest,granitic,5.0,D,B,9.133099555969238,-2.9588740289909765e-05,8890.130000000001,0.2951662012084373
383,Quebrada Pená,394.0,Cauca,92061380,1690.437338516606,1680.0,602.9076765885256,610.0,2406.4297997703366,18.58566234,0.522,31.107426080507718,C,1139.5,1122.5,forest,volcanic,25.0,D,B,9.041473388671875,-1.8543658370617777e-05,30061.73,0.3265400757624967
384,Quebrada Peque,395.0,Cauca,201471567,2010.3262173044648,2031.0,650.861826687576,641.0,2220.142662337525,16.626916,0.514,32.81549639335987,C,886.875,875.5,forest,volcanic,165.0,D,B,9.007248878479004,-1.2251450243638828e-05,62841.15,0.3119107620779065
385,Quebrada Jerigua,396.0,Cauca,45107269,1756.936129990458,1834.0,682.5687952470885,697.0,2064.0156836685815,16.90269719,0.585,32.70079637974903,C,790.4095308162953,779.0,forest,volcanic,30.0,D,B,8.999518394470215,-2.8398260838002898e-05,12959.52,0.2873044697075321
386,Quebrada Tesorera,397.0,Cauca,27520362,1461.2613976852522,1470.0,614.2041303646338,641.0,1758.9571815659156,17.85129976,0.534,31.183829340591004,C,563.9839056515251,539.0,forest,volcanic,30.0,D,B,9.035256385803223,-3.305507925688289e-05,6626.8,0.24079625115396375
387,Quebrada La Aguada,398.0,Cauca,20515200,1261.1092754003016,1238.0,515.0041136225859,523.0,1681.652172135552,18.38716069,0.465,28.695145148470743,C,501.21976999707135,515.5,forest,granitic,2.0,D,B,9.076828956604004,-5.245672582532279e-05,5585.389999999999,0.27225618078302916
388,Quebrada El Zancudo,399.0,Cauca,494282773,2216.509612041908,2489.0,385.5782139810533,354.0,2264.103583988254,10.18132487,0.62,21.581678748776287,D,886.6842105263158,805.0,forest,granitic,183.0,C,B,9.54354190826416,-5.811480150441639e-06,162539.56,0.32883921689902795
389,Quebrada Pescado,400.0,Cauca,42454259,1438.5760090521665,1453.0,602.6332887365165,614.0,2986.822673765573,17.70182675,0.517,30.343898603792162,C,1770.0,1770.0,forest,granitic,4.0,D,B,9.060720443725586,-2.9094237106619403e-05,12252.57,0.288606379868743
390,Quebrada de Pi,401.0,Cauca,22028393,1168.5712951680518,1188.0,558.408763239499,566.0,3328.341259073987,18.53452865,0.514,28.09839518361711,C,2283.450146140002,2043.0,forest,granitic,17.0,D,B,9.157316207885742,-3.707477662828751e-05,5019.17,0.22785002973208257
391,Río Espíritu Santo,402.0,Cauca,375476184,1713.0668866351027,1709.0,417.7697260843675,406.0,3200.2215092001143,11.96408901,0.54,22.745140597350886,C,2015.3125,1852.5,forest,granitic,203.0,D,B,9.467243194580078,-6.8495091909426264e-06,124017.6,0.3302941845174393
392,Río Ituango,403.0,Cauca,577342032,2009.6210978886243,2032.0,519.4489960851315,518.0,2913.2043601174055,15.59466298,0.501,28.479884106789935,C,1767.304347826087,1760.0,forest,volcanic,86.0,D,B,9.158799171447754,-1.6070471247076057e-06,182732.48,0.3165064552237555
393,Quebrada de Palancas,404.0,Cauca,67821110,75.32255116372382,74.02067565917969,24.89838656999151,22.0,3054.8350836971194,0.0,0.385,3.8365668178815757,B,2114.3333333333335,2116.0,grass,sediment,0.0,B,A,11.662532806396484,-9.796427912078798e-05,24198.18,0.3567942193809568
394,Quebrada NN013,405.0,Cauca,22002113,62.40395900296782,61.0,26.94890481559027,24.0,3088.7062039403327,0.0,0.249,4.6778114010963145,A,2118.8531841998483,2146.0,grass,sediment,0.0,B,A,11.423227310180664,-0.0009191822027787566,9044.79,0.4110873351118595
395,Quebrada Corcobada,406.0,Cauca,71414975,68.27936766941764,68.0,33.50510286330775,32.0,3223.9549319556245,0.0,0.329,5.619691960938556,A,2296.0,2296.0,grass,sediment,0.0,B,A,11.248438835144043,-0.0006730199092999101,23511.6,0.3292250679916922
396,Quebrada Papayal,407.0,Cauca,53226817,79.62362593266108,82.0,26.299817123857025,21.0,2993.974716544214,0.0,0.373,3.5510849548841183,B,1973.5,1973.5,grass,sediment,0.0,B,A,11.710954666137695,-0.0001141954489867203,21169.78,0.39772770932366663
397,Caño Prieto,408.0,Cauca,29661471,55.97020316667334,52.01144027709961,18.076987372757397,17.0,2850.370177498982,0.0,0.166,3.0286135479934857,A,1836.5,1836.5,grass,sediment,0.0,B,A,11.921707153320312,-0.0004260838031768799,5786.64,0.19508944785644652
398,Río Tamaná,409.0,Cauca,188001150,238.8991702802623,153.0,109.70700132474059,76.0,4113.007718918211,6.260208624,0.205,11.333102530020533,A,3347.375,3340.0,forest,sediment,0.0,B,A,10.553131103515625,-1.376149430143414e-05,71375.85,0.37965645422913635
399,Quebrada Cachuá,410.0,Cauca,63394727,109.71401056782835,110.16513061523438,33.87352900069881,33.0,3625.576983068879,0.0,0.374,4.3175943630921525,A,2675.5,2675.5,grass,sediment,0.0,B,A,11.921133041381836,-8.524708391632885e-06,17692.38,0.2790828328671563
400,Quebrada Dentón,411.0,Cauca,28065599,110.88248461341944,111.6556396484375,37.52700868192581,36.0,3838.9751820528613,0.10697392,0.447,4.771778780357384,A,3060.5,3060.5,grass,sediment,0.0,B,A,11.54053020477295,-2.1678966731997207e-05,12273.58,0.4373175858459319
401,Quebrada Corrales,412.0,Cauca,219157004,275.95289371170384,177.0,146.01449246052292,87.0,4309.369048277711,7.594086242,0.202,13.401596290261587,A,3610.0,3651.0,forest,sediment,8.0,B,A,10.327226638793945,-1.0094105164171197e-05,87392.4,0.39876617404388315
402,Quebrada Tacuyarca,413.0,Cauca,26126687,140.57399076543905,139.0,64.82282863252215,62.0,4205.098830145638,1.187448004,0.37,8.783511677221442,B,3484.6437095507385,3496.0,forest,sediment,3.0,B,A,10.641156196594238,-2.9292836188687943e-05,8237.25,0.31528107639518166
403,Quebrada Noa,414.0,Cauca,99891584,170.64929904128607,130.0,67.94201843980441,40.0,3998.4055718561262,3.025533196,0.118,7.3290288782564685,A,3183.8333333333335,3241.0,forest,sediment,0.0,B,A,11.417791366577148,-4.643359261535807e-06,37173.57,0.3721391583899601
404,Río Rayo,415.0,Cauca,222460115,640.7210444563743,593.0,212.30314296986143,200.0,4322.540123005264,11.62423347,0.295,16.454409874703103,A,3581.1111111111113,3591.0,forest,granitic,81.0,A,A,9.886882781982422,-7.163399004639359e-06,96374.23,0.4332202651248292
405,Río Puqui,416.0,Cauca,94960621,625.438885307753,501.0,213.08806940216274,210.0,4244.759982099438,13.53162142,0.261,16.227337925652968,A,3470.0,3470.0,forest,granitic,56.0,B,A,9.94737720489502,-1.0452120477566496e-05,41793.17,0.4401105380302852
406,Quebrada La Siberia,417.0,Cauca,118436251,1049.1201969721035,940.0,340.2625689956038,339.0,4081.9942470739793,13.15603249,0.417,21.124719116462863,B,3346.1428571428573,3395.0,forest,granitic,147.0,A,B,9.492107391357422,-2.4271057554869913e-05,43724.81,0.3691843471134526
407,Quebrada Neri,418.0,Cauca,67288231,579.2433598610312,571.0,308.71502385785465,302.0,4350.875516224012,15.73564199,0.466,21.132919923712567,C,3622.5,3622.5,grass,granitic,41.0,A,B,9.537300109863281,-7.832135452190414e-06,25335.46,0.37652141575842585
408,Quebrada La Ancha,419.0,Cauca,49052448,598.6629198577606,580.0,360.7638579928743,367.0,4379.8751074797165,15.26072389,0.388,23.051114879444587,B,3563.0,3563.0,grass,granitic,64.0,A,B,9.416523933410645,-2.1687132175429724e-05,13092.22,0.2669024795663613
409,Quebrada Puri,420.0,Cauca,42954639,425.4007173848623,367.0,229.85970451075067,242.0,4351.753138242471,14.2354034,0.333,17.8875758377176,A,3613.5,3613.5,grass,granitic,11.0,A,A,9.901183128356934,-2.389465043961536e-05,17915.98,0.41709068955276285
410,Quebrada Guamera,421.0,Cauca,32807672,1498.923612465082,1577.0,468.62641907233217,457.0,4065.9353916483487,18.63728219,0.613,24.955945168690036,D,3238.853498203425,3239.5,forest,granitic,16.0,D,B,9.255931854248047,-3.976259904447943e-05,11936.3,0.3638264854635221
411,Quebrada Valdivia,422.0,Cauca,155087218,925.6723492612833,848.0,473.6807896031392,474.0,4076.6391813673768,11.63444274,0.372,23.93331968304107,B,3401.5,3492.5,forest,granitic,164.0,D,B,9.490143775939941,-8.83036591403652e-07,42798.07,0.2759612981129109
412,Quebrada El Toro,424.0,Cauca,55661395,92.42560515069245,94.0,38.99511185415174,41.0,3264.283157788514,0.0,0.321,5.627137084005397,A,2327.0,2327.0,grass,sediment,0.0,B,A,11.408843040466309,-8.954457371146418e-06,20086.41,0.36086788697983585
413,Quebrada Pilones,425.0,Cauca,22873903,103.6372621250694,102.0,45.01054140991358,43.0,3629.9264474725846,0.306271682,0.25,6.104504896261976,A,2719.725796679885,2748.0,grass,sediment,0.0,B,A,11.616514205932617,-2.9536780857597478e-05,7226.59,0.3159316536403954
414,Quebrada Cuturú (Quebrada Vijagual),427.0,Cauca,558949018,150.5929330992053,97.0,58.424734627082465,35.0,4202.195235667048,1.283788656,0.118,6.854148117845866,A,3358.95,3300.0,grass,sediment,0.0,B,A,11.25260066986084,-0.0003167284303344786,198406.91,0.3549642339652523
415,Quebrada La Ceiba,428.0,Cauca,42266033,124.58917882736834,122.0,48.44007714399513,47.0,3732.1065943722697,0.520917659,0.378,6.753057215258743,A,2723.0,2723.0,forest,sediment,0.0,B,A,11.184101104736328,-1.8972541511175223e-05,16400.66,0.3880340508890437
416,Quebrada Bamba,429.0,Cauca,224231937,351.1386138429721,241.0,143.8608858612496,129.0,3855.6485012882654,6.926677952,0.331,13.889389382595747,A,2807.3333333333335,2865.0,forest,granitic,0.0,B,A,10.230613708496094,-0.0018442636355757713,88507.07,0.394712150214356
417,Río Caná,430.0,Cauca,83225149,315.7258538467788,295.0,162.00126816999872,148.0,4082.5043470059036,11.71249187,0.38,15.604326919943588,B,3055.0,3055.0,forest,granitic,0.0,A,A,13.258733749389648,-0.00018351951439399272,28672.24,0.3445141323808264
418,Río Riachón,431.0,Cauca,153625870,1620.4140207005842,1620.0,186.20709580492314,172.0,2784.64593298974,10.87928127,0.714,15.977187590031113,D,1787.8,1662.0,forest,granitic,3.0,C,B,10.137739181518555,-8.038293344725389e-06,49994.89,0.32543275426202634
419,Quebrada El Limón,433.0,Cauca,78476718,444.02224259294303,409.0,213.56177121937995,200.0,4210.623048329432,13.21193321,0.401,17.44011514775412,B,3485.0,3468.5,forest,granitic,44.0,A,A,10.847125053405762,-9.977248737413902e-06,29854.02,0.3804188141507141
420,Quebrada Toná,434.0,Cauca,38170498,349.73772132971806,355.0,160.76984219211192,157.0,4297.075309305284,10.51389617,0.364,15.136985775196843,B,3451.694734296206,3447.5,forest,granitic,0.0,A,A,11.850473403930664,-3.170144555042498e-05,12542.060000000001,0.3285799415035141
421,Quebrada Malena,437.0,Magdalena,199926220,339.8875919237188,326.0,90.43531937019212,89.0,2804.854213158454,2.677952655,0.356,9.495859447064658,A,1997.857142857143,2009.0,grass,granitic,1.0,B,A,10.651592254638672,-0.0005666958750225604,84922.98,0.4247715982425917
422,Río Swan (Quebrada Santa Cruz),438.0,Magdalena,130597180,365.7174268781044,351.0,104.06471448491651,97.0,2786.203110961463,4.015263172,0.397,10.208000772323587,A,1962.5,1978.0,grass,granitic,0.0,B,A,10.585537910461426,-3.1819683499634266e-05,54698.54,0.41883400545096
423,Caño Trapo,439.0,Magdalena,216017620,385.73196696544227,387.0,97.31156961223473,95.0,2866.023757786987,3.984144077,0.343,10.772894177640074,A,2053.9,2037.0,grass,sediment,1.0,B,A,10.497876167297363,-0.0007309848442673683,91905.04000000001,0.42545159047673986
424,Quebrada Tolones,440.0,Magdalena,112980376,218.46801996895644,199.0,43.718988876380614,37.0,2908.81265423942,0.097437015,0.22,6.233471761972155,A,2133.0,2160.0,grass,sediment,0.0,B,A,11.164834976196289,-0.0006880385335534811,40878.65,0.3618207997466746
425,Río Claro,441.0,Magdalena,202955549,267.5570484369971,224.0,61.433419381418,55.0,3111.06801342897,0.355034211,0.293,7.34508698926073,A,2278.6666666666665,2428.0,grass,sediment,0.0,B,A,10.993526458740234,-0.0002945899614132941,74720.26,0.3681607148371193
426,Río Doña Juana,443.0,Magdalena,172305115,425.02562156418213,345.0,143.58943322240282,122.0,3357.2497471130982,6.092196841,0.268,12.091123722321859,A,2505.4285714285716,2422.0,forest,sediment,5.0,B,A,10.423203468322754,-0.00026730092940852046,69452.22,0.40307694870230637
427,Río Purnio,444.0,Magdalena,29425822,226.32794310588346,212.06265258789062,43.099833711262285,28.0,2712.997314526027,0.272081369,0.102,5.872543731216435,A,1990.0,1990.0,grass,sediment,0.0,B,A,11.26986312866211,-0.0037768948823213577,12060.41,0.40985804916511764
428,Quebrada La Confusa,445.0,Magdalena,98532149,414.84787941837754,431.0,124.71365169856935,118.0,3019.5927674566465,4.438527008,0.521,12.397537397600251,C,2428.6,2374.0,grass,granitic,2.0,A,A,10.181255340576172,-2.061878694803454e-05,44778.06,0.45445126747413167
429,Quebrada La Patiño,446.0,Magdalena,36858883,345.0684753726843,330.0,99.92895225688162,95.0,3040.135506327382,4.642904271,0.38,11.286275081104414,A,2309.127682876612,2346.5,grass,sediment,0.0,B,A,10.32462215423584,-2.4711713194847107e-05,13416.990000000002,0.3640096744114574
430,Río Jarapetó,447.0,Atrato,113824585,293.9096736652216,196.0,124.51962069772887,79.0,4941.458123789181,2.336843724,0.19,9.311993976165692,A,3926.0,3945.0,forest,volcanic,0.0,B,C,10.555697441101074,-0.00011442410323070362,51411.85,0.4516761471170749
431,Río Mande,448.0,Atrato,161162284,710.2281437201137,702.0,251.57454725874473,231.0,3785.651122035583,10.93500646,0.362,17.013492620134144,B,2739.0,2842.5,forest,granitic,7.0,A,C,9.80492877960205,-7.825768989278004e-06,54080.41,0.33556492659287457
432,Quebrada Santa Teresa,449.0,Atrato,247033944,777.5264885958536,835.0093383789062,186.19209640771953,168.0,4036.429225043323,7.441127672,0.43,13.758408514993373,A,2960.2,2936.5,forest,granitic,7.0,A,C,10.20843505859375,-0.0018878262490034103,85188.21,0.34484414821956616
433,Río Quiparadó,450.0,Atrato,60061106,662.2920572489735,637.0,284.39699139129664,277.0,4044.3160374515196,9.341388408,0.391,17.073712807487194,B,2904.0,2904.0,forest,granitic,0.0,A,C,9.713180541992188,-1.9189095837646164e-05,17031.51,0.2835697031619763
434,Río El Salado,451.0,Atrato,128217932,125.45103723716768,106.0,68.74545366340476,66.0,5208.7065877761825,1.029437928,0.157,7.304938535622155,A,4074.3333333333335,4086.5,forest,sediment,0.0,B,C,10.965409278869629,-0.0006770034087821841,44497.659999999996,0.34704708854608574
435,Río Jengadó,452.0,Atrato,59636852,77.91443974965907,69.00616455078125,39.81223930401621,34.0,5224.601142788178,0.217953386,0.235,5.407348572311387,A,4088.0,4128.0,forest,sediment,0.0,B,C,11.289878845214844,-0.00029381399508565664,20534.55,0.3443265248138852
436,Río Chicaravia,453.0,Atrato,98588714,55.75189915935421,57.07833480834961,15.089603764061147,15.0,5634.164923806527,0.0,0.486,2.097389182596877,A,4502.75,4506.0,forest,sediment,0.0,B,C,12.337443351745605,-2.61767072515795e-05,46032.32,0.46691267318894125
437,Río Chibugadó,454.0,Atrato,375861912,324.072462573847,112.0,165.157540108469,79.0,5005.3153580408,3.990922315,0.175,9.961999520095091,A,3978.785714285714,4088.0,forest,sediment,0.0,B,C,11.086149215698242,-6.032280725776218e-05,160710.36,0.42757820058128154
438,Río Rujero,455.0,Atrato,31201912,50.48085294679702,49.00218200683594,15.454786249323574,15.0,5797.1426145072155,0.0,0.458,1.8445282766419664,A,4586.828361245458,4580.0,forest,sediment,0.0,B,C,12.530590057373047,-0.00025071785785257816,11378.24,0.3646648320782393
439,Quebrada Napordó,456.0,Atrato,178835003,588.3931563226093,518.022705078125,222.59238917027443,195.0,4360.8863679332235,8.562190881,0.277,15.509648473669621,A,3359.0,3253.0,forest,granitic,6.0,B,C,9.918855667114258,-1.2876848813903052e-05,56940.97,0.3183994690345939
440,Río Ocaidó,457.0,Atrato,256622138,1023.5064780257139,872.0,315.3534425434647,286.0,3801.376241363074,12.50779871,0.278,20.06173222238616,A,2617.4545454545455,2566.0,forest,granitic,10.0,A,C,9.663524627685547,-8.127348337438889e-06,100313.78,0.3909007257978655
441,Río Chaquenendó,458.0,Atrato,74581542,205.19578370415306,135.0,140.66522418130015,110.0,5736.923194593287,6.047565071,0.138,11.756182570527452,A,4765.25,4764.0,forest,volcanic,0.0,B,C,10.45315933227539,-7.500231004087254e-05,27127.7,0.36373208802789303
442,Río Chagadó (Quebrada Curazambita),459.0,Atrato,65675698,450.3857969222835,358.0,236.28969913516588,218.0,5598.315352552674,10.73595546,0.289,17.18372245885224,A,4557.333333333333,4444.0,forest,volcanic,0.0,A,C,9.758454322814941,-2.8810831281589344e-05,22279.83,0.3392400945628321
443,Río Bebará,460.0,Atrato,336941253,570.4441189677743,476.0,218.21540410037204,200.0,5159.463194060656,10.21433588,0.168,15.903732862984821,A,4200.6,4294.0,forest,granitic,0.0,B,C,9.951912879943848,-4.977099160896614e-05,138172.68,0.4100794389816078
444,Río Neguá,461.0,Atrato,431983408,517.6037442296785,361.0,198.19328350526078,149.0,6560.091377646555,7.818720655,0.14,14.61574327019029,A,5162.944444444444,5273.0,forest,granitic,5.0,B,C,10.184117317199707,-0.00017150933854281902,175386.08,0.40600188977628504
445,Río Ichó,462.0,Atrato,412686355,220.97640329338753,127.0,120.75073229084717,69.0,7487.163041029738,5.111065263,0.165,11.05661685207634,A,6077.6875,6113.5,forest,sediment,0.0,B,C,10.494175910949707,-0.000215340536669828,162775.77,0.3944297358704772
446,Río Pavarandó,463.0,Atrato,42588513,412.78929110881074,341.0,210.7573336115168,178.0,4689.297565050808,7.091152569,0.274,14.614337231355186,A,3675.6491839865666,3673.0,grass,volcanic,0.0,B,C,9.850286483764648,-0.00479478994384408,17661.670000000002,0.4147050168199111
447,Río Tumutumbudó,464.0,Atrato,133163261,209.61845784431827,167.0,105.37204095544892,62.0,7210.12774249629,4.416496361,0.146,11.220683957905596,A,5797.2,5813.0,forest,sediment,3.0,B,C,10.41828441619873,-1.0209661013504956e-05,59670.44,0.44809987042897664
448,Rìo Mapa,465.0,Cauca,286093911,1937.5203457951625,1880.0,444.4493872812219,385.0,2551.5186113755867,15.56224085,0.338,25.424129313791564,B,1500.8333333333333,1532.0,forest,volcanic,21.0,D,B,9.252046585083008,-0.015748022124171257,109956.39,0.38433670124492797
449,Caño Nueva Estrella,466.0,Atrato,209878794,49.236535208294875,36.06103515625,27.08567602051594,8.0,3903.774373931309,0.185829157,0.045,2.7601879368519233,A,2960.0,2951.0,grass,sediment,6.0,B,C,12.54941177368164,-0.0006293720216490328,86778.15,0.4134679275887206
450,Caño Micosolo,467.0,Atrato,124182253,32.15129344432634,32.76264953613281,6.651993319916072,6.0,3838.037461125693,0.0,0.299,1.3908486125616268,A,2782.4,2876.0,grass,sediment,4.0,B,C,13.110883712768555,-7.90331614552997e-05,48495.28,0.39051699279445345
451,Quebrada La Palmira,468.0,Cauca,18128050,62.002201780723,61.0,25.247019738127808,25.0,3406.8244303991405,0.0,0.291,4.391674292349502,A,2562.621448198581,2545.0,grass,sediment,0.0,B,A,11.651744842529297,-0.00014654049300588667,5985.5,0.33017892161594875
452,Quebrada de Ciénaga,471.0,Cauca,76866597,64.23716621527484,64.014892578125,28.438190723134543,29.0,3735.7185827523463,0.0,0.354,4.8884522796569305,A,2894.3333333333335,2885.0,forest,sediment,0.0,B,A,11.399930000305176,-0.0002451693871989846,27506.16,0.35784282215589697
453,Quebrada Catalina,472.0,Cauca,147197098,82.78369678693015,81.29768371582031,29.949329305354123,29.0,3387.3203819865407,0.0,0.304,5.0656003803881475,A,2518.1428571428573,2542.0,grass,sediment,0.0,B,A,11.438713073730469,-6.083826065150788e-06,50208.02,0.34109381694467916
454,Quebrada Quita Sol,479.0,Cauca,16983985,77.62600490457609,78.0,31.18547124517274,30.0,3881.3119573537265,0.0,0.404,5.428743351936236,A,2962.3820148942214,2885.0,forest,sediment,0.0,B,A,11.279165267944336,-0.0001753338729031384,4494.67,0.26464166095295066
455,Río Tigui,484.0,Cauca,86310288,955.4284170138877,915.0,187.9776522542878,188.0,3168.3897369846622,7.77970878,0.297,14.885798143936718,A,1939.0,1970.0,forest,granitic,0.0,B,A,9.948713302612305,-0.004742131568491459,37849.41,0.4385272124222318
456,Quebrada Matanza,487.0,Cauca,16800316,123.25462872770164,107.0,70.0168669618385,66.0,4022.042659318885,0.416982797,0.308,8.436211559420494,A,2977.0573513772915,3010.5,forest,granitic,0.0,B,A,10.924520492553711,5.7661382015794516e-06,7086.29,0.4217950424265829
457,Quebrada El Roble,500.0,Cauca,19292435,989.5429736885405,913.0,243.11365201818433,227.0,3130.6598040232434,5.498241142,0.339,16.311529219086175,A,1870.3177900950866,1895.0,forest,granitic,0.0,A,A,9.832234382629395,-0.0013113252352923155,6020.08,0.3120435548959994
458,Quebrada Tarachica,505.0,Cauca,15478340,727.3507203943644,727.0,111.34858288004581,110.0,3547.432005154121,2.004286729,0.395,10.386608240097647,A,2447.146873548473,2449.0,forest,granitic,0.0,B,A,10.422050476074219,-0.016749631613492966,6967.67,0.4501561536960682
459,Quebrada La Sonadora,506.0,Cauca,16154183,645.1962226018387,652.0,119.44099549500055,125.0,3540.638055266562,3.655033608,0.459,11.777611155530657,D,2438.8444778808002,2449.0,forest,granitic,0.0,A,A,10.299912452697754,-0.0057349856942892075,4803.57,0.2973576565277241
460,Río Chicamoque,509.0,Cauca,137522850,789.2176410912374,727.0,137.06094077441404,101.0,3110.170139000264,4.19862654,0.219,12.285743119403977,A,1894.4,1924.0,forest,granitic,0.0,B,A,10.418220520019531,-0.00315964687615633,57877.53,0.42085755203589803
461,Río Bajirá,512.0,Atrato,45731891,49.07847703572898,47.06705093383789,10.92783285157235,9.0,4313.336367009424,0.0,0.196,1.8136759923868928,A,3300.0,3300.0,grass,sediment,0.0,B,C,12.619905471801758,-6.181322532938793e-05,15589.029999999999,0.34087875351579056
462,Quebrada Santa Barbara,517.0,Cauca,16756646,952.9847111760567,932.0,338.3637902756468,347.0,4339.199401088018,18.21572746,0.413,21.871339453340248,B,3638.878533131037,3618.5,grass,granitic,40.0,A,B,9.432845115661621,2.2395895484805806e-06,4549.7300000000005,0.27151793980728606
463,Río Mutatá,519.0,Atrato,156680897,1136.9588278346655,1104.0,413.3485000311373,391.0,4302.558763446832,15.91541835,0.423,24.947573555242577,C,3320.8571428571427,3363.0,forest,volcanic,6.0,D,B,9.33908748626709,1.9298056486150017e-06,58470.130000000005,0.3731796991180106
464,Río Pavarandó,522.0,Atrato,331180231,135.12560942629665,73.00962829589844,65.05190839694656,28.0,4361.1335771711865,2.614961651,0.143,6.618755423588287,A,3350.076923076923,3352.0,grass,sediment,4.0,B,C,11.540250778198242,-0.0004034048179164529,132380.88,0.3997245838022258
465,Río Tasidó,525.0,Atrato,110866187,1453.778184555945,1418.0,432.9912935621974,420.0,3651.870825991892,17.03436111,0.439,25.564907894675112,C,2282.5,2196.5,forest,volcanic,4.0,D,B,9.35304069519043,-3.854561327898409e-06,41377.66,0.37322163880318177
466,Río Puna,530.0,Cauca,163942696,623.2631441138645,626.0,120.8046878804439,111.0,2910.3189874477644,4.932166006,0.518,12.378346430614114,D,1835.8333333333333,1828.5,grass,granitic,0.0,A,A,10.40883731842041,-0.0027482002042233944,51188.68,0.31223519710814074
467,Río Anorí,531.0,Cauca,174698015,1172.6131650299333,1084.0,222.1602824270439,200.0,3679.085190046326,10.23151526,0.463,16.51902230465141,B,2836.5714285714284,2788.0,forest,granitic,68.0,A,B,9.89006233215332,-3.4581245245135506e-07,65608.31,0.3755526930285956
468,Río Bagre,532.0,Cauca,61149922,513.7720944134018,543.0,183.08018806321013,183.0,2766.90747696403,8.11733087,0.466,16.644332387289374,D,1715.0,1715.0,forest,volcanic,12.0,A,A,9.944390296936035,-0.004943059291690588,21897.71,0.3580987396844104
469,Quebrada Media Luna,533.0,Cauca,178975410,1631.823328649763,1619.0,382.0198093934706,360.0,3515.5331087392747,12.25671829,0.471,21.32077895026139,C,2589.222222222222,2467.0,forest,granitic,67.0,D,B,9.543595314025879,-3.312705530333915e-06,61905.08,0.34588595159524993
470,Río Juntas de Uramíta,538.0,Atrato,176567034,1788.9604673523509,1724.0,470.15796088051513,470.0,2136.3526821326495,18.93106379,0.413,29.525919797338197,B,808.5714285714286,829.0,forest,volcanic,201.0,D,B,9.035873413085938,-1.0255329243591405e-06,57267.88,0.324340726027034
471,Quebrada NN001,539.0,Atrato,15430403,843.1038262706711,854.0,332.67270739845816,346.0,3798.2377921767743,15.55637772,0.537,22.226849138627898,D,2655.628336455649,2681.5,forest,volcanic,3.0,A,B,9.482832908630371,4.665980668505654e-06,4193.06,0.27174014832924326
472,Quebrada La Tolda,541.0,Cauca,291623315,2425.976999192817,2485.0,190.79558813233777,181.0,2594.35720717573,7.563264364,0.637,14.05704247486355,D,1376.909090909091,1419.0,grass,granitic,138.0,C,D,9.920777320861816,5.791868034066283e-07,98554.78,0.33795233416093634
473,Quebrada San Vicente,542.0,Cauca,120220816,1623.2166659057914,1668.0,372.19639744763816,364.0,2884.282443570214,13.63561805,0.578,21.777604906205816,C,1801.0,1825.5,grass,volcanic,44.0,C,B,9.47145938873291,-1.6693628595021437e-06,40108.579999999994,0.33362425355688813
474,Río Chuzá,543.0,Atrato,94662774,1794.4437715423915,1719.0,424.56324674106725,430.0,2077.9474391031563,20.61996823,0.423,29.13830667265926,B,830.0,853.0,forest,volcanic,83.0,D,B,9.023629188537598,4.679655376094161e-06,38960.68,0.4115734026556205
475,Quebrada Guali,544.0,Cauca,209625926,2230.257039529191,2298.0,186.46915138246018,180.0,2590.692836847258,10.56963227,0.575,15.376529290466163,D,1601.7777777777778,1596.0,grass,granitic,213.0,C,D,9.807417869567871,2.65461630988284e-06,81749.15,0.3899763333663222
476,Quebrada La Cancana,545.0,Cauca,62870326,1344.1484039714014,1306.0,316.47462821472453,316.0,2947.705558461416,10.93601206,0.37,19.332723923718884,A,2008.3333333333333,1993.0,forest,granitic,2.0,A,A,9.669280052185059,1.644434746594925e-06,16282.8,0.25899022696335305
477,Río Tenche,546.0,Cauca,86822139,2258.1763622599865,2198.0,175.78379290249364,167.0,2696.5355745955408,9.57860055,0.401,14.707328592024874,A,1783.6666666666667,1828.0,forest,granitic,67.0,C,D,10.129898071289062,6.495760317193344e-06,30706.26,0.3536685499075299
478,Quebrada del Medio,548.0,Cauca,38991049,2666.227220013457,2682.0,98.16658698176353,94.0,2131.9266011086675,3.978102037,0.553,12.316889769086258,D,878.6496656699694,879.5,grass,granitic,0.0,C,D,10.03853702545166,-2.0620674945348583e-07,13513.84,0.3465882643988368
479,Quebrada Cardona,549.0,Cauca,140557868,2710.7955262454807,2713.0,84.68122698301401,81.0,2186.141367568939,3.452970297,0.471,11.402725383485421,D,949.8,965.0,grass,granitic,4.0,C,D,10.191754341125488,4.882245434600918e-07,49023.42,0.34877748714856716
480,Quebrada Chuscal,550.0,Atrato,229862678,1679.0024841653733,1669.0,403.49901895654057,394.0,2763.5611099465873,16.75919539,0.384,25.573439837995263,B,1400.125,1394.5,forest,volcanic,34.0,D,B,9.250815391540527,5.602796022685652e-07,83532.36,0.3634011433556865
481,Río Cañas Gordas,551.0,Atrato,135680309,1882.302421408185,1877.0,422.6551040309966,419.0,2078.390459690378,18.36086585,0.428,27.657334082030268,C,883.4,880.0,forest,volcanic,71.0,D,B,9.090174674987793,-3.6001829357701354e-06,38728.2,0.28543714475178555
482,Quebrada El Atajo,553.0,Cauca,52935162,2607.9957173907883,2598.0,94.58104662864811,91.0,2111.0199281217997,2.571043678,0.394,11.22806805501599,B,848.6666666666666,895.0,grass,granitic,4.0,C,D,10.091843605041504,-4.2205579120491166e-06,15592.53,0.2945590305362625
483,Quebrada La Leona,554.0,Cauca,18496277,1199.3607737526895,1159.0,226.29131249099552,221.0,3474.905191267997,13.31057607,0.299,17.947104769904612,A,2940.0,2940.0,forest,granitic,0.0,A,A,9.723901748657227,7.651431587873958e-06,3525.79,0.19062160455317576
484,Quebrada Hojas Anchas,559.0,Cauca,17082560,1384.468913720776,1362.0,301.74694471891416,310.0,3333.501863444878,15.34948232,0.414,20.63056395636431,B,2536.3141354450013,2530.5,forest,granitic,0.0,A,A,9.418779373168945,-2.0945692085660994e-05,3949.59,0.23120597849502653
485,Río Herradura,560.0,Atrato,335441021,2292.3317581035794,2306.0,366.3519776300215,346.0,2258.0159070956197,18.27358185,0.506,25.74009887332391,C,1055.3333333333333,1084.0,forest,volcanic,139.0,D,B,9.1963472366333,-4.600619547545648e-07,127612.39,0.38043167654202914
486,Quebrada San Pedro,564.0,Magdalena,81789451,1938.39229123966,1948.0,184.46627718837212,163.0,3093.064339969355,11.20834406,0.448,17.11791474483835,D,2061.0,2061.0,grass,granitic,12.0,C,D,9.722558975219727,3.3799251468735747e-06,27289.34,0.333653541701851
487,Río Concepción,567.0,Magdalena,119588758,2084.357943969012,2083.0,223.4387951467059,224.0,2788.429277845168,11.49000379,0.495,17.50637613198294,C,1796.6,1831.0,grass,granitic,3.0,C,D,9.636260986328125,2.313569666512194e-06,39571.37,0.33089540071985696
488,Quebrada Ana,569.0,Atrato,53757764,2491.1364198976626,2480.0,321.2304512459282,319.0,1981.3013157630567,22.6864369,0.375,26.17136167307885,B,746.3333333333334,769.0,forest,volcanic,41.0,D,B,9.128865242004395,3.4383203910692828e-06,13528.130000000001,0.25164978960062406
489,Río Nendó,572.0,Atrato,141006728,1265.6466298210084,1143.0,236.61163916447111,191.0,3273.875881400902,9.044557961,0.329,16.1278115992963,A,1972.0,1904.0,forest,granitic,3.0,A,C,9.893792152404785,7.211491265479708e-06,54497.44,0.38648822487392237
490,Quebrada El Guamal (Piedra Gorda),573.0,Magdalena,92570650,2164.3428981296365,2181.025634765625,140.05200552984775,134.0,2434.569662581384,7.567665418,0.452,15.003817718906994,C,1481.0,1597.0,grass,granitic,55.0,C,D,9.864521980285645,6.5653116507746745e-06,32902.159999999996,0.35542755722251057
491,Quebrada La Compañia,576.0,Magdalena,47761979,2219.24984286051,2209.0,104.82114547281456,97.0,2172.655682935689,5.322101736,0.37,13.37135752900906,B,1025.0,1025.0,grass,granitic,11.0,C,D,9.94918155670166,5.2021255214640405e-06,16066.23,0.33638116209548186
492,Río Orobugo,577.0,Atrato,98863627,2051.4564110966053,2073.0,387.2134855704396,387.0,2668.367527959447,20.14580767,0.441,26.609852399164716,C,1339.0,1349.0,forest,volcanic,34.0,D,B,9.14855670928955,-3.3821354463725584e-06,35318.67,0.3572463510771256
493,Quebrada Manzanares,579.0,Atrato,38440390,2319.9173987292033,2308.0,327.0172310111944,315.0,2196.360950474085,21.28941256,0.284,25.641713576898653,B,951.5632252961631,987.0,forest,volcanic,45.0,D,B,9.16650104522705,-5.284371127345366e-06,11212.99,0.29169813313548587
494,Quebrada La Mosca,580.0,Magdalena,154922486,2272.433544276421,2219.0,131.26448599739513,99.0,1907.7847733001227,2.7388896,0.25,12.21982044999803,A,683.4444444444445,718.0,grass,granitic,30.0,B,D,10.149165153503418,-9.900836772658295e-08,50223.69,0.32418592869727125
495,Quebrada Aguas Chiquitas,584.0,Atrato,16351494,2231.9253359776344,2223.0,319.88362865528865,305.0,2877.559175598698,23.06458689,0.404,25.88038984429977,B,1705.8256085249532,1721.0,forest,volcanic,0.0,D,B,9.1377534866333,4.984419319953304e-06,3438.76,0.21030249590649025
496,Río Curazamba,586.0,Atrato,161476428,1343.9902333996486,1312.0,372.6020181223645,336.0,3704.417162168219,15.4001049,0.34,23.442364186503706,A,2760.8,2405.0,forest,granitic,14.0,D,C,9.482487678527832,-5.985105872241547e-06,60292.26,0.3733811847757742
497,Quebrada Cimarrona,587.0,Magdalena,55736093,2243.628114436514,2181.0,119.5341510878581,61.0,2467.678451618437,3.465405075,0.203,11.424604270496745,A,1432.623682703964,1311.0,grass,granitic,3.0,B,D,10.381752967834473,1.8692664980335394e-06,22156.27,0.3975210461917379
498,Río Pabón,588.0,Atrato,59826163,2555.4847215831833,2528.0,366.59397803439,351.0,2974.367590087651,20.85186285,0.404,26.458871227053663,B,1924.5,1924.5,forest,volcanic,43.0,D,B,9.1117582321167,4.363513198768487e-06,18803.05,0.31429476765875825
499,Río Medellín,590.0,Cauca,159932677,2093.727977170122,2041.0,292.21284365932564,270.0,2321.6188373747327,12.52631679,0.342,19.914858599817567,B,1110.0,1089.5,forest,granitic,134.0,C,D,9.587827682495117,1.3525642827971751e-08,52414.08,0.3277258968159459
500,Río Pereira,591.0,Magdalena,144076048,2240.1914042404987,2187.0,117.29063969490144,68.0,2415.844983054083,3.084023779,0.181,11.02381604042999,A,1304.6666666666667,1298.5,grass,granitic,5.0,B,D,10.427041053771973,-1.8614454120324808e-06,49878.43,0.3461951566022966
501,Río Negro,592.0,Magdalena,299681875,2372.5986761715367,2338.056396484375,163.9358445673328,146.0,2208.558635951563,5.606694737,0.253,13.436432723189961,A,984.9166666666666,967.5,grass,granitic,66.0,C,D,10.127169609069824,6.995595072112337e-07,106432.36,0.35515114152299
502,Rio Toro,595.0,Atrato,15579607,2192.7536733876705,2151.0,524.9559705328079,524.0,4042.4190769675806,20.16217777,0.403,29.40380137211309,B,2888.751429470356,2925.5,forest,volcanic,8.0,D,B,9.080106735229492,1.4679405467177276e-05,4673.94,0.30000371639669726
503,Río Santo Domingo,596.0,Magdalena,209433168,1791.7262120606997,1881.0,469.3979184978536,450.0,3659.2199425450494,16.22317166,0.478,25.962873902181556,C,2957.375,2595.0,forest,granitic,30.0,D,B,9.267291069030762,4.036689460917842e-06,64354.37,0.3072787878565634
504,Quebrada La Hermosa,597.0,Magdalena,18110634,640.0717048549163,616.0,271.71836033382425,287.0,3908.93481039359,13.37296411,0.339,18.704270903438783,A,3107.506818851333,3125.0,forest,granitic,6.0,A,A,10.0220308303833,1.4549853403877933e-05,4880.67,0.269491946002553
505,Quebrada Negra,598.0,Magdalena,15903348,567.5030881177455,519.0,208.09732332848023,194.0,3834.7956303301703,13.2781939,0.242,17.017419663407395,A,2927.6218370063993,3080.0,forest,granitic,11.0,B,A,10.265401840209961,-2.6819645427167416e-05,5739.72,0.3609126832915937
506,Río Aures,599.0,Cauca,238673775,2324.0908576908237,2373.0,379.070288885493,334.0,2596.504953460931,11.13247716,0.595,20.636266532327856,D,1513.6,1449.0,grass,granitic,21.0,C,B,9.51008129119873,1.692285991339304e-06,67558.53,0.2830580360158966
507,Río Sonsón,603.0,Cauca,86862842,2429.7438880699765,2540.0,367.2424177242418,287.0,2635.3088123614266,8.491189288,0.623,19.6183321672079,D,1596.6666666666667,1687.0,grass,granitic,3.0,C,B,9.624517440795898,-2.3141666360970703e-08,19401.57,0.22335868310640813
508,Quebrada Seca,608.0,Cauca,27363705,1235.376638436105,1182.0,370.9319829632279,362.0,2573.450433230946,15.50616497,0.371,24.91275562978034,B,1496.254526820674,1395.5,grass,volcanic,26.0,D,B,9.253822326660156,1.3120740732119884e-05,7397.35,0.27033437175265557
509,Río Sirgua,609.0,Cauca,57905154,2359.814793618708,2447.0,445.98976738469105,431.0,2726.0255965584984,13.77450749,0.578,23.730046413622695,D,1689.5,1689.5,grass,granitic,12.0,D,B,9.385787963867188,-8.45622707856819e-06,17265.02,0.29816033301629763
510,Quebrada Las Palmas,610.0,Cauca,37056680,2700.0715132855034,2697.0,417.3461750930707,415.0,2755.6933850276823,19.7958382,0.502,26.432390242920306,C,1852.6729508118171,1909.0,forest,granitic,17.0,D,B,9.120963096618652,-2.9913028356531868e-06,8539.03,0.23043159829752694
511,Quebrada La Chorrera(Quebrada Santa Rita),611.0,Cauca,34064495,2468.028381748289,2481.0,326.22792811618433,299.0,2241.901876996308,15.36477463,0.683,21.43049155729237,D,1037.6528708831252,1050.0,grass,granitic,25.0,C,B,9.35282039642334,-2.183659489674028e-06,9444.11,0.27724203749387744
512,Quebrada San Antonio,612.0,Magdalena,49790453,232.65298439112254,226.0,52.21062035448828,50.0,3205.690427603052,1.40699344,0.208,8.204745245239863,A,2268.0,2373.0,forest,sediment,5.0,B,A,11.073087692260742,-0.001845535822212696,17004.7,0.3415253120914566
513,Río San Pedro,613.0,Cauca,31379459,2792.464819565157,2790.0,377.9784693067061,362.0,2788.9899508031235,16.83935223,0.485,23.57503765593293,C,1933.6072457709272,1893.5,forest,granitic,9.0,C,B,9.258816719055176,-6.211686468304833e-06,9183.34,0.2926545036993786
514,Río Tarcará,614.0,Cauca,40596261,2760.5931191595832,2740.0,259.95306985817933,261.0,2229.0910941005545,15.9987891,0.506,18.42085274674675,C,1180.0,1180.0,forest,granitic,0.0,C,B,9.558592796325684,1.096415871870704e-05,11961.24,0.2946389570211897
515,Río Pontoná,616.0,Magdalena,196637339,351.26953661720626,280.0,101.0319740731185,79.0,3567.9901288042006,2.19358549,0.232,8.882911983581389,A,2672.0,2612.5,forest,sediment,6.0,B,A,10.892608642578125,1.2285689763302798e-06,79971.51,0.4066954445513524
516,Río San Félix,621.0,Cauca,210477498,3061.361785144925,3023.0,299.03915939026194,293.0,2191.920827112817,16.20894036,0.488,21.562303477804203,D,1230.7777777777778,1159.0,forest,granitic,53.0,C,B,9.363808631896973,-6.189887358232227e-07,73341.27,0.34845183307908767
517,Quebrada Casanguilla,622.0,Magdalena,16567391,476.0968891499755,413.0,115.05565693430657,108.0,3164.88721836459,2.235078737,0.237,8.263008921053931,A,2259.889324683475,2338.0,grass,sediment,1.0,B,A,10.677590370178223,-8.697323210071772e-06,5910.69,0.3567664938915246
518,Río Risaralda,624.0,Cauca,174785362,2324.9767327495197,2346.0,319.1315524142216,309.0,2456.933140887509,13.64184634,0.49,19.90059197189926,C,1329.4285714285713,1325.0,forest,volcanic,19.0,C,B,9.546724319458008,-5.9169665291847195e-06,54849.64,0.31381140487039183
519,Quebrada Cauyá,627.0,Cauca,16252941,1735.908851258693,1751.0,264.87510960105215,251.0,1801.1996219931423,11.20489592,0.569,16.22603971256818,D,785.9856754462252,854.0,grass,volcanic,3.0,C,B,9.716704368591309,1.3835821846441831e-05,5453.57,0.33554357946663316
520,Quebrada Tamaspía,633.0,Cauca,15684454,1346.173446454516,1290.0,239.75090826521344,191.0,2153.2315212397966,12.05743708,0.354,16.47896452545715,B,1068.1468587912448,1051.0,grass,volcanic,1.0,A,B,9.724963188171387,2.5156941774184816e-05,4337.56,0.2765515458810361
521,Quebrada Changui,634.0,Cauca,17032489,1306.9846309537004,1272.0,242.33331589958158,244.0,2250.857261589203,10.3981132,0.373,16.730580377122827,B,1151.8208236280625,1165.0,grass,volcanic,7.0,A,B,9.811724662780762,2.8172924430691637e-05,6151.379999999999,0.361155671376039
522,Río Perrillo,636.0,Magdalena,160115721,2847.6200918834907,2780.0,431.42351671820427,417.0,1948.1962273187614,13.11944991,0.52,26.855813870055027,C,1015.0,1063.0,forest,sediment,138.0,D,B,9.148508071899414,-0.03184320032596588,47706.14,0.29794788233192915
523,Quebrada Colorada,638.0,Cauca,15291347,784.8870301430704,772.0,159.36333527019175,152.0,3205.1259697697565,12.04162555,0.407,14.709435250086454,B,1953.2069002434914,1934.0,forest,granitic,0.0,A,A,10.060879707336426,1.3851849871571176e-05,8630.46,0.564401553375252
524,Río Encarnación,642.0,Atrato,216936174,2474.4745578368147,2468.0,385.56043798549604,351.0,2406.5347405664547,17.7587619,0.439,25.6750079826722,C,1272.0,1317.0,forest,volcanic,18.0,D,B,9.214266777038574,-9.800542102311738e-07,75401.87,0.3475762875766399
525,Río Guadalupe,648.0,Cauca,464103351,2162.844316998494,2204.0,185.4792800447006,133.0,2879.7293295043987,7.637781446,0.667,15.51618775461077,D,1964.6315789473683,2030.0,grass,granitic,166.0,C,D,9.866473197937012,-5.64304036743124e-06,156957.88,0.3381959635969101
526,Quebrada La Paja,651.0,Cauca,329202581,2634.9281957088983,2594.0,197.55179466699767,170.0,1618.7776324061767,6.957987588,0.336,14.381317377475028,B,417.0,391.0,forest,granitic,46.0,C,D,9.954724311828613,9.452696190237475e-07,103138.78,0.3132988194889031
